2025-02-24 19:27:48,999 - DEBUG - System temp directories: ['C:\\Users\\Home\\AppData\\Local\\Temp', 'C:\\Users\\Home\\AppData\\Local\\Temp', 'C:\\Users\\Home\\AppData\\Local\\Temp', 'C:\\Users\\Home\\AppData\\Local\\Temp', 'C:\\WINDOWS\\Temp', 'C:\\Users\\Home\\AppData\\Local\\Temp', 'C:\\ProgramData\\Temp']
2025-02-24 19:27:49,000 - ERROR - Error getting file info for C:\Users\Home\AppData\Local\Temp\0725ab41-f5cb-482b-9fcc-58ae11a29ecd.tmp: 'TempFileFinder' object has no attribute 'get_file_age'
2025-02-24 19:27:49,001 - ERROR - Error getting file info for C:\Users\Home\AppData\Local\Temp\0975e696-b47f-47ed-bb2f-469bc8d152d7.tmp: 'TempFileFinder' object has no attribute 'get_file_age'
2025-02-24 19:27:49,002 - ERROR - Error getting file info for C:\Users\Home\AppData\Local\Temp\1654b2d5-6375-4038-8b95-bbd5b4dae37b.tmp: 'TempFileFinder' object has no attribute 'get_file_age'
2025-02-24 19:27:49,003 - ERROR - Error getting file info for C:\Users\Home\AppData\Local\Temp\23169c79-d82b-4d3b-8226-d5612e73fd2b.tmp: 'TempFileFinder' object has no attribute 'get_file_age'
2025-02-24 19:27:49,003 - ERROR - Error getting file info for C:\Users\Home\AppData\Local\Temp\58fb78a1-01c4-4eb0-8f9a-b0feb5a76bb0.tmp: 'TempFileFinder' object has no attribute 'get_file_age'
2025-02-24 19:27:49,004 - ERROR - Error getting file info for C:\Users\Home\AppData\Local\Temp\5b7eb955-c0ef-44b7-b600-0444cf582dd9.tmp: 'TempFileFinder' object has no attribute 'get_file_age'
2025-02-24 19:27:49,004 - ERROR - Error getting file info for C:\Users\Home\AppData\Local\Temp\5d51f5a9-e941-4c72-970b-6315e9d350ef.tmp: 'TempFileFinder' object has no attribute 'get_file_age'
2025-02-24 19:27:49,004 - ERROR - Error getting file info for C:\Users\Home\AppData\Local\Temp\6a37c279-a357-4db2-8b2c-ad49b3700433.tmp: 'TempFileFinder' object has no attribute 'get_file_age'
2025-02-24 19:27:49,004 - ERROR - Error getting file info for C:\Users\Home\AppData\Local\Temp\7259614d-900f-42ca-bc44-d1b10ac93bf1.tmp: 'TempFileFinder' object has no attribute 'get_file_age'
2025-02-24 19:27:49,005 - ERROR - Error getting file info for C:\Users\Home\AppData\Local\Temp\7f235138-7519-4707-a0a1-5407b6e6e1ef.tmp: 'TempFileFinder' object has no attribute 'get_file_age'
2025-02-24 19:27:49,005 - ERROR - Error getting file info for C:\Users\Home\AppData\Local\Temp\9cb0d1b6-5e46-46fa-9062-d218c6ecd268.tmp: 'TempFileFinder' object has no attribute 'get_file_age'
2025-02-24 19:27:49,005 - ERROR - Error getting file info for C:\Users\Home\AppData\Local\Temp\9ebb0a72-e18d-4b78-9c83-4f62897f35bc.tmp: 'TempFileFinder' object has no attribute 'get_file_age'
2025-02-24 19:27:49,005 - ERROR - Error getting file info for C:\Users\Home\AppData\Local\Temp\ad37906f-1e53-4c8a-a442-e2f230806ab4.tmp: 'TempFileFinder' object has no attribute 'get_file_age'
2025-02-24 19:27:49,005 - ERROR - Error getting file info for C:\Users\Home\AppData\Local\Temp\ae8cd8ef-14ae-416a-93aa-962ba33bda7b.tmp: 'TempFileFinder' object has no attribute 'get_file_age'
2025-02-24 19:27:49,005 - ERROR - Error getting file info for C:\Users\Home\AppData\Local\Temp\b0ef938c-606f-4fae-953f-9336ed1ca360.tmp: 'TempFileFinder' object has no attribute 'get_file_age'
2025-02-24 19:27:49,006 - ERROR - Error getting file info for C:\Users\Home\AppData\Local\Temp\bde754c8-e0e7-4f1e-bbee-e44c21555aae.tmp: 'TempFileFinder' object has no attribute 'get_file_age'
2025-02-24 19:27:49,006 - ERROR - Error getting file info for C:\Users\Home\AppData\Local\Temp\e2a8f2af-d3f1-4fc8-bd3d-f7c77ee5c506.tmp: 'TempFileFinder' object has no attribute 'get_file_age'
2025-02-24 19:27:49,006 - ERROR - Error getting file info for C:\Users\Home\AppData\Local\Temp\eab6047d-8089-460d-8398-957b624d56e3.tmp: 'TempFileFinder' object has no attribute 'get_file_age'
2025-02-24 19:27:49,007 - ERROR - Error getting file info for C:\Users\Home\AppData\Local\Temp\f3dc15da-0d17-4dbf-839e-873bea6e79a4.tmp: 'TempFileFinder' object has no attribute 'get_file_age'
2025-02-24 19:27:49,007 - ERROR - Error getting file info for C:\Users\Home\AppData\Local\Temp\f95da2cc-d44a-45f6-8094-4fc23256a0a1.tmp: 'TempFileFinder' object has no attribute 'get_file_age'
2025-02-24 19:27:49,010 - ERROR - Error getting file info for C:\Users\Home\AppData\Local\Temp\adobegc.log: 'TempFileFinder' object has no attribute 'get_file_age'
2025-02-24 19:27:49,010 - ERROR - Error getting file info for C:\Users\Home\AppData\Local\Temp\StructuredQuery.log: 'TempFileFinder' object has no attribute 'get_file_age'
2025-02-24 19:27:49,037 - ERROR - Error getting file info for C:\Users\Home\AppData\Local\Temp\Adobe\com.adobe.dunamis\dunamis-2025-02-24_15-38-07.log: 'TempFileFinder' object has no attribute 'get_file_age'
2025-02-24 19:27:49,037 - ERROR - Error getting file info for C:\Users\Home\AppData\Local\Temp\Adobe\com.adobe.dunamis\dunamis-2025-02-24_15-38-15.log: 'TempFileFinder' object has no attribute 'get_file_age'
2025-02-24 19:27:49,037 - ERROR - Error getting file info for C:\Users\Home\AppData\Local\Temp\Adobe\com.adobe.dunamis\dunamis-2025-02-24_15-38-27.log: 'TempFileFinder' object has no attribute 'get_file_age'
2025-02-24 19:27:49,037 - ERROR - Error getting file info for C:\Users\Home\AppData\Local\Temp\AdobeVulcan\AdobeIPCBroker.log: 'TempFileFinder' object has no attribute 'get_file_age'
2025-02-24 19:27:49,095 - ERROR - Error getting file info for C:\Users\Home\AppData\Local\Temp\CreativeCloud\ACC\ACC.log: 'TempFileFinder' object has no attribute 'get_file_age'
2025-02-24 19:27:49,096 - ERROR - Error getting file info for C:\Users\Home\AppData\Local\Temp\CreativeCloud\ACC\CEF.log: 'TempFileFinder' object has no attribute 'get_file_age'
2025-02-24 19:27:49,097 - ERROR - Error getting file info for C:\Users\Home\AppData\Local\Temp\CreativeCloud\ACC\AdobeDownload\DLM.log: 'TempFileFinder' object has no attribute 'get_file_age'
2025-02-24 19:27:49,097 - ERROR - Error getting file info for C:\Users\Home\AppData\Local\Temp\CreativeCloud\ACPLocalLogs\creative_cloud_cloud_docs_v5_3 6.5.0.348\ACPL__2025-02-24_15-38-56.401616Z_00.log: 'TempFileFinder' object has no attribute 'get_file_age'
2025-02-24 19:27:49,097 - ERROR - Error getting file info for C:\Users\Home\AppData\Local\Temp\CreativeCloud\CCX Welcome\CCX Process.log: 'TempFileFinder' object has no attribute 'get_file_age'
2025-02-24 19:27:49,113 - ERROR - Error getting file info for C:\Users\Home\AppData\Local\Temp\CreativeCloud\CoreSync\CoreSync-2025-02-24.log: 'TempFileFinder' object has no attribute 'get_file_age'
2025-02-24 19:27:49,134 - ERROR - Error getting file info for C:\Users\Home\AppData\Local\Temp\is-P0VJ5.tmp\CodeSetup-stable-0.46.3.tmp: 'TempFileFinder' object has no attribute 'get_file_age'
2025-02-24 19:27:49,136 - ERROR - Error getting file info for C:\Users\Home\AppData\Local\Temp\NGL\NGLClient_CCXProcess16.3 2025-02-24 19-10-48-805.log: 'TempFileFinder' object has no attribute 'get_file_age'
2025-02-24 19:27:49,136 - ERROR - Error getting file info for C:\Users\Home\AppData\Local\Temp\NGL\NGLClient_CCXProcess16.3.log: 'TempFileFinder' object has no attribute 'get_file_age'
2025-02-24 19:27:49,136 - ERROR - Error getting file info for C:\Users\Home\AppData\Local\Temp\NGL\NGLClient_CoreSync17.4.0.31.log: 'TempFileFinder' object has no attribute 'get_file_age'
2025-02-24 19:27:49,136 - ERROR - Error getting file info for C:\Users\Home\AppData\Local\Temp\NGL\NGLClient_CreativeCloud26.5.0.348 2025-02-24 18-56-01-283.log: 'TempFileFinder' object has no attribute 'get_file_age'
2025-02-24 19:27:49,136 - ERROR - Error getting file info for C:\Users\Home\AppData\Local\Temp\NGL\NGLClient_CreativeCloud26.5.0.348.log: 'TempFileFinder' object has no attribute 'get_file_age'
2025-02-24 19:27:49,136 - ERROR - Error getting file info for C:\Users\Home\AppData\Local\Temp\NGL\NGLClient_default.log: 'TempFileFinder' object has no attribute 'get_file_age'
2025-02-24 19:27:49,179 - ERROR - Error getting file info for C:\WINDOWS\Temp\adobegc.log: 'TempFileFinder' object has no attribute 'get_file_age'
2025-02-24 19:27:49,179 - ERROR - Error getting file info for C:\WINDOWS\Temp\dd_VSIXInstaller_20250218033505_0f38.log: 'TempFileFinder' object has no attribute 'get_file_age'
2025-02-24 19:27:49,179 - ERROR - Error getting file info for C:\WINDOWS\Temp\dd_VSIXInstaller_20250219033506_3eac.log: 'TempFileFinder' object has no attribute 'get_file_age'
2025-02-24 19:27:49,179 - ERROR - Error getting file info for C:\WINDOWS\Temp\dd_VSIXInstaller_20250220033506_0c88.log: 'TempFileFinder' object has no attribute 'get_file_age'
2025-02-24 19:27:49,179 - ERROR - Error getting file info for C:\WINDOWS\Temp\dd_VSIXInstaller_20250221033506_1f8c.log: 'TempFileFinder' object has no attribute 'get_file_age'
2025-02-24 19:27:49,179 - ERROR - Error getting file info for C:\WINDOWS\Temp\dd_VSIXInstaller_20250222033506_1058.log: 'TempFileFinder' object has no attribute 'get_file_age'
2025-02-24 19:27:49,179 - ERROR - Error getting file info for C:\WINDOWS\Temp\dd_VSIXInstaller_20250223110219_1cf4.log: 'TempFileFinder' object has no attribute 'get_file_age'
2025-02-24 19:27:49,179 - ERROR - Error getting file info for C:\WINDOWS\Temp\dd_VSIXInstaller_20250224033506_1ff0.log: 'TempFileFinder' object has no attribute 'get_file_age'
2025-02-24 19:27:49,179 - ERROR - Error getting file info for C:\WINDOWS\Temp\GoogleDFSSetup_250220155759_17720.log: 'TempFileFinder' object has no attribute 'get_file_age'
2025-02-24 19:27:49,179 - ERROR - Error getting file info for C:\WINDOWS\Temp\MpCmdRun.log: 'TempFileFinder' object has no attribute 'get_file_age'
2025-02-24 19:27:49,179 - ERROR - Error getting file info for C:\WINDOWS\Temp\MpSigStub.log: 'TempFileFinder' object has no attribute 'get_file_age'
2025-02-24 19:27:49,194 - ERROR - Error getting file info for C:\WINDOWS\Temp\CreativeCloud\ACC\ACC.log: 'TempFileFinder' object has no attribute 'get_file_age'
2025-02-24 19:27:49,214 - DEBUG - findfont: Matching sans\-serif:style=normal:variant=normal:weight=normal:stretch=normal:size=10.0.
2025-02-24 19:27:49,214 - DEBUG - findfont: score(FontEntry(fname='C:\\Users\\Home\\AppData\\Local\\Programs\\Python\\Python310\\lib\\site-packages\\matplotlib\\mpl-data\\fonts\\ttf\\STIXSizOneSymBol.ttf', name='STIXSizeOneSym', style='normal', variant='normal', weight=700, stretch='normal', size='scalable')) = 10.335
2025-02-24 19:27:49,214 - DEBUG - findfont: score(FontEntry(fname='C:\\Users\\Home\\AppData\\Local\\Programs\\Python\\Python310\\lib\\site-packages\\matplotlib\\mpl-data\\fonts\\ttf\\cmsy10.ttf', name='cmsy10', style='normal', variant='normal', weight=400, stretch='normal', size='scalable')) = 10.05
2025-02-24 19:27:49,214 - DEBUG - findfont: score(FontEntry(fname='C:\\Users\\Home\\AppData\\Local\\Programs\\Python\\Python310\\lib\\site-packages\\matplotlib\\mpl-data\\fonts\\ttf\\STIXGeneralItalic.ttf', name='STIXGeneral', style='italic', variant='normal', weight=400, stretch='normal', size='scalable')) = 11.05
2025-02-24 19:27:49,214 - DEBUG - findfont: score(FontEntry(fname='C:\\Users\\Home\\AppData\\Local\\Programs\\Python\\Python310\\lib\\site-packages\\matplotlib\\mpl-data\\fonts\\ttf\\STIXNonUniBolIta.ttf', name='STIXNonUnicode', style='italic', variant='normal', weight=700, stretch='normal', size='scalable')) = 11.335
2025-02-24 19:27:49,214 - DEBUG - findfont: score(FontEntry(fname='C:\\Users\\Home\\AppData\\Local\\Programs\\Python\\Python310\\lib\\site-packages\\matplotlib\\mpl-data\\fonts\\ttf\\DejaVuSans-BoldOblique.ttf', name='DejaVu Sans', style='oblique', variant='normal', weight=700, stretch='normal', size='scalable')) = 1.335
2025-02-24 19:27:49,214 - DEBUG - findfont: score(FontEntry(fname='C:\\Users\\Home\\AppData\\Local\\Programs\\Python\\Python310\\lib\\site-packages\\matplotlib\\mpl-data\\fonts\\ttf\\DejaVuSans-Oblique.ttf', name='DejaVu Sans', style='oblique', variant='normal', weight=400, stretch='normal', size='scalable')) = 1.05
2025-02-24 19:27:49,214 - DEBUG - findfont: score(FontEntry(fname='C:\\Users\\Home\\AppData\\Local\\Programs\\Python\\Python310\\lib\\site-packages\\matplotlib\\mpl-data\\fonts\\ttf\\DejaVuSerif.ttf', name='DejaVu Serif', style='normal', variant='normal', weight=400, stretch='normal', size='scalable')) = 10.05
2025-02-24 19:27:49,214 - DEBUG - findfont: score(FontEntry(fname='C:\\Users\\Home\\AppData\\Local\\Programs\\Python\\Python310\\lib\\site-packages\\matplotlib\\mpl-data\\fonts\\ttf\\STIXNonUni.ttf', name='STIXNonUnicode', style='normal', variant='normal', weight=400, stretch='normal', size='scalable')) = 10.05
2025-02-24 19:27:49,214 - DEBUG - findfont: score(FontEntry(fname='C:\\Users\\Home\\AppData\\Local\\Programs\\Python\\Python310\\lib\\site-packages\\matplotlib\\mpl-data\\fonts\\ttf\\STIXGeneralBolIta.ttf', name='STIXGeneral', style='italic', variant='normal', weight=700, stretch='normal', size='scalable')) = 11.335
2025-02-24 19:27:49,214 - DEBUG - findfont: score(FontEntry(fname='C:\\Users\\Home\\AppData\\Local\\Programs\\Python\\Python310\\lib\\site-packages\\matplotlib\\mpl-data\\fonts\\ttf\\STIXSizFiveSymReg.ttf', name='STIXSizeFiveSym', style='normal', variant='normal', weight=400, stretch='normal', size='scalable')) = 10.05
2025-02-24 19:27:49,214 - DEBUG - findfont: score(FontEntry(fname='C:\\Users\\Home\\AppData\\Local\\Programs\\Python\\Python310\\lib\\site-packages\\matplotlib\\mpl-data\\fonts\\ttf\\cmr10.ttf', name='cmr10', style='normal', variant='normal', weight=400, stretch='normal', size='scalable')) = 10.05
2025-02-24 19:27:49,214 - DEBUG - findfont: score(FontEntry(fname='C:\\Users\\Home\\AppData\\Local\\Programs\\Python\\Python310\\lib\\site-packages\\matplotlib\\mpl-data\\fonts\\ttf\\DejaVuSansMono-Bold.ttf', name='DejaVu Sans Mono', style='normal', variant='normal', weight=700, stretch='normal', size='scalable')) = 10.335
2025-02-24 19:27:49,214 - DEBUG - findfont: score(FontEntry(fname='C:\\Users\\Home\\AppData\\Local\\Programs\\Python\\Python310\\lib\\site-packages\\matplotlib\\mpl-data\\fonts\\ttf\\STIXNonUniIta.ttf', name='STIXNonUnicode', style='italic', variant='normal', weight=400, stretch='normal', size='scalable')) = 11.05
2025-02-24 19:27:49,214 - DEBUG - findfont: score(FontEntry(fname='C:\\Users\\Home\\AppData\\Local\\Programs\\Python\\Python310\\lib\\site-packages\\matplotlib\\mpl-data\\fonts\\ttf\\DejaVuSans-Bold.ttf', name='DejaVu Sans', style='normal', variant='normal', weight=700, stretch='normal', size='scalable')) = 0.33499999999999996
2025-02-24 19:27:49,214 - DEBUG - findfont: score(FontEntry(fname='C:\\Users\\Home\\AppData\\Local\\Programs\\Python\\Python310\\lib\\site-packages\\matplotlib\\mpl-data\\fonts\\ttf\\DejaVuSerif-Italic.ttf', name='DejaVu Serif', style='italic', variant='normal', weight=400, stretch='normal', size='scalable')) = 11.05
2025-02-24 19:27:49,214 - DEBUG - findfont: score(FontEntry(fname='C:\\Users\\Home\\AppData\\Local\\Programs\\Python\\Python310\\lib\\site-packages\\matplotlib\\mpl-data\\fonts\\ttf\\cmss10.ttf', name='cmss10', style='normal', variant='normal', weight=400, stretch='normal', size='scalable')) = 10.05
2025-02-24 19:27:49,214 - DEBUG - findfont: score(FontEntry(fname='C:\\Users\\Home\\AppData\\Local\\Programs\\Python\\Python310\\lib\\site-packages\\matplotlib\\mpl-data\\fonts\\ttf\\DejaVuSansMono-BoldOblique.ttf', name='DejaVu Sans Mono', style='oblique', variant='normal', weight=700, stretch='normal', size='scalable')) = 11.335
2025-02-24 19:27:49,214 - DEBUG - findfont: score(FontEntry(fname='C:\\Users\\Home\\AppData\\Local\\Programs\\Python\\Python310\\lib\\site-packages\\matplotlib\\mpl-data\\fonts\\ttf\\DejaVuSansDisplay.ttf', name='DejaVu Sans Display', style='normal', variant='normal', weight=400, stretch='normal', size='scalable')) = 10.05
2025-02-24 19:27:49,214 - DEBUG - findfont: score(FontEntry(fname='C:\\Users\\Home\\AppData\\Local\\Programs\\Python\\Python310\\lib\\site-packages\\matplotlib\\mpl-data\\fonts\\ttf\\STIXSizTwoSymBol.ttf', name='STIXSizeTwoSym', style='normal', variant='normal', weight=700, stretch='normal', size='scalable')) = 10.335
2025-02-24 19:27:49,214 - DEBUG - findfont: score(FontEntry(fname='C:\\Users\\Home\\AppData\\Local\\Programs\\Python\\Python310\\lib\\site-packages\\matplotlib\\mpl-data\\fonts\\ttf\\STIXSizThreeSymReg.ttf', name='STIXSizeThreeSym', style='normal', variant='normal', weight=400, stretch='normal', size='scalable')) = 10.05
2025-02-24 19:27:49,214 - DEBUG - findfont: score(FontEntry(fname='C:\\Users\\Home\\AppData\\Local\\Programs\\Python\\Python310\\lib\\site-packages\\matplotlib\\mpl-data\\fonts\\ttf\\DejaVuSerif-BoldItalic.ttf', name='DejaVu Serif', style='italic', variant='normal', weight=700, stretch='normal', size='scalable')) = 11.335
2025-02-24 19:27:49,214 - DEBUG - findfont: score(FontEntry(fname='C:\\Users\\Home\\AppData\\Local\\Programs\\Python\\Python310\\lib\\site-packages\\matplotlib\\mpl-data\\fonts\\ttf\\STIXSizFourSymReg.ttf', name='STIXSizeFourSym', style='normal', variant='normal', weight=400, stretch='normal', size='scalable')) = 10.05
2025-02-24 19:27:49,214 - DEBUG - findfont: score(FontEntry(fname='C:\\Users\\Home\\AppData\\Local\\Programs\\Python\\Python310\\lib\\site-packages\\matplotlib\\mpl-data\\fonts\\ttf\\STIXSizFourSymBol.ttf', name='STIXSizeFourSym', style='normal', variant='normal', weight=700, stretch='normal', size='scalable')) = 10.335
2025-02-24 19:27:49,214 - DEBUG - findfont: score(FontEntry(fname='C:\\Users\\Home\\AppData\\Local\\Programs\\Python\\Python310\\lib\\site-packages\\matplotlib\\mpl-data\\fonts\\ttf\\DejaVuSans.ttf', name='DejaVu Sans', style='normal', variant='normal', weight=400, stretch='normal', size='scalable')) = 0.05
2025-02-24 19:27:49,214 - DEBUG - findfont: score(FontEntry(fname='C:\\Users\\Home\\AppData\\Local\\Programs\\Python\\Python310\\lib\\site-packages\\matplotlib\\mpl-data\\fonts\\ttf\\cmtt10.ttf', name='cmtt10', style='normal', variant='normal', weight=400, stretch='normal', size='scalable')) = 10.05
2025-02-24 19:27:49,214 - DEBUG - findfont: score(FontEntry(fname='C:\\Users\\Home\\AppData\\Local\\Programs\\Python\\Python310\\lib\\site-packages\\matplotlib\\mpl-data\\fonts\\ttf\\STIXSizTwoSymReg.ttf', name='STIXSizeTwoSym', style='normal', variant='normal', weight=400, stretch='normal', size='scalable')) = 10.05
2025-02-24 19:27:49,214 - DEBUG - findfont: score(FontEntry(fname='C:\\Users\\Home\\AppData\\Local\\Programs\\Python\\Python310\\lib\\site-packages\\matplotlib\\mpl-data\\fonts\\ttf\\STIXSizOneSymReg.ttf', name='STIXSizeOneSym', style='normal', variant='normal', weight=400, stretch='normal', size='scalable')) = 10.05
2025-02-24 19:27:49,214 - DEBUG - findfont: score(FontEntry(fname='C:\\Users\\Home\\AppData\\Local\\Programs\\Python\\Python310\\lib\\site-packages\\matplotlib\\mpl-data\\fonts\\ttf\\STIXGeneralBol.ttf', name='STIXGeneral', style='normal', variant='normal', weight=700, stretch='normal', size='scalable')) = 10.335
2025-02-24 19:27:49,214 - DEBUG - findfont: score(FontEntry(fname='C:\\Users\\Home\\AppData\\Local\\Programs\\Python\\Python310\\lib\\site-packages\\matplotlib\\mpl-data\\fonts\\ttf\\cmmi10.ttf', name='cmmi10', style='normal', variant='normal', weight=400, stretch='normal', size='scalable')) = 10.05
2025-02-24 19:27:49,214 - DEBUG - findfont: score(FontEntry(fname='C:\\Users\\Home\\AppData\\Local\\Programs\\Python\\Python310\\lib\\site-packages\\matplotlib\\mpl-data\\fonts\\ttf\\STIXNonUniBol.ttf', name='STIXNonUnicode', style='normal', variant='normal', weight=700, stretch='normal', size='scalable')) = 10.335
2025-02-24 19:27:49,214 - DEBUG - findfont: score(FontEntry(fname='C:\\Users\\Home\\AppData\\Local\\Programs\\Python\\Python310\\lib\\site-packages\\matplotlib\\mpl-data\\fonts\\ttf\\STIXGeneral.ttf', name='STIXGeneral', style='normal', variant='normal', weight=400, stretch='normal', size='scalable')) = 10.05
2025-02-24 19:27:49,214 - DEBUG - findfont: score(FontEntry(fname='C:\\Users\\Home\\AppData\\Local\\Programs\\Python\\Python310\\lib\\site-packages\\matplotlib\\mpl-data\\fonts\\ttf\\STIXSizThreeSymBol.ttf', name='STIXSizeThreeSym', style='normal', variant='normal', weight=700, stretch='normal', size='scalable')) = 10.335
2025-02-24 19:27:49,214 - DEBUG - findfont: score(FontEntry(fname='C:\\Users\\Home\\AppData\\Local\\Programs\\Python\\Python310\\lib\\site-packages\\matplotlib\\mpl-data\\fonts\\ttf\\DejaVuSansMono-Oblique.ttf', name='DejaVu Sans Mono', style='oblique', variant='normal', weight=400, stretch='normal', size='scalable')) = 11.05
2025-02-24 19:27:49,214 - DEBUG - findfont: score(FontEntry(fname='C:\\Users\\Home\\AppData\\Local\\Programs\\Python\\Python310\\lib\\site-packages\\matplotlib\\mpl-data\\fonts\\ttf\\cmex10.ttf', name='cmex10', style='normal', variant='normal', weight=400, stretch='normal', size='scalable')) = 10.05
2025-02-24 19:27:49,214 - DEBUG - findfont: score(FontEntry(fname='C:\\Users\\Home\\AppData\\Local\\Programs\\Python\\Python310\\lib\\site-packages\\matplotlib\\mpl-data\\fonts\\ttf\\cmb10.ttf', name='cmb10', style='normal', variant='normal', weight=400, stretch='normal', size='scalable')) = 10.05
2025-02-24 19:27:49,214 - DEBUG - findfont: score(FontEntry(fname='C:\\Users\\Home\\AppData\\Local\\Programs\\Python\\Python310\\lib\\site-packages\\matplotlib\\mpl-data\\fonts\\ttf\\DejaVuSansMono.ttf', name='DejaVu Sans Mono', style='normal', variant='normal', weight=400, stretch='normal', size='scalable')) = 10.05
2025-02-24 19:27:49,214 - DEBUG - findfont: score(FontEntry(fname='C:\\Users\\Home\\AppData\\Local\\Programs\\Python\\Python310\\lib\\site-packages\\matplotlib\\mpl-data\\fonts\\ttf\\DejaVuSerifDisplay.ttf', name='DejaVu Serif Display', style='normal', variant='normal', weight=400, stretch='normal', size='scalable')) = 10.05
2025-02-24 19:27:49,214 - DEBUG - findfont: score(FontEntry(fname='C:\\Users\\Home\\AppData\\Local\\Programs\\Python\\Python310\\lib\\site-packages\\matplotlib\\mpl-data\\fonts\\ttf\\DejaVuSerif-Bold.ttf', name='DejaVu Serif', style='normal', variant='normal', weight=700, stretch='normal', size='scalable')) = 10.335
2025-02-24 19:27:49,214 - DEBUG - findfont: score(FontEntry(fname='C:\\Windows\\Fonts\\SitkaZ.ttc', name='Sitka Small', style='italic', variant='normal', weight=700, stretch='normal', size='scalable')) = 11.335
2025-02-24 19:27:49,214 - DEBUG - findfont: score(FontEntry(fname='C:\\Windows\\Fonts\\DejaVuSans-Oblique.ttf', name='DejaVu Sans', style='oblique', variant='normal', weight=400, stretch='normal', size='scalable')) = 1.05
2025-02-24 19:27:49,214 - DEBUG - findfont: score(FontEntry(fname='C:\\Windows\\Fonts\\segoepr.ttf', name='Segoe Print', style='normal', variant='normal', weight=400, stretch='normal', size='scalable')) = 10.05
2025-02-24 19:27:49,214 - DEBUG - findfont: score(FontEntry(fname='C:\\Windows\\Fonts\\DejaVuSerifCondensed-Bold.ttf', name='DejaVu Serif', style='normal', variant='normal', weight=700, stretch='condensed', size='scalable')) = 10.535
2025-02-24 19:27:49,214 - DEBUG - findfont: score(FontEntry(fname='C:\\Windows\\Fonts\\wingding.ttf', name='Wingdings', style='normal', variant='normal', weight=400, stretch='normal', size='scalable')) = 10.05
2025-02-24 19:27:49,214 - DEBUG - findfont: score(FontEntry(fname='C:\\Windows\\Fonts\\DejaVuSerif-BoldItalic.ttf', name='DejaVu Serif', style='italic', variant='normal', weight=700, stretch='normal', size='scalable')) = 11.335
2025-02-24 19:27:49,214 - DEBUG - findfont: score(FontEntry(fname='C:\\Windows\\Fonts\\ebrimabd.ttf', name='Ebrima', style='normal', variant='normal', weight=700, stretch='normal', size='scalable')) = 10.335
2025-02-24 19:27:49,214 - DEBUG - findfont: score(FontEntry(fname='C:\\Windows\\Fonts\\arialbi.ttf', name='Arial', style='italic', variant='normal', weight=700, stretch='normal', size='scalable')) = 7.698636363636363
2025-02-24 19:27:49,214 - DEBUG - findfont: score(FontEntry(fname='C:\\Windows\\Fonts\\DejaVuSans-ExtraLight.ttf', name='DejaVu Sans', style='normal', variant='normal', weight=200, stretch='normal', size='scalable')) = 0.24
2025-02-24 19:27:49,214 - DEBUG - findfont: score(FontEntry(fname='C:\\Windows\\Fonts\\ntailu.ttf', name='Microsoft New Tai Lue', style='normal', variant='normal', weight=400, stretch='normal', size='scalable')) = 10.05
2025-02-24 19:27:49,214 - DEBUG - findfont: score(FontEntry(fname='C:\\Windows\\Fonts\\seguili.ttf', name='Segoe UI', style='italic', variant='normal', weight=300, stretch='normal', size='scalable')) = 11.145
2025-02-24 19:27:49,214 - DEBUG - findfont: score(FontEntry(fname='C:\\Windows\\Fonts\\segmdl2.ttf', name='Segoe MDL2 Assets', style='normal', variant='normal', weight=400, stretch='normal', size='scalable')) = 10.05
2025-02-24 19:27:49,214 - DEBUG - findfont: score(FontEntry(fname='C:\\Windows\\Fonts\\opens___.ttf', name='OpenSymbol', style='normal', variant='normal', weight=400, stretch='normal', size='scalable')) = 10.05
2025-02-24 19:27:49,214 - DEBUG - findfont: score(FontEntry(fname='C:\\Windows\\Fonts\\malgunsl.ttf', name='Malgun Gothic', style='normal', variant='normal', weight=300, stretch='normal', size='scalable')) = 10.145
2025-02-24 19:27:49,214 - DEBUG - findfont: score(FontEntry(fname='C:\\Windows\\Fonts\\segoescb.ttf', name='Segoe Script', style='normal', variant='normal', weight=700, stretch='normal', size='scalable')) = 10.335
2025-02-24 19:27:49,214 - DEBUG - findfont: score(FontEntry(fname='C:\\Windows\\Fonts\\YuGothB.ttc', name='Yu Gothic', style='normal', variant='normal', weight=700, stretch='normal', size='scalable')) = 10.335
2025-02-24 19:27:49,214 - DEBUG - findfont: score(FontEntry(fname='C:\\Windows\\Fonts\\DejaVuSansMono-BoldOblique.ttf', name='DejaVu Sans Mono', style='oblique', variant='normal', weight=700, stretch='normal', size='scalable')) = 11.335
2025-02-24 19:27:49,214 - DEBUG - findfont: score(FontEntry(fname='C:\\Windows\\Fonts\\segoeuib.ttf', name='Segoe UI', style='normal', variant='normal', weight=700, stretch='normal', size='scalable')) = 10.335
2025-02-24 19:27:49,214 - DEBUG - findfont: score(FontEntry(fname='C:\\Windows\\Fonts\\ariali.ttf', name='Arial', style='italic', variant='normal', weight=400, stretch='normal', size='scalable')) = 7.413636363636363
2025-02-24 19:27:49,214 - DEBUG - findfont: score(FontEntry(fname='C:\\Windows\\Fonts\\msyhbd.ttc', name='Microsoft YaHei', style='normal', variant='normal', weight=700, stretch='normal', size='scalable')) = 10.335
2025-02-24 19:27:49,214 - DEBUG - findfont: score(FontEntry(fname='C:\\Windows\\Fonts\\courbd.ttf', name='Courier New', style='normal', variant='normal', weight=700, stretch='normal', size='scalable')) = 10.335
2025-02-24 19:27:49,214 - DEBUG - findfont: score(FontEntry(fname='C:\\Windows\\Fonts\\Gabriola.ttf', name='Gabriola', style='normal', variant='normal', weight=400, stretch='normal', size='scalable')) = 10.05
2025-02-24 19:27:49,214 - DEBUG - findfont: score(FontEntry(fname='C:\\Windows\\Fonts\\symbol.ttf', name='Symbol', style='normal', variant='normal', weight=400, stretch='normal', size='scalable')) = 10.05
2025-02-24 19:27:49,214 - DEBUG - findfont: score(FontEntry(fname='C:\\Windows\\Fonts\\calibrii.ttf', name='Calibri', style='italic', variant='normal', weight=400, stretch='normal', size='scalable')) = 11.05
2025-02-24 19:27:49,214 - DEBUG - findfont: score(FontEntry(fname='C:\\Windows\\Fonts\\CascadiaCode.ttf', name='Cascadia Code', style='normal', variant='normal', weight=400, stretch='normal', size='scalable')) = 10.05
2025-02-24 19:27:49,214 - DEBUG - findfont: score(FontEntry(fname='C:\\Windows\\Fonts\\Inkfree.ttf', name='Ink Free', style='normal', variant='normal', weight=400, stretch='normal', size='scalable')) = 10.05
2025-02-24 19:27:49,214 - DEBUG - findfont: score(FontEntry(fname='C:\\Windows\\Fonts\\seguisym.ttf', name='Segoe UI Symbol', style='normal', variant='normal', weight=400, stretch='normal', size='scalable')) = 10.05
2025-02-24 19:27:49,214 - DEBUG - findfont: score(FontEntry(fname='C:\\Windows\\Fonts\\corbeli.ttf', name='Corbel', style='italic', variant='normal', weight=400, stretch='normal', size='scalable')) = 11.05
2025-02-24 19:27:49,214 - DEBUG - findfont: score(FontEntry(fname='C:\\Windows\\Fonts\\GenBkBasBI.ttf', name='Gentium Book Basic', style='italic', variant='normal', weight=700, stretch='normal', size='scalable')) = 11.335
2025-02-24 19:27:49,214 - DEBUG - findfont: score(FontEntry(fname='C:\\Windows\\Fonts\\calibri.ttf', name='Calibri', style='normal', variant='normal', weight=400, stretch='normal', size='scalable')) = 10.05
2025-02-24 19:27:49,214 - DEBUG - findfont: score(FontEntry(fname='C:\\Windows\\Fonts\\malgunbd.ttf', name='Malgun Gothic', style='normal', variant='normal', weight=700, stretch='normal', size='scalable')) = 10.335
2025-02-24 19:27:49,214 - DEBUG - findfont: score(FontEntry(fname='C:\\Windows\\Fonts\\gadugib.ttf', name='Gadugi', style='normal', variant='normal', weight=700, stretch='normal', size='scalable')) = 10.335
2025-02-24 19:27:49,214 - DEBUG - findfont: score(FontEntry(fname='C:\\Windows\\Fonts\\DejaVuSansCondensed.ttf', name='DejaVu Sans', style='normal', variant='normal', weight=400, stretch='condensed', size='scalable')) = 0.25
2025-02-24 19:27:49,214 - DEBUG - findfont: score(FontEntry(fname='C:\\Windows\\Fonts\\LeelawUI.ttf', name='Leelawadee UI', style='normal', variant='normal', weight=400, stretch='normal', size='scalable')) = 10.05
2025-02-24 19:27:49,214 - DEBUG - findfont: score(FontEntry(fname='C:\\Windows\\Fonts\\msyhl.ttc', name='Microsoft YaHei', style='normal', variant='normal', weight=290, stretch='normal', size='scalable')) = 10.1545
2025-02-24 19:27:49,214 - DEBUG - findfont: score(FontEntry(fname='C:\\Windows\\Fonts\\ZWAdobeF.TTF', name='ZWAdobeF', style='normal', variant='normal', weight=400, stretch='normal', size='scalable')) = 10.05
2025-02-24 19:27:49,214 - DEBUG - findfont: score(FontEntry(fname='C:\\Windows\\Fonts\\calibriz.ttf', name='Calibri', style='italic', variant='normal', weight=700, stretch='normal', size='scalable')) = 11.335
2025-02-24 19:27:49,214 - DEBUG - findfont: score(FontEntry(fname='C:\\Windows\\Fonts\\GenBkBasB.ttf', name='Gentium Book Basic', style='normal', variant='normal', weight=700, stretch='normal', size='scalable')) = 10.335
2025-02-24 19:27:49,214 - DEBUG - findfont: score(FontEntry(fname='C:\\Windows\\Fonts\\framdit.ttf', name='Franklin Gothic Medium', style='italic', variant='normal', weight=400, stretch='normal', size='scalable')) = 11.05
2025-02-24 19:27:49,214 - DEBUG - findfont: score(FontEntry(fname='C:\\Windows\\Fonts\\holomdl2.ttf', name='HoloLens MDL2 Assets', style='normal', variant='normal', weight=400, stretch='normal', size='scalable')) = 10.05
2025-02-24 19:27:49,214 - DEBUG - findfont: score(FontEntry(fname='C:\\Windows\\Fonts\\tahomabd.ttf', name='Tahoma', style='normal', variant='normal', weight=700, stretch='normal', size='scalable')) = 10.335
2025-02-24 19:27:49,214 - DEBUG - findfont: score(FontEntry(fname='C:\\Windows\\Fonts\\DejaVuSansCondensed-Bold.ttf', name='DejaVu Sans', style='normal', variant='normal', weight=700, stretch='condensed', size='scalable')) = 0.5349999999999999
2025-02-24 19:27:49,214 - DEBUG - findfont: score(FontEntry(fname='C:\\Windows\\Fonts\\Caladea-Regular.ttf', name='Caladea', style='normal', variant='normal', weight=400, stretch='normal', size='scalable')) = 10.05
2025-02-24 19:27:49,214 - DEBUG - findfont: score(FontEntry(fname='C:\\Windows\\Fonts\\DejaVuSansMono-Bold.ttf', name='DejaVu Sans Mono', style='normal', variant='normal', weight=700, stretch='normal', size='scalable')) = 10.335
2025-02-24 19:27:49,214 - DEBUG - findfont: score(FontEntry(fname='C:\\Windows\\Fonts\\Caladea-Bold.ttf', name='Caladea', style='normal', variant='normal', weight=700, stretch='normal', size='scalable')) = 10.335
2025-02-24 19:27:49,214 - DEBUG - findfont: score(FontEntry(fname='C:\\Windows\\Fonts\\corbell.ttf', name='Corbel', style='normal', variant='normal', weight=300, stretch='normal', size='scalable')) = 10.145
2025-02-24 19:27:49,214 - DEBUG - findfont: score(FontEntry(fname='C:\\Windows\\Fonts\\CascadiaMono.ttf', name='Cascadia Mono', style='normal', variant='normal', weight=400, stretch='normal', size='scalable')) = 10.05
2025-02-24 19:27:49,214 - DEBUG - findfont: score(FontEntry(fname='C:\\Windows\\Fonts\\tahoma.ttf', name='Tahoma', style='normal', variant='normal', weight=400, stretch='normal', size='scalable')) = 10.05
2025-02-24 19:27:49,214 - DEBUG - findfont: score(FontEntry(fname='C:\\Windows\\Fonts\\l_10646.ttf', name='Lucida Sans Unicode', style='normal', variant='normal', weight=400, stretch='normal', size='scalable')) = 10.05
2025-02-24 19:27:49,214 - DEBUG - findfont: score(FontEntry(fname='C:\\Windows\\Fonts\\simsun.ttc', name='SimSun', style='normal', variant='normal', weight=400, stretch='normal', size='scalable')) = 10.05
2025-02-24 19:27:49,214 - DEBUG - findfont: score(FontEntry(fname='C:\\Windows\\Fonts\\msjhl.ttc', name='Microsoft JhengHei', style='normal', variant='normal', weight=290, stretch='normal', size='scalable')) = 10.1545
2025-02-24 19:27:49,214 - DEBUG - findfont: score(FontEntry(fname='C:\\Windows\\Fonts\\seguihis.ttf', name='Segoe UI Historic', style='normal', variant='normal', weight=400, stretch='normal', size='scalable')) = 10.05
2025-02-24 19:27:49,214 - DEBUG - findfont: score(FontEntry(fname='C:\\Windows\\Fonts\\DejaVuSansCondensed-Oblique.ttf', name='DejaVu Sans', style='oblique', variant='normal', weight=400, stretch='condensed', size='scalable')) = 1.25
2025-02-24 19:27:49,214 - DEBUG - findfont: score(FontEntry(fname='C:\\Windows\\Fonts\\georgia.ttf', name='Georgia', style='normal', variant='normal', weight=400, stretch='normal', size='scalable')) = 10.05
2025-02-24 19:27:49,214 - DEBUG - findfont: score(FontEntry(fname='C:\\Windows\\Fonts\\bahnschrift.ttf', name='Bahnschrift', style='normal', variant='normal', weight=400, stretch='normal', size='scalable')) = 10.05
2025-02-24 19:27:49,214 - DEBUG - findfont: score(FontEntry(fname='C:\\Windows\\Fonts\\seguisb.ttf', name='Segoe UI', style='normal', variant='normal', weight=600, stretch='normal', size='scalable')) = 10.24
2025-02-24 19:27:49,214 - DEBUG - findfont: score(FontEntry(fname='C:\\Windows\\Fonts\\LeelUIsl.ttf', name='Leelawadee UI', style='normal', variant='normal', weight=350, stretch='normal', size='scalable')) = 10.0975
2025-02-24 19:27:49,214 - DEBUG - findfont: score(FontEntry(fname='C:\\Windows\\Fonts\\NirmalaB.ttf', name='Nirmala UI', style='normal', variant='normal', weight=700, stretch='normal', size='scalable')) = 10.335
2025-02-24 19:27:49,214 - DEBUG - findfont: score(FontEntry(fname='C:\\Windows\\Fonts\\ebrima.ttf', name='Ebrima', style='normal', variant='normal', weight=400, stretch='normal', size='scalable')) = 10.05
2025-02-24 19:27:49,214 - DEBUG - findfont: score(FontEntry(fname='C:\\Windows\\Fonts\\cambriaz.ttf', name='Cambria', style='italic', variant='normal', weight=700, stretch='normal', size='scalable')) = 11.335
2025-02-24 19:27:49,214 - DEBUG - findfont: score(FontEntry(fname='C:\\Windows\\Fonts\\pala.ttf', name='Palatino Linotype', style='normal', variant='normal', weight=400, stretch='normal', size='scalable')) = 10.05
2025-02-24 19:27:49,214 - DEBUG - findfont: score(FontEntry(fname='C:\\Windows\\Fonts\\segoeuiz.ttf', name='Segoe UI', style='italic', variant='normal', weight=700, stretch='normal', size='scalable')) = 11.335
2025-02-24 19:27:49,214 - DEBUG - findfont: score(FontEntry(fname='C:\\Windows\\Fonts\\georgiab.ttf', name='Georgia', style='normal', variant='normal', weight=700, stretch='normal', size='scalable')) = 10.335
2025-02-24 19:27:49,214 - DEBUG - findfont: score(FontEntry(fname='C:\\Windows\\Fonts\\DejaVuSans-Bold.ttf', name='DejaVu Sans', style='normal', variant='normal', weight=700, stretch='normal', size='scalable')) = 0.33499999999999996
2025-02-24 19:27:49,214 - DEBUG - findfont: score(FontEntry(fname='C:\\Windows\\Fonts\\Sitka.ttc', name='Sitka Small', style='normal', variant='normal', weight=400, stretch='normal', size='scalable')) = 10.05
2025-02-24 19:27:49,214 - DEBUG - findfont: score(FontEntry(fname='C:\\Windows\\Fonts\\cambriai.ttf', name='Cambria', style='italic', variant='normal', weight=400, stretch='normal', size='scalable')) = 11.05
2025-02-24 19:27:49,214 - DEBUG - findfont: score(FontEntry(fname='C:\\Windows\\Fonts\\ntailub.ttf', name='Microsoft New Tai Lue', style='normal', variant='normal', weight=700, stretch='normal', size='scalable')) = 10.335
2025-02-24 19:27:49,214 - DEBUG - findfont: score(FontEntry(fname='C:\\Windows\\Fonts\\comic.ttf', name='Comic Sans MS', style='normal', variant='normal', weight=400, stretch='normal', size='scalable')) = 10.05
2025-02-24 19:27:49,214 - DEBUG - findfont: score(FontEntry(fname='C:\\Windows\\Fonts\\SitkaB.ttc', name='Sitka Small', style='normal', variant='normal', weight=700, stretch='normal', size='scalable')) = 10.335
2025-02-24 19:27:49,214 - DEBUG - findfont: score(FontEntry(fname='C:\\Windows\\Fonts\\comici.ttf', name='Comic Sans MS', style='italic', variant='normal', weight=400, stretch='normal', size='scalable')) = 11.05
2025-02-24 19:27:49,214 - DEBUG - findfont: score(FontEntry(fname='C:\\Windows\\Fonts\\courbi.ttf', name='Courier New', style='italic', variant='normal', weight=700, stretch='normal', size='scalable')) = 11.335
2025-02-24 19:27:49,214 - DEBUG - findfont: score(FontEntry(fname='C:\\Windows\\Fonts\\DejaVuSans.ttf', name='DejaVu Sans', style='normal', variant='normal', weight=400, stretch='normal', size='scalable')) = 0.05
2025-02-24 19:27:49,214 - DEBUG - findfont: score(FontEntry(fname='C:\\Windows\\Fonts\\DejaVuSerif-Italic.ttf', name='DejaVu Serif', style='italic', variant='normal', weight=400, stretch='normal', size='scalable')) = 11.05
2025-02-24 19:27:49,214 - DEBUG - findfont: score(FontEntry(fname='C:\\Windows\\Fonts\\GenBasR.ttf', name='Gentium Basic', style='normal', variant='normal', weight=400, stretch='normal', size='scalable')) = 10.05
2025-02-24 19:27:49,214 - DEBUG - findfont: score(FontEntry(fname='C:\\Windows\\Fonts\\consolab.ttf', name='Consolas', style='normal', variant='normal', weight=700, stretch='normal', size='scalable')) = 10.335
2025-02-24 19:27:49,214 - DEBUG - findfont: score(FontEntry(fname='C:\\Windows\\Fonts\\seguisli.ttf', name='Segoe UI', style='italic', variant='normal', weight=350, stretch='normal', size='scalable')) = 11.0975
2025-02-24 19:27:49,214 - DEBUG - findfont: score(FontEntry(fname='C:\\Windows\\Fonts\\consolaz.ttf', name='Consolas', style='italic', variant='normal', weight=700, stretch='normal', size='scalable')) = 11.335
2025-02-24 19:27:49,214 - DEBUG - findfont: score(FontEntry(fname='C:\\Windows\\Fonts\\seguiemj.ttf', name='Segoe UI Emoji', style='normal', variant='normal', weight=400, stretch='normal', size='scalable')) = 10.05
2025-02-24 19:27:49,214 - DEBUG - findfont: score(FontEntry(fname='C:\\Windows\\Fonts\\mingliub.ttc', name='MingLiU-ExtB', style='normal', variant='normal', weight=400, stretch='normal', size='scalable')) = 10.05
2025-02-24 19:27:49,214 - DEBUG - findfont: score(FontEntry(fname='C:\\Windows\\Fonts\\malgun.ttf', name='Malgun Gothic', style='normal', variant='normal', weight=400, stretch='normal', size='scalable')) = 10.05
2025-02-24 19:27:49,214 - DEBUG - findfont: score(FontEntry(fname='C:\\Windows\\Fonts\\segoeprb.ttf', name='Segoe Print', style='normal', variant='normal', weight=700, stretch='normal', size='scalable')) = 10.335
2025-02-24 19:27:49,214 - DEBUG - findfont: score(FontEntry(fname='C:\\Windows\\Fonts\\Candarai.ttf', name='Candara', style='italic', variant='normal', weight=400, stretch='normal', size='scalable')) = 11.05
2025-02-24 19:27:49,214 - DEBUG - findfont: score(FontEntry(fname='C:\\Windows\\Fonts\\palabi.ttf', name='Palatino Linotype', style='italic', variant='normal', weight=700, stretch='normal', size='scalable')) = 11.335
2025-02-24 19:27:49,214 - DEBUG - findfont: score(FontEntry(fname='C:\\Windows\\Fonts\\seguisbi.ttf', name='Segoe UI', style='italic', variant='normal', weight=600, stretch='normal', size='scalable')) = 11.24
2025-02-24 19:27:49,214 - DEBUG - findfont: score(FontEntry(fname='C:\\Windows\\Fonts\\Candarali.ttf', name='Candara', style='italic', variant='normal', weight=400, stretch='normal', size='scalable')) = 11.05
2025-02-24 19:27:49,214 - DEBUG - findfont: score(FontEntry(fname='C:\\Windows\\Fonts\\msyh.ttc', name='Microsoft YaHei', style='normal', variant='normal', weight=400, stretch='normal', size='scalable')) = 10.05
2025-02-24 19:27:49,214 - DEBUG - findfont: score(FontEntry(fname='C:\\Windows\\Fonts\\Carlito-Regular.ttf', name='Carlito', style='normal', variant='normal', weight=400, stretch='normal', size='scalable')) = 10.05
2025-02-24 19:27:49,214 - DEBUG - findfont: score(FontEntry(fname='C:\\Windows\\Fonts\\verdanab.ttf', name='Verdana', style='normal', variant='normal', weight=700, stretch='normal', size='scalable')) = 3.9713636363636367
2025-02-24 19:27:49,214 - DEBUG - findfont: score(FontEntry(fname='C:\\Windows\\Fonts\\Carlito-BoldItalic.ttf', name='Carlito', style='italic', variant='normal', weight=700, stretch='normal', size='scalable')) = 11.335
2025-02-24 19:27:49,214 - DEBUG - findfont: score(FontEntry(fname='C:\\Windows\\Fonts\\seguibli.ttf', name='Segoe UI', style='italic', variant='normal', weight=900, stretch='normal', size='scalable')) = 11.525
2025-02-24 19:27:49,214 - DEBUG - findfont: score(FontEntry(fname='C:\\Users\\Home\\AppData\\Local\\Microsoft\\Windows\\Fonts\\AutografPersonalUseOnly-mOBm.ttf', name='Autograf PERSONAL USE ONLY', style='normal', variant='normal', weight=400, stretch='normal', size='scalable')) = 10.05
2025-02-24 19:27:49,214 - DEBUG - findfont: score(FontEntry(fname='C:\\Windows\\Fonts\\corbelli.ttf', name='Corbel', style='italic', variant='normal', weight=300, stretch='normal', size='scalable')) = 11.145
2025-02-24 19:27:49,214 - DEBUG - findfont: score(FontEntry(fname='C:\\Windows\\Fonts\\times.ttf', name='Times New Roman', style='normal', variant='normal', weight=400, stretch='normal', size='scalable')) = 10.05
2025-02-24 19:27:49,214 - DEBUG - findfont: score(FontEntry(fname='C:\\Windows\\Fonts\\ariblk.ttf', name='Arial', style='normal', variant='normal', weight=900, stretch='normal', size='scalable')) = 6.888636363636364
2025-02-24 19:27:49,214 - DEBUG - findfont: score(FontEntry(fname='C:\\Windows\\Fonts\\Caladea-Italic.ttf', name='Caladea', style='italic', variant='normal', weight=400, stretch='normal', size='scalable')) = 11.05
2025-02-24 19:27:49,214 - DEBUG - findfont: score(FontEntry(fname='C:\\Windows\\Fonts\\DejaVuSansMono-Oblique.ttf', name='DejaVu Sans Mono', style='oblique', variant='normal', weight=400, stretch='normal', size='scalable')) = 11.05
2025-02-24 19:27:49,214 - DEBUG - findfont: score(FontEntry(fname='C:\\Windows\\Fonts\\framd.ttf', name='Franklin Gothic Medium', style='normal', variant='normal', weight=400, stretch='normal', size='scalable')) = 10.05
2025-02-24 19:27:49,214 - DEBUG - findfont: score(FontEntry(fname='C:\\Windows\\Fonts\\segoeuil.ttf', name='Segoe UI', style='normal', variant='normal', weight=300, stretch='normal', size='scalable')) = 10.145
2025-02-24 19:27:49,214 - DEBUG - findfont: score(FontEntry(fname='C:\\Windows\\Fonts\\comicbd.ttf', name='Comic Sans MS', style='normal', variant='normal', weight=700, stretch='normal', size='scalable')) = 10.335
2025-02-24 19:27:49,214 - DEBUG - findfont: score(FontEntry(fname='C:\\Windows\\Fonts\\mmrtextb.ttf', name='Myanmar Text', style='normal', variant='normal', weight=700, stretch='normal', size='scalable')) = 10.335
2025-02-24 19:27:49,214 - DEBUG - findfont: score(FontEntry(fname='C:\\Windows\\Fonts\\DejaVuSansMono.ttf', name='DejaVu Sans Mono', style='normal', variant='normal', weight=400, stretch='normal', size='scalable')) = 10.05
2025-02-24 19:27:49,214 - DEBUG - findfont: score(FontEntry(fname='C:\\Windows\\Fonts\\corbelb.ttf', name='Corbel', style='normal', variant='normal', weight=700, stretch='normal', size='scalable')) = 10.335
2025-02-24 19:27:49,214 - DEBUG - findfont: score(FontEntry(fname='C:\\Windows\\Fonts\\LeelaUIb.ttf', name='Leelawadee UI', style='normal', variant='normal', weight=700, stretch='normal', size='scalable')) = 10.335
2025-02-24 19:27:49,214 - DEBUG - findfont: score(FontEntry(fname='C:\\Windows\\Fonts\\simsunb.ttf', name='SimSun-ExtB', style='normal', variant='normal', weight=400, stretch='normal', size='scalable')) = 10.05
2025-02-24 19:27:49,214 - DEBUG - findfont: score(FontEntry(fname='C:\\Windows\\Fonts\\mmrtext.ttf', name='Myanmar Text', style='normal', variant='normal', weight=400, stretch='normal', size='scalable')) = 10.05
2025-02-24 19:27:49,214 - DEBUG - findfont: score(FontEntry(fname='C:\\Windows\\Fonts\\DejaVuSerifCondensed-BoldItalic.ttf', name='DejaVu Serif', style='italic', variant='normal', weight=700, stretch='condensed', size='scalable')) = 11.535
2025-02-24 19:27:49,214 - DEBUG - findfont: score(FontEntry(fname='C:\\Windows\\Fonts\\Candarab.ttf', name='Candara', style='normal', variant='normal', weight=700, stretch='normal', size='scalable')) = 10.335
2025-02-24 19:27:49,214 - DEBUG - findfont: score(FontEntry(fname='C:\\Windows\\Fonts\\trebucbi.ttf', name='Trebuchet MS', style='italic', variant='normal', weight=700, stretch='normal', size='scalable')) = 11.335
2025-02-24 19:27:49,214 - DEBUG - findfont: score(FontEntry(fname='C:\\Windows\\Fonts\\impact.ttf', name='Impact', style='normal', variant='normal', weight=400, stretch='normal', size='scalable')) = 10.05
2025-02-24 19:27:49,214 - DEBUG - findfont: score(FontEntry(fname='C:\\Windows\\Fonts\\calibril.ttf', name='Calibri', style='normal', variant='normal', weight=300, stretch='normal', size='scalable')) = 10.145
2025-02-24 19:27:49,214 - DEBUG - findfont: score(FontEntry(fname='C:\\Windows\\Fonts\\corbel.ttf', name='Corbel', style='normal', variant='normal', weight=400, stretch='normal', size='scalable')) = 10.05
2025-02-24 19:27:49,214 - DEBUG - findfont: score(FontEntry(fname='C:\\Windows\\Fonts\\constani.ttf', name='Constantia', style='italic', variant='normal', weight=400, stretch='normal', size='scalable')) = 11.05
2025-02-24 19:27:49,214 - DEBUG - findfont: score(FontEntry(fname='C:\\Windows\\Fonts\\GenBasBI.ttf', name='Gentium Basic', style='italic', variant='normal', weight=700, stretch='normal', size='scalable')) = 11.335
2025-02-24 19:27:49,214 - DEBUG - findfont: score(FontEntry(fname='C:\\Windows\\Fonts\\GenBkBasI.ttf', name='Gentium Book Basic', style='italic', variant='normal', weight=400, stretch='normal', size='scalable')) = 11.05
2025-02-24 19:27:49,214 - DEBUG - findfont: score(FontEntry(fname='C:\\Windows\\Fonts\\trebuc.ttf', name='Trebuchet MS', style='normal', variant='normal', weight=400, stretch='normal', size='scalable')) = 10.05
2025-02-24 19:27:49,214 - DEBUG - findfont: score(FontEntry(fname='C:\\Windows\\Fonts\\YuGothL.ttc', name='Yu Gothic', style='normal', variant='normal', weight=300, stretch='normal', size='scalable')) = 10.145
2025-02-24 19:27:49,214 - DEBUG - findfont: score(FontEntry(fname='C:\\Windows\\Fonts\\YuGothM.ttc', name='Yu Gothic', style='normal', variant='normal', weight=500, stretch='normal', size='scalable')) = 10.145
2025-02-24 19:27:49,214 - DEBUG - findfont: score(FontEntry(fname='C:\\Windows\\Fonts\\calibrili.ttf', name='Calibri', style='italic', variant='normal', weight=300, stretch='normal', size='scalable')) = 11.145
2025-02-24 19:27:49,214 - DEBUG - findfont: score(FontEntry(fname='C:\\Windows\\Fonts\\msgothic.ttc', name='MS Gothic', style='normal', variant='normal', weight=400, stretch='normal', size='scalable')) = 10.05
2025-02-24 19:27:49,214 - DEBUG - findfont: score(FontEntry(fname='C:\\Windows\\Fonts\\Candara.ttf', name='Candara', style='normal', variant='normal', weight=400, stretch='normal', size='scalable')) = 10.05
2025-02-24 19:27:49,214 - DEBUG - findfont: score(FontEntry(fname='C:\\Windows\\Fonts\\palai.ttf', name='Palatino Linotype', style='italic', variant='normal', weight=400, stretch='normal', size='scalable')) = 11.05
2025-02-24 19:27:49,214 - DEBUG - findfont: score(FontEntry(fname='C:\\Windows\\Fonts\\Nirmala.ttf', name='Nirmala UI', style='normal', variant='normal', weight=400, stretch='normal', size='scalable')) = 10.05
2025-02-24 19:27:49,214 - DEBUG - findfont: score(FontEntry(fname='C:\\Windows\\Fonts\\trebucbd.ttf', name='Trebuchet MS', style='normal', variant='normal', weight=700, stretch='normal', size='scalable')) = 10.335
2025-02-24 19:27:49,214 - DEBUG - findfont: score(FontEntry(fname='C:\\Windows\\Fonts\\NirmalaS.ttf', name='Nirmala UI', style='normal', variant='normal', weight=350, stretch='normal', size='scalable')) = 10.0975
2025-02-24 19:27:49,214 - DEBUG - findfont: score(FontEntry(fname='C:\\Windows\\Fonts\\sylfaen.ttf', name='Sylfaen', style='normal', variant='normal', weight=400, stretch='normal', size='scalable')) = 10.05
2025-02-24 19:27:49,214 - DEBUG - findfont: score(FontEntry(fname='C:\\Windows\\Fonts\\calibrib.ttf', name='Calibri', style='normal', variant='normal', weight=700, stretch='normal', size='scalable')) = 10.335
2025-02-24 19:27:49,214 - DEBUG - findfont: score(FontEntry(fname='C:\\Windows\\Fonts\\monbaiti.ttf', name='Mongolian Baiti', style='normal', variant='normal', weight=400, stretch='normal', size='scalable')) = 10.05
2025-02-24 19:27:49,214 - DEBUG - findfont: score(FontEntry(fname='C:\\Windows\\Fonts\\taile.ttf', name='Microsoft Tai Le', style='normal', variant='normal', weight=400, stretch='normal', size='scalable')) = 10.05
2025-02-24 19:27:49,229 - DEBUG - findfont: score(FontEntry(fname='C:\\Windows\\Fonts\\arialbd.ttf', name='Arial', style='normal', variant='normal', weight=700, stretch='normal', size='scalable')) = 6.698636363636363
2025-02-24 19:27:49,229 - DEBUG - findfont: score(FontEntry(fname='C:\\Windows\\Fonts\\SitkaI.ttc', name='Sitka Small', style='italic', variant='normal', weight=400, stretch='normal', size='scalable')) = 11.05
2025-02-24 19:27:49,229 - DEBUG - findfont: score(FontEntry(fname='C:\\Windows\\Fonts\\cambria.ttc', name='Cambria', style='normal', variant='normal', weight=400, stretch='normal', size='scalable')) = 10.05
2025-02-24 19:27:49,229 - DEBUG - findfont: score(FontEntry(fname='C:\\Windows\\Fonts\\georgiaz.ttf', name='Georgia', style='italic', variant='normal', weight=700, stretch='normal', size='scalable')) = 11.335
2025-02-24 19:27:49,229 - DEBUG - findfont: score(FontEntry(fname='C:\\Windows\\Fonts\\phagspab.ttf', name='Microsoft PhagsPa', style='normal', variant='normal', weight=700, stretch='normal', size='scalable')) = 10.335
2025-02-24 19:27:49,229 - DEBUG - findfont: score(FontEntry(fname='C:\\Windows\\Fonts\\cambriab.ttf', name='Cambria', style='normal', variant='normal', weight=700, stretch='normal', size='scalable')) = 10.335
2025-02-24 19:27:49,229 - DEBUG - findfont: score(FontEntry(fname='C:\\Windows\\Fonts\\timesi.ttf', name='Times New Roman', style='italic', variant='normal', weight=400, stretch='normal', size='scalable')) = 11.05
2025-02-24 19:27:49,229 - DEBUG - findfont: score(FontEntry(fname='C:\\Windows\\Fonts\\corbelz.ttf', name='Corbel', style='italic', variant='normal', weight=700, stretch='normal', size='scalable')) = 11.335
2025-02-24 19:27:49,229 - DEBUG - findfont: score(FontEntry(fname='C:\\Windows\\Fonts\\GenBkBasR.ttf', name='Gentium Book Basic', style='normal', variant='normal', weight=400, stretch='normal', size='scalable')) = 10.05
2025-02-24 19:27:49,229 - DEBUG - findfont: score(FontEntry(fname='C:\\Windows\\Fonts\\DejaVuSansCondensed-BoldOblique.ttf', name='DejaVu Sans', style='oblique', variant='normal', weight=700, stretch='condensed', size='scalable')) = 1.535
2025-02-24 19:27:49,229 - DEBUG - findfont: score(FontEntry(fname='C:\\Windows\\Fonts\\GenBasB.ttf', name='Gentium Basic', style='normal', variant='normal', weight=700, stretch='normal', size='scalable')) = 10.335
2025-02-24 19:27:49,229 - DEBUG - findfont: score(FontEntry(fname='C:\\Windows\\Fonts\\consola.ttf', name='Consolas', style='normal', variant='normal', weight=400, stretch='normal', size='scalable')) = 10.05
2025-02-24 19:27:49,229 - DEBUG - findfont: score(FontEntry(fname='C:\\Windows\\Fonts\\micross.ttf', name='Microsoft Sans Serif', style='normal', variant='normal', weight=400, stretch='normal', size='scalable')) = 10.05
2025-02-24 19:27:49,229 - DEBUG - findfont: score(FontEntry(fname='C:\\Windows\\Fonts\\arial.ttf', name='Arial', style='normal', variant='normal', weight=400, stretch='normal', size='scalable')) = 6.413636363636363
2025-02-24 19:27:49,229 - DEBUG - findfont: score(FontEntry(fname='C:\\Windows\\Fonts\\verdana.ttf', name='Verdana', style='normal', variant='normal', weight=400, stretch='normal', size='scalable')) = 3.6863636363636365
2025-02-24 19:27:49,229 - DEBUG - findfont: score(FontEntry(fname='C:\\Windows\\Fonts\\verdanai.ttf', name='Verdana', style='italic', variant='normal', weight=400, stretch='normal', size='scalable')) = 4.6863636363636365
2025-02-24 19:27:49,229 - DEBUG - findfont: score(FontEntry(fname='C:\\Windows\\Fonts\\constan.ttf', name='Constantia', style='normal', variant='normal', weight=400, stretch='normal', size='scalable')) = 10.05
2025-02-24 19:27:49,229 - DEBUG - findfont: score(FontEntry(fname='C:\\Windows\\Fonts\\georgiai.ttf', name='Georgia', style='italic', variant='normal', weight=400, stretch='normal', size='scalable')) = 11.05
2025-02-24 19:27:49,229 - DEBUG - findfont: score(FontEntry(fname='C:\\Windows\\Fonts\\verdanaz.ttf', name='Verdana', style='italic', variant='normal', weight=700, stretch='normal', size='scalable')) = 4.971363636363637
2025-02-24 19:27:49,229 - DEBUG - findfont: score(FontEntry(fname='C:\\Windows\\Fonts\\Candaral.ttf', name='Candara', style='normal', variant='normal', weight=400, stretch='normal', size='scalable')) = 10.05
2025-02-24 19:27:49,229 - DEBUG - findfont: score(FontEntry(fname='C:\\Windows\\Fonts\\Caladea-BoldItalic.ttf', name='Caladea', style='italic', variant='normal', weight=700, stretch='normal', size='scalable')) = 11.335
2025-02-24 19:27:49,229 - DEBUG - findfont: score(FontEntry(fname='C:\\Windows\\Fonts\\Carlito-Italic.ttf', name='Carlito', style='italic', variant='normal', weight=400, stretch='normal', size='scalable')) = 11.05
2025-02-24 19:27:49,229 - DEBUG - findfont: score(FontEntry(fname='C:\\Windows\\Fonts\\segoeuisl.ttf', name='Segoe UI', style='normal', variant='normal', weight=350, stretch='normal', size='scalable')) = 10.0975
2025-02-24 19:27:49,229 - DEBUG - findfont: score(FontEntry(fname='C:\\Windows\\Fonts\\YuGothR.ttc', name='Yu Gothic', style='normal', variant='normal', weight=400, stretch='normal', size='scalable')) = 10.05
2025-02-24 19:27:49,229 - DEBUG - findfont: score(FontEntry(fname='C:\\Windows\\Fonts\\cour.ttf', name='Courier New', style='normal', variant='normal', weight=400, stretch='normal', size='scalable')) = 10.05
2025-02-24 19:27:49,229 - DEBUG - findfont: score(FontEntry(fname='C:\\Windows\\Fonts\\Candaraz.ttf', name='Candara', style='italic', variant='normal', weight=700, stretch='normal', size='scalable')) = 11.335
2025-02-24 19:27:49,229 - DEBUG - findfont: score(FontEntry(fname='C:\\Windows\\Fonts\\javatext.ttf', name='Javanese Text', style='normal', variant='normal', weight=400, stretch='normal', size='scalable')) = 10.05
2025-02-24 19:27:49,229 - DEBUG - findfont: score(FontEntry(fname='C:\\Windows\\Fonts\\consolai.ttf', name='Consolas', style='italic', variant='normal', weight=400, stretch='normal', size='scalable')) = 11.05
2025-02-24 19:27:49,229 - DEBUG - findfont: score(FontEntry(fname='C:\\Windows\\Fonts\\constanb.ttf', name='Constantia', style='normal', variant='normal', weight=700, stretch='normal', size='scalable')) = 10.335
2025-02-24 19:27:49,229 - DEBUG - findfont: score(FontEntry(fname='C:\\Users\\Home\\AppData\\Local\\Microsoft\\Windows\\Fonts\\DarlingtonDemo-z8xjG.ttf', name='Darlington Demo', style='normal', variant='normal', weight=400, stretch='normal', size='scalable')) = 10.05
2025-02-24 19:27:49,229 - DEBUG - findfont: score(FontEntry(fname='C:\\Windows\\Fonts\\DejaVuSans-BoldOblique.ttf', name='DejaVu Sans', style='oblique', variant='normal', weight=700, stretch='normal', size='scalable')) = 1.335
2025-02-24 19:27:49,229 - DEBUG - findfont: score(FontEntry(fname='C:\\Windows\\Fonts\\segoeui.ttf', name='Segoe UI', style='normal', variant='normal', weight=400, stretch='normal', size='scalable')) = 10.05
2025-02-24 19:27:49,229 - DEBUG - findfont: score(FontEntry(fname='C:\\Windows\\Fonts\\msjhbd.ttc', name='Microsoft JhengHei', style='normal', variant='normal', weight=700, stretch='normal', size='scalable')) = 10.335
2025-02-24 19:27:49,229 - DEBUG - findfont: score(FontEntry(fname='C:\\Windows\\Fonts\\DejaVuSerif-Bold.ttf', name='DejaVu Serif', style='normal', variant='normal', weight=700, stretch='normal', size='scalable')) = 10.335
2025-02-24 19:27:49,229 - DEBUG - findfont: score(FontEntry(fname='C:\\Windows\\Fonts\\Carlito-Bold.ttf', name='Carlito', style='normal', variant='normal', weight=700, stretch='normal', size='scalable')) = 10.335
2025-02-24 19:27:49,229 - DEBUG - findfont: score(FontEntry(fname='C:\\Windows\\Fonts\\palab.ttf', name='Palatino Linotype', style='normal', variant='normal', weight=700, stretch='normal', size='scalable')) = 10.335
2025-02-24 19:27:49,229 - DEBUG - findfont: score(FontEntry(fname='C:\\Windows\\Fonts\\msjh.ttc', name='Microsoft JhengHei', style='normal', variant='normal', weight=400, stretch='normal', size='scalable')) = 10.05
2025-02-24 19:27:49,229 - DEBUG - findfont: score(FontEntry(fname='C:\\Windows\\Fonts\\timesbd.ttf', name='Times New Roman', style='normal', variant='normal', weight=700, stretch='normal', size='scalable')) = 10.335
2025-02-24 19:27:49,229 - DEBUG - findfont: score(FontEntry(fname='C:\\Windows\\Fonts\\msyi.ttf', name='Microsoft Yi Baiti', style='normal', variant='normal', weight=400, stretch='normal', size='scalable')) = 10.05
2025-02-24 19:27:49,229 - DEBUG - findfont: score(FontEntry(fname='C:\\Windows\\Fonts\\webdings.ttf', name='Webdings', style='normal', variant='normal', weight=400, stretch='normal', size='scalable')) = 10.05
2025-02-24 19:27:49,229 - DEBUG - findfont: score(FontEntry(fname='C:\\Windows\\Fonts\\taileb.ttf', name='Microsoft Tai Le', style='normal', variant='normal', weight=700, stretch='normal', size='scalable')) = 10.335
2025-02-24 19:27:49,229 - DEBUG - findfont: score(FontEntry(fname='C:\\Users\\Home\\AppData\\Local\\Microsoft\\Windows\\Fonts\\Theprestigesignature-ywwaM.otf', name='ThePrestigeSignature', style='normal', variant='normal', weight=400, stretch='normal', size='scalable')) = 10.05
2025-02-24 19:27:49,229 - DEBUG - findfont: score(FontEntry(fname='C:\\Windows\\Fonts\\trebucit.ttf', name='Trebuchet MS', style='italic', variant='normal', weight=400, stretch='normal', size='scalable')) = 11.05
2025-02-24 19:27:49,229 - DEBUG - findfont: score(FontEntry(fname='C:\\Windows\\Fonts\\DejaVuSerifCondensed.ttf', name='DejaVu Serif', style='normal', variant='normal', weight=400, stretch='condensed', size='scalable')) = 10.25
2025-02-24 19:27:49,229 - DEBUG - findfont: score(FontEntry(fname='C:\\Windows\\Fonts\\lucon.ttf', name='Lucida Console', style='normal', variant='normal', weight=400, stretch='normal', size='scalable')) = 10.05
2025-02-24 19:27:49,229 - DEBUG - findfont: score(FontEntry(fname='C:\\Windows\\Fonts\\himalaya.ttf', name='Microsoft Himalaya', style='normal', variant='normal', weight=400, stretch='normal', size='scalable')) = 10.05
2025-02-24 19:27:49,229 - DEBUG - findfont: score(FontEntry(fname='C:\\Windows\\Fonts\\seguibl.ttf', name='Segoe UI', style='normal', variant='normal', weight=900, stretch='normal', size='scalable')) = 10.525
2025-02-24 19:27:49,229 - DEBUG - findfont: score(FontEntry(fname='C:\\Windows\\Fonts\\mvboli.ttf', name='MV Boli', style='normal', variant='normal', weight=400, stretch='normal', size='scalable')) = 10.05
2025-02-24 19:27:49,229 - DEBUG - findfont: score(FontEntry(fname='C:\\Windows\\Fonts\\comicz.ttf', name='Comic Sans MS', style='italic', variant='normal', weight=700, stretch='normal', size='scalable')) = 11.335
2025-02-24 19:27:49,229 - DEBUG - findfont: score(FontEntry(fname='C:\\Windows\\Fonts\\couri.ttf', name='Courier New', style='italic', variant='normal', weight=400, stretch='normal', size='scalable')) = 11.05
2025-02-24 19:27:49,229 - DEBUG - findfont: score(FontEntry(fname='C:\\Windows\\Fonts\\timesbi.ttf', name='Times New Roman', style='italic', variant='normal', weight=700, stretch='normal', size='scalable')) = 11.335
2025-02-24 19:27:49,229 - DEBUG - findfont: score(FontEntry(fname='C:\\Windows\\Fonts\\DejaVuSerif.ttf', name='DejaVu Serif', style='normal', variant='normal', weight=400, stretch='normal', size='scalable')) = 10.05
2025-02-24 19:27:49,229 - DEBUG - findfont: score(FontEntry(fname='C:\\Windows\\Fonts\\constanz.ttf', name='Constantia', style='italic', variant='normal', weight=700, stretch='normal', size='scalable')) = 11.335
2025-02-24 19:27:49,229 - DEBUG - findfont: score(FontEntry(fname='C:\\Windows\\Fonts\\phagspa.ttf', name='Microsoft PhagsPa', style='normal', variant='normal', weight=400, stretch='normal', size='scalable')) = 10.05
2025-02-24 19:27:49,229 - DEBUG - findfont: score(FontEntry(fname='C:\\Windows\\Fonts\\DejaVuSerifCondensed-Italic.ttf', name='DejaVu Serif', style='italic', variant='normal', weight=400, stretch='condensed', size='scalable')) = 11.25
2025-02-24 19:27:49,229 - DEBUG - findfont: score(FontEntry(fname='C:\\Windows\\Fonts\\GenBasI.ttf', name='Gentium Basic', style='italic', variant='normal', weight=400, stretch='normal', size='scalable')) = 11.05
2025-02-24 19:27:49,229 - DEBUG - findfont: score(FontEntry(fname='C:\\Windows\\Fonts\\segoeuii.ttf', name='Segoe UI', style='italic', variant='normal', weight=400, stretch='normal', size='scalable')) = 11.05
2025-02-24 19:27:49,229 - DEBUG - findfont: score(FontEntry(fname='C:\\Windows\\Fonts\\segoesc.ttf', name='Segoe Script', style='normal', variant='normal', weight=400, stretch='normal', size='scalable')) = 10.05
2025-02-24 19:27:49,229 - DEBUG - findfont: score(FontEntry(fname='C:\\Windows\\Fonts\\gadugi.ttf', name='Gadugi', style='normal', variant='normal', weight=400, stretch='normal', size='scalable')) = 10.05
2025-02-24 19:27:49,229 - DEBUG - findfont: Matching sans\-serif:style=normal:variant=normal:weight=normal:stretch=normal:size=10.0 to DejaVu Sans ('C:\\Users\\Home\\AppData\\Local\\Programs\\Python\\Python310\\lib\\site-packages\\matplotlib\\mpl-data\\fonts\\ttf\\DejaVuSans.ttf') with score of 0.050000.
2025-02-24 19:27:51,445 - DEBUG - System temp directories: ['C:\\Users\\Home\\AppData\\Local\\Temp', 'C:\\Users\\Home\\AppData\\Local\\Temp', 'C:\\Users\\Home\\AppData\\Local\\Temp', 'C:\\Users\\Home\\AppData\\Local\\Temp', 'C:\\WINDOWS\\Temp', 'C:\\Users\\Home\\AppData\\Local\\Temp', 'C:\\ProgramData\\Temp']
2025-02-24 19:27:51,445 - ERROR - Error getting file info for C:\Users\Home\AppData\Local\Temp\0725ab41-f5cb-482b-9fcc-58ae11a29ecd.tmp: 'TempFileFinder' object has no attribute 'get_file_age'
2025-02-24 19:27:51,446 - ERROR - Error getting file info for C:\Users\Home\AppData\Local\Temp\0975e696-b47f-47ed-bb2f-469bc8d152d7.tmp: 'TempFileFinder' object has no attribute 'get_file_age'
2025-02-24 19:27:51,446 - ERROR - Error getting file info for C:\Users\Home\AppData\Local\Temp\1654b2d5-6375-4038-8b95-bbd5b4dae37b.tmp: 'TempFileFinder' object has no attribute 'get_file_age'
2025-02-24 19:27:51,446 - ERROR - Error getting file info for C:\Users\Home\AppData\Local\Temp\23169c79-d82b-4d3b-8226-d5612e73fd2b.tmp: 'TempFileFinder' object has no attribute 'get_file_age'
2025-02-24 19:27:51,446 - ERROR - Error getting file info for C:\Users\Home\AppData\Local\Temp\58fb78a1-01c4-4eb0-8f9a-b0feb5a76bb0.tmp: 'TempFileFinder' object has no attribute 'get_file_age'
2025-02-24 19:27:51,446 - ERROR - Error getting file info for C:\Users\Home\AppData\Local\Temp\5b7eb955-c0ef-44b7-b600-0444cf582dd9.tmp: 'TempFileFinder' object has no attribute 'get_file_age'
2025-02-24 19:27:51,446 - ERROR - Error getting file info for C:\Users\Home\AppData\Local\Temp\5d51f5a9-e941-4c72-970b-6315e9d350ef.tmp: 'TempFileFinder' object has no attribute 'get_file_age'
2025-02-24 19:27:51,446 - ERROR - Error getting file info for C:\Users\Home\AppData\Local\Temp\6a37c279-a357-4db2-8b2c-ad49b3700433.tmp: 'TempFileFinder' object has no attribute 'get_file_age'
2025-02-24 19:27:51,447 - ERROR - Error getting file info for C:\Users\Home\AppData\Local\Temp\7259614d-900f-42ca-bc44-d1b10ac93bf1.tmp: 'TempFileFinder' object has no attribute 'get_file_age'
2025-02-24 19:27:51,447 - ERROR - Error getting file info for C:\Users\Home\AppData\Local\Temp\7f235138-7519-4707-a0a1-5407b6e6e1ef.tmp: 'TempFileFinder' object has no attribute 'get_file_age'
2025-02-24 19:27:51,447 - ERROR - Error getting file info for C:\Users\Home\AppData\Local\Temp\9cb0d1b6-5e46-46fa-9062-d218c6ecd268.tmp: 'TempFileFinder' object has no attribute 'get_file_age'
2025-02-24 19:27:51,447 - ERROR - Error getting file info for C:\Users\Home\AppData\Local\Temp\9ebb0a72-e18d-4b78-9c83-4f62897f35bc.tmp: 'TempFileFinder' object has no attribute 'get_file_age'
2025-02-24 19:27:51,447 - ERROR - Error getting file info for C:\Users\Home\AppData\Local\Temp\ad37906f-1e53-4c8a-a442-e2f230806ab4.tmp: 'TempFileFinder' object has no attribute 'get_file_age'
2025-02-24 19:27:51,448 - ERROR - Error getting file info for C:\Users\Home\AppData\Local\Temp\ae8cd8ef-14ae-416a-93aa-962ba33bda7b.tmp: 'TempFileFinder' object has no attribute 'get_file_age'
2025-02-24 19:27:51,448 - ERROR - Error getting file info for C:\Users\Home\AppData\Local\Temp\b0ef938c-606f-4fae-953f-9336ed1ca360.tmp: 'TempFileFinder' object has no attribute 'get_file_age'
2025-02-24 19:27:51,449 - ERROR - Error getting file info for C:\Users\Home\AppData\Local\Temp\bde754c8-e0e7-4f1e-bbee-e44c21555aae.tmp: 'TempFileFinder' object has no attribute 'get_file_age'
2025-02-24 19:27:51,449 - ERROR - Error getting file info for C:\Users\Home\AppData\Local\Temp\e2a8f2af-d3f1-4fc8-bd3d-f7c77ee5c506.tmp: 'TempFileFinder' object has no attribute 'get_file_age'
2025-02-24 19:27:51,449 - ERROR - Error getting file info for C:\Users\Home\AppData\Local\Temp\eab6047d-8089-460d-8398-957b624d56e3.tmp: 'TempFileFinder' object has no attribute 'get_file_age'
2025-02-24 19:27:51,449 - ERROR - Error getting file info for C:\Users\Home\AppData\Local\Temp\f3dc15da-0d17-4dbf-839e-873bea6e79a4.tmp: 'TempFileFinder' object has no attribute 'get_file_age'
2025-02-24 19:27:51,450 - ERROR - Error getting file info for C:\Users\Home\AppData\Local\Temp\f95da2cc-d44a-45f6-8094-4fc23256a0a1.tmp: 'TempFileFinder' object has no attribute 'get_file_age'
2025-02-24 19:27:51,450 - ERROR - Error getting file info for C:\Users\Home\AppData\Local\Temp\adobegc.log: 'TempFileFinder' object has no attribute 'get_file_age'
2025-02-24 19:27:51,451 - ERROR - Error getting file info for C:\Users\Home\AppData\Local\Temp\StructuredQuery.log: 'TempFileFinder' object has no attribute 'get_file_age'
2025-02-24 19:27:51,461 - ERROR - Error getting file info for C:\Users\Home\AppData\Local\Temp\Adobe\com.adobe.dunamis\dunamis-2025-02-24_15-38-07.log: 'TempFileFinder' object has no attribute 'get_file_age'
2025-02-24 19:27:51,461 - ERROR - Error getting file info for C:\Users\Home\AppData\Local\Temp\Adobe\com.adobe.dunamis\dunamis-2025-02-24_15-38-15.log: 'TempFileFinder' object has no attribute 'get_file_age'
2025-02-24 19:27:51,461 - ERROR - Error getting file info for C:\Users\Home\AppData\Local\Temp\Adobe\com.adobe.dunamis\dunamis-2025-02-24_15-38-27.log: 'TempFileFinder' object has no attribute 'get_file_age'
2025-02-24 19:27:51,461 - ERROR - Error getting file info for C:\Users\Home\AppData\Local\Temp\AdobeVulcan\AdobeIPCBroker.log: 'TempFileFinder' object has no attribute 'get_file_age'
2025-02-24 19:27:51,506 - ERROR - Error getting file info for C:\Users\Home\AppData\Local\Temp\CreativeCloud\ACC\ACC.log: 'TempFileFinder' object has no attribute 'get_file_age'
2025-02-24 19:27:51,506 - ERROR - Error getting file info for C:\Users\Home\AppData\Local\Temp\CreativeCloud\ACC\CEF.log: 'TempFileFinder' object has no attribute 'get_file_age'
2025-02-24 19:27:51,506 - ERROR - Error getting file info for C:\Users\Home\AppData\Local\Temp\CreativeCloud\ACC\AdobeDownload\DLM.log: 'TempFileFinder' object has no attribute 'get_file_age'
2025-02-24 19:27:51,506 - ERROR - Error getting file info for C:\Users\Home\AppData\Local\Temp\CreativeCloud\ACPLocalLogs\creative_cloud_cloud_docs_v5_3 6.5.0.348\ACPL__2025-02-24_15-38-56.401616Z_00.log: 'TempFileFinder' object has no attribute 'get_file_age'
2025-02-24 19:27:51,522 - ERROR - Error getting file info for C:\Users\Home\AppData\Local\Temp\CreativeCloud\CCX Welcome\CCX Process.log: 'TempFileFinder' object has no attribute 'get_file_age'
2025-02-24 19:27:51,522 - ERROR - Error getting file info for C:\Users\Home\AppData\Local\Temp\CreativeCloud\CoreSync\CoreSync-2025-02-24.log: 'TempFileFinder' object has no attribute 'get_file_age'
2025-02-24 19:27:51,537 - ERROR - Error getting file info for C:\Users\Home\AppData\Local\Temp\is-P0VJ5.tmp\CodeSetup-stable-0.46.3.tmp: 'TempFileFinder' object has no attribute 'get_file_age'
2025-02-24 19:27:51,537 - ERROR - Error getting file info for C:\Users\Home\AppData\Local\Temp\NGL\NGLClient_CCXProcess16.3 2025-02-24 19-10-48-805.log: 'TempFileFinder' object has no attribute 'get_file_age'
2025-02-24 19:27:51,537 - ERROR - Error getting file info for C:\Users\Home\AppData\Local\Temp\NGL\NGLClient_CCXProcess16.3.log: 'TempFileFinder' object has no attribute 'get_file_age'
2025-02-24 19:27:51,537 - ERROR - Error getting file info for C:\Users\Home\AppData\Local\Temp\NGL\NGLClient_CoreSync17.4.0.31.log: 'TempFileFinder' object has no attribute 'get_file_age'
2025-02-24 19:27:51,537 - ERROR - Error getting file info for C:\Users\Home\AppData\Local\Temp\NGL\NGLClient_CreativeCloud26.5.0.348 2025-02-24 18-56-01-283.log: 'TempFileFinder' object has no attribute 'get_file_age'
2025-02-24 19:27:51,537 - ERROR - Error getting file info for C:\Users\Home\AppData\Local\Temp\NGL\NGLClient_CreativeCloud26.5.0.348.log: 'TempFileFinder' object has no attribute 'get_file_age'
2025-02-24 19:27:51,537 - ERROR - Error getting file info for C:\Users\Home\AppData\Local\Temp\NGL\NGLClient_default.log: 'TempFileFinder' object has no attribute 'get_file_age'
2025-02-24 19:27:51,583 - ERROR - Error getting file info for C:\WINDOWS\Temp\adobegc.log: 'TempFileFinder' object has no attribute 'get_file_age'
2025-02-24 19:27:51,583 - ERROR - Error getting file info for C:\WINDOWS\Temp\dd_VSIXInstaller_20250218033505_0f38.log: 'TempFileFinder' object has no attribute 'get_file_age'
2025-02-24 19:27:51,583 - ERROR - Error getting file info for C:\WINDOWS\Temp\dd_VSIXInstaller_20250219033506_3eac.log: 'TempFileFinder' object has no attribute 'get_file_age'
2025-02-24 19:27:51,583 - ERROR - Error getting file info for C:\WINDOWS\Temp\dd_VSIXInstaller_20250220033506_0c88.log: 'TempFileFinder' object has no attribute 'get_file_age'
2025-02-24 19:27:51,583 - ERROR - Error getting file info for C:\WINDOWS\Temp\dd_VSIXInstaller_20250221033506_1f8c.log: 'TempFileFinder' object has no attribute 'get_file_age'
2025-02-24 19:27:51,583 - ERROR - Error getting file info for C:\WINDOWS\Temp\dd_VSIXInstaller_20250222033506_1058.log: 'TempFileFinder' object has no attribute 'get_file_age'
2025-02-24 19:27:51,583 - ERROR - Error getting file info for C:\WINDOWS\Temp\dd_VSIXInstaller_20250223110219_1cf4.log: 'TempFileFinder' object has no attribute 'get_file_age'
2025-02-24 19:27:51,583 - ERROR - Error getting file info for C:\WINDOWS\Temp\dd_VSIXInstaller_20250224033506_1ff0.log: 'TempFileFinder' object has no attribute 'get_file_age'
2025-02-24 19:27:51,583 - ERROR - Error getting file info for C:\WINDOWS\Temp\GoogleDFSSetup_250220155759_17720.log: 'TempFileFinder' object has no attribute 'get_file_age'
2025-02-24 19:27:51,583 - ERROR - Error getting file info for C:\WINDOWS\Temp\MpCmdRun.log: 'TempFileFinder' object has no attribute 'get_file_age'
2025-02-24 19:27:51,583 - ERROR - Error getting file info for C:\WINDOWS\Temp\MpSigStub.log: 'TempFileFinder' object has no attribute 'get_file_age'
2025-02-24 19:27:51,599 - ERROR - Error getting file info for C:\WINDOWS\Temp\CreativeCloud\ACC\ACC.log: 'TempFileFinder' object has no attribute 'get_file_age'
2025-02-24 19:30:54,408 - DEBUG - System temp directories: ['C:\\Users\\Home\\AppData\\Local\\Temp', 'C:\\Users\\Home\\AppData\\Local\\Temp', 'C:\\Users\\Home\\AppData\\Local\\Temp', 'C:\\Users\\Home\\AppData\\Local\\Temp', 'C:\\WINDOWS\\Temp', 'C:\\Users\\Home\\AppData\\Local\\Temp', 'C:\\ProgramData\\Temp']
2025-02-24 19:30:54,412 - ERROR - Error getting file info for C:\Users\Home\AppData\Local\Temp\0725ab41-f5cb-482b-9fcc-58ae11a29ecd.tmp: 'TempFileFinder' object has no attribute 'get_file_age'
2025-02-24 19:30:54,412 - ERROR - Error getting file info for C:\Users\Home\AppData\Local\Temp\0975e696-b47f-47ed-bb2f-469bc8d152d7.tmp: 'TempFileFinder' object has no attribute 'get_file_age'
2025-02-24 19:30:54,412 - ERROR - Error getting file info for C:\Users\Home\AppData\Local\Temp\1654b2d5-6375-4038-8b95-bbd5b4dae37b.tmp: 'TempFileFinder' object has no attribute 'get_file_age'
2025-02-24 19:30:54,412 - ERROR - Error getting file info for C:\Users\Home\AppData\Local\Temp\58fb78a1-01c4-4eb0-8f9a-b0feb5a76bb0.tmp: 'TempFileFinder' object has no attribute 'get_file_age'
2025-02-24 19:30:54,413 - ERROR - Error getting file info for C:\Users\Home\AppData\Local\Temp\5b7eb955-c0ef-44b7-b600-0444cf582dd9.tmp: 'TempFileFinder' object has no attribute 'get_file_age'
2025-02-24 19:30:54,413 - ERROR - Error getting file info for C:\Users\Home\AppData\Local\Temp\5d51f5a9-e941-4c72-970b-6315e9d350ef.tmp: 'TempFileFinder' object has no attribute 'get_file_age'
2025-02-24 19:30:54,413 - ERROR - Error getting file info for C:\Users\Home\AppData\Local\Temp\6a37c279-a357-4db2-8b2c-ad49b3700433.tmp: 'TempFileFinder' object has no attribute 'get_file_age'
2025-02-24 19:30:54,413 - ERROR - Error getting file info for C:\Users\Home\AppData\Local\Temp\7259614d-900f-42ca-bc44-d1b10ac93bf1.tmp: 'TempFileFinder' object has no attribute 'get_file_age'
2025-02-24 19:30:54,413 - ERROR - Error getting file info for C:\Users\Home\AppData\Local\Temp\7f235138-7519-4707-a0a1-5407b6e6e1ef.tmp: 'TempFileFinder' object has no attribute 'get_file_age'
2025-02-24 19:30:54,413 - ERROR - Error getting file info for C:\Users\Home\AppData\Local\Temp\9ebb0a72-e18d-4b78-9c83-4f62897f35bc.tmp: 'TempFileFinder' object has no attribute 'get_file_age'
2025-02-24 19:30:54,414 - ERROR - Error getting file info for C:\Users\Home\AppData\Local\Temp\ad37906f-1e53-4c8a-a442-e2f230806ab4.tmp: 'TempFileFinder' object has no attribute 'get_file_age'
2025-02-24 19:30:54,414 - ERROR - Error getting file info for C:\Users\Home\AppData\Local\Temp\b0ef938c-606f-4fae-953f-9336ed1ca360.tmp: 'TempFileFinder' object has no attribute 'get_file_age'
2025-02-24 19:30:54,414 - ERROR - Error getting file info for C:\Users\Home\AppData\Local\Temp\bde754c8-e0e7-4f1e-bbee-e44c21555aae.tmp: 'TempFileFinder' object has no attribute 'get_file_age'
2025-02-24 19:30:54,414 - ERROR - Error getting file info for C:\Users\Home\AppData\Local\Temp\e2a8f2af-d3f1-4fc8-bd3d-f7c77ee5c506.tmp: 'TempFileFinder' object has no attribute 'get_file_age'
2025-02-24 19:30:54,414 - ERROR - Error getting file info for C:\Users\Home\AppData\Local\Temp\eab6047d-8089-460d-8398-957b624d56e3.tmp: 'TempFileFinder' object has no attribute 'get_file_age'
2025-02-24 19:30:54,414 - ERROR - Error getting file info for C:\Users\Home\AppData\Local\Temp\f3dc15da-0d17-4dbf-839e-873bea6e79a4.tmp: 'TempFileFinder' object has no attribute 'get_file_age'
2025-02-24 19:30:54,416 - ERROR - Error getting file info for C:\Users\Home\AppData\Local\Temp\adobegc.log: 'TempFileFinder' object has no attribute 'get_file_age'
2025-02-24 19:30:54,416 - ERROR - Error getting file info for C:\Users\Home\AppData\Local\Temp\StructuredQuery.log: 'TempFileFinder' object has no attribute 'get_file_age'
2025-02-24 19:30:54,421 - ERROR - Error getting file info for C:\Users\Home\AppData\Local\Temp\Adobe\com.adobe.dunamis\dunamis-2025-02-24_15-38-07.log: 'TempFileFinder' object has no attribute 'get_file_age'
2025-02-24 19:30:54,421 - ERROR - Error getting file info for C:\Users\Home\AppData\Local\Temp\Adobe\com.adobe.dunamis\dunamis-2025-02-24_15-38-15.log: 'TempFileFinder' object has no attribute 'get_file_age'
2025-02-24 19:30:54,421 - ERROR - Error getting file info for C:\Users\Home\AppData\Local\Temp\Adobe\com.adobe.dunamis\dunamis-2025-02-24_15-38-27.log: 'TempFileFinder' object has no attribute 'get_file_age'
2025-02-24 19:30:54,421 - ERROR - Error getting file info for C:\Users\Home\AppData\Local\Temp\AdobeVulcan\AdobeIPCBroker.log: 'TempFileFinder' object has no attribute 'get_file_age'
2025-02-24 19:30:54,468 - ERROR - Error getting file info for C:\Users\Home\AppData\Local\Temp\CreativeCloud\ACC\ACC.log: 'TempFileFinder' object has no attribute 'get_file_age'
2025-02-24 19:30:54,468 - ERROR - Error getting file info for C:\Users\Home\AppData\Local\Temp\CreativeCloud\ACC\CEF.log: 'TempFileFinder' object has no attribute 'get_file_age'
2025-02-24 19:30:54,468 - ERROR - Error getting file info for C:\Users\Home\AppData\Local\Temp\CreativeCloud\ACC\AdobeDownload\DLM.log: 'TempFileFinder' object has no attribute 'get_file_age'
2025-02-24 19:30:54,468 - ERROR - Error getting file info for C:\Users\Home\AppData\Local\Temp\CreativeCloud\ACPLocalLogs\creative_cloud_cloud_docs_v5_3 6.5.0.348\ACPL__2025-02-24_15-38-56.401616Z_00.log: 'TempFileFinder' object has no attribute 'get_file_age'
2025-02-24 19:30:54,468 - ERROR - Error getting file info for C:\Users\Home\AppData\Local\Temp\CreativeCloud\CCX Welcome\CCX Process.log: 'TempFileFinder' object has no attribute 'get_file_age'
2025-02-24 19:30:54,484 - ERROR - Error getting file info for C:\Users\Home\AppData\Local\Temp\CreativeCloud\CoreSync\CoreSync-2025-02-24.log: 'TempFileFinder' object has no attribute 'get_file_age'
2025-02-24 19:30:54,484 - ERROR - Error getting file info for C:\Users\Home\AppData\Local\Temp\is-P0VJ5.tmp\CodeSetup-stable-0.46.3.tmp: 'TempFileFinder' object has no attribute 'get_file_age'
2025-02-24 19:30:54,499 - ERROR - Error getting file info for C:\Users\Home\AppData\Local\Temp\NGL\NGLClient_CCXProcess16.3 2025-02-24 19-10-48-805.log: 'TempFileFinder' object has no attribute 'get_file_age'
2025-02-24 19:30:54,499 - ERROR - Error getting file info for C:\Users\Home\AppData\Local\Temp\NGL\NGLClient_CCXProcess16.3.log: 'TempFileFinder' object has no attribute 'get_file_age'
2025-02-24 19:30:54,499 - ERROR - Error getting file info for C:\Users\Home\AppData\Local\Temp\NGL\NGLClient_CoreSync17.4.0.31.log: 'TempFileFinder' object has no attribute 'get_file_age'
2025-02-24 19:30:54,499 - ERROR - Error getting file info for C:\Users\Home\AppData\Local\Temp\NGL\NGLClient_CreativeCloud26.5.0.348 2025-02-24 18-56-01-283.log: 'TempFileFinder' object has no attribute 'get_file_age'
2025-02-24 19:30:54,499 - ERROR - Error getting file info for C:\Users\Home\AppData\Local\Temp\NGL\NGLClient_CreativeCloud26.5.0.348.log: 'TempFileFinder' object has no attribute 'get_file_age'
2025-02-24 19:30:54,499 - ERROR - Error getting file info for C:\Users\Home\AppData\Local\Temp\NGL\NGLClient_default.log: 'TempFileFinder' object has no attribute 'get_file_age'
2025-02-24 19:30:54,515 - ERROR - Error getting file info for C:\Users\Home\AppData\Local\Temp\svj2ae5.tmp\svj2sda.tmp: 'TempFileFinder' object has no attribute 'get_file_age'
2025-02-24 19:30:54,515 - ERROR - Error getting file info for C:\Users\Home\AppData\Local\Temp\svj2ae5.tmp\svj2sn9.tmp: 'TempFileFinder' object has no attribute 'get_file_age'
2025-02-24 19:30:54,515 - ERROR - Error getting file info for C:\Users\Home\AppData\Local\Temp\svj2ae5.tmp\svj2v1n.tmp: 'TempFileFinder' object has no attribute 'get_file_age'
2025-02-24 19:30:54,515 - ERROR - Error getting file info for C:\Users\Home\AppData\Local\Temp\svj2ae5.tmp\svj2zwj.tmp: 'TempFileFinder' object has no attribute 'get_file_age'
2025-02-24 19:30:54,546 - ERROR - Error getting file info for C:\WINDOWS\Temp\adobegc.log: 'TempFileFinder' object has no attribute 'get_file_age'
2025-02-24 19:30:54,546 - ERROR - Error getting file info for C:\WINDOWS\Temp\dd_VSIXInstaller_20250218033505_0f38.log: 'TempFileFinder' object has no attribute 'get_file_age'
2025-02-24 19:30:54,546 - ERROR - Error getting file info for C:\WINDOWS\Temp\dd_VSIXInstaller_20250219033506_3eac.log: 'TempFileFinder' object has no attribute 'get_file_age'
2025-02-24 19:30:54,546 - ERROR - Error getting file info for C:\WINDOWS\Temp\dd_VSIXInstaller_20250220033506_0c88.log: 'TempFileFinder' object has no attribute 'get_file_age'
2025-02-24 19:30:54,546 - ERROR - Error getting file info for C:\WINDOWS\Temp\dd_VSIXInstaller_20250221033506_1f8c.log: 'TempFileFinder' object has no attribute 'get_file_age'
2025-02-24 19:30:54,546 - ERROR - Error getting file info for C:\WINDOWS\Temp\dd_VSIXInstaller_20250222033506_1058.log: 'TempFileFinder' object has no attribute 'get_file_age'
2025-02-24 19:30:54,546 - ERROR - Error getting file info for C:\WINDOWS\Temp\dd_VSIXInstaller_20250223110219_1cf4.log: 'TempFileFinder' object has no attribute 'get_file_age'
2025-02-24 19:30:54,546 - ERROR - Error getting file info for C:\WINDOWS\Temp\dd_VSIXInstaller_20250224033506_1ff0.log: 'TempFileFinder' object has no attribute 'get_file_age'
2025-02-24 19:30:54,546 - ERROR - Error getting file info for C:\WINDOWS\Temp\GoogleDFSSetup_250220155759_17720.log: 'TempFileFinder' object has no attribute 'get_file_age'
2025-02-24 19:30:54,546 - ERROR - Error getting file info for C:\WINDOWS\Temp\MpCmdRun.log: 'TempFileFinder' object has no attribute 'get_file_age'
2025-02-24 19:30:54,546 - ERROR - Error getting file info for C:\WINDOWS\Temp\MpSigStub.log: 'TempFileFinder' object has no attribute 'get_file_age'
2025-02-24 19:30:54,546 - ERROR - Error getting file info for C:\WINDOWS\Temp\CreativeCloud\ACC\ACC.log: 'TempFileFinder' object has no attribute 'get_file_age'
2025-02-24 19:30:54,562 - DEBUG - findfont: Matching sans\-serif:style=normal:variant=normal:weight=normal:stretch=normal:size=10.0.
2025-02-24 19:30:54,562 - DEBUG - findfont: score(FontEntry(fname='C:\\Users\\Home\\AppData\\Local\\Programs\\Python\\Python310\\lib\\site-packages\\matplotlib\\mpl-data\\fonts\\ttf\\STIXSizOneSymBol.ttf', name='STIXSizeOneSym', style='normal', variant='normal', weight=700, stretch='normal', size='scalable')) = 10.335
2025-02-24 19:30:54,562 - DEBUG - findfont: score(FontEntry(fname='C:\\Users\\Home\\AppData\\Local\\Programs\\Python\\Python310\\lib\\site-packages\\matplotlib\\mpl-data\\fonts\\ttf\\cmsy10.ttf', name='cmsy10', style='normal', variant='normal', weight=400, stretch='normal', size='scalable')) = 10.05
2025-02-24 19:30:54,562 - DEBUG - findfont: score(FontEntry(fname='C:\\Users\\Home\\AppData\\Local\\Programs\\Python\\Python310\\lib\\site-packages\\matplotlib\\mpl-data\\fonts\\ttf\\STIXGeneralItalic.ttf', name='STIXGeneral', style='italic', variant='normal', weight=400, stretch='normal', size='scalable')) = 11.05
2025-02-24 19:30:54,562 - DEBUG - findfont: score(FontEntry(fname='C:\\Users\\Home\\AppData\\Local\\Programs\\Python\\Python310\\lib\\site-packages\\matplotlib\\mpl-data\\fonts\\ttf\\STIXNonUniBolIta.ttf', name='STIXNonUnicode', style='italic', variant='normal', weight=700, stretch='normal', size='scalable')) = 11.335
2025-02-24 19:30:54,562 - DEBUG - findfont: score(FontEntry(fname='C:\\Users\\Home\\AppData\\Local\\Programs\\Python\\Python310\\lib\\site-packages\\matplotlib\\mpl-data\\fonts\\ttf\\DejaVuSans-BoldOblique.ttf', name='DejaVu Sans', style='oblique', variant='normal', weight=700, stretch='normal', size='scalable')) = 1.335
2025-02-24 19:30:54,562 - DEBUG - findfont: score(FontEntry(fname='C:\\Users\\Home\\AppData\\Local\\Programs\\Python\\Python310\\lib\\site-packages\\matplotlib\\mpl-data\\fonts\\ttf\\DejaVuSans-Oblique.ttf', name='DejaVu Sans', style='oblique', variant='normal', weight=400, stretch='normal', size='scalable')) = 1.05
2025-02-24 19:30:54,562 - DEBUG - findfont: score(FontEntry(fname='C:\\Users\\Home\\AppData\\Local\\Programs\\Python\\Python310\\lib\\site-packages\\matplotlib\\mpl-data\\fonts\\ttf\\DejaVuSerif.ttf', name='DejaVu Serif', style='normal', variant='normal', weight=400, stretch='normal', size='scalable')) = 10.05
2025-02-24 19:30:54,562 - DEBUG - findfont: score(FontEntry(fname='C:\\Users\\Home\\AppData\\Local\\Programs\\Python\\Python310\\lib\\site-packages\\matplotlib\\mpl-data\\fonts\\ttf\\STIXNonUni.ttf', name='STIXNonUnicode', style='normal', variant='normal', weight=400, stretch='normal', size='scalable')) = 10.05
2025-02-24 19:30:54,562 - DEBUG - findfont: score(FontEntry(fname='C:\\Users\\Home\\AppData\\Local\\Programs\\Python\\Python310\\lib\\site-packages\\matplotlib\\mpl-data\\fonts\\ttf\\STIXGeneralBolIta.ttf', name='STIXGeneral', style='italic', variant='normal', weight=700, stretch='normal', size='scalable')) = 11.335
2025-02-24 19:30:54,562 - DEBUG - findfont: score(FontEntry(fname='C:\\Users\\Home\\AppData\\Local\\Programs\\Python\\Python310\\lib\\site-packages\\matplotlib\\mpl-data\\fonts\\ttf\\STIXSizFiveSymReg.ttf', name='STIXSizeFiveSym', style='normal', variant='normal', weight=400, stretch='normal', size='scalable')) = 10.05
2025-02-24 19:30:54,562 - DEBUG - findfont: score(FontEntry(fname='C:\\Users\\Home\\AppData\\Local\\Programs\\Python\\Python310\\lib\\site-packages\\matplotlib\\mpl-data\\fonts\\ttf\\cmr10.ttf', name='cmr10', style='normal', variant='normal', weight=400, stretch='normal', size='scalable')) = 10.05
2025-02-24 19:30:54,562 - DEBUG - findfont: score(FontEntry(fname='C:\\Users\\Home\\AppData\\Local\\Programs\\Python\\Python310\\lib\\site-packages\\matplotlib\\mpl-data\\fonts\\ttf\\DejaVuSansMono-Bold.ttf', name='DejaVu Sans Mono', style='normal', variant='normal', weight=700, stretch='normal', size='scalable')) = 10.335
2025-02-24 19:30:54,562 - DEBUG - findfont: score(FontEntry(fname='C:\\Users\\Home\\AppData\\Local\\Programs\\Python\\Python310\\lib\\site-packages\\matplotlib\\mpl-data\\fonts\\ttf\\STIXNonUniIta.ttf', name='STIXNonUnicode', style='italic', variant='normal', weight=400, stretch='normal', size='scalable')) = 11.05
2025-02-24 19:30:54,562 - DEBUG - findfont: score(FontEntry(fname='C:\\Users\\Home\\AppData\\Local\\Programs\\Python\\Python310\\lib\\site-packages\\matplotlib\\mpl-data\\fonts\\ttf\\DejaVuSans-Bold.ttf', name='DejaVu Sans', style='normal', variant='normal', weight=700, stretch='normal', size='scalable')) = 0.33499999999999996
2025-02-24 19:30:54,562 - DEBUG - findfont: score(FontEntry(fname='C:\\Users\\Home\\AppData\\Local\\Programs\\Python\\Python310\\lib\\site-packages\\matplotlib\\mpl-data\\fonts\\ttf\\DejaVuSerif-Italic.ttf', name='DejaVu Serif', style='italic', variant='normal', weight=400, stretch='normal', size='scalable')) = 11.05
2025-02-24 19:30:54,562 - DEBUG - findfont: score(FontEntry(fname='C:\\Users\\Home\\AppData\\Local\\Programs\\Python\\Python310\\lib\\site-packages\\matplotlib\\mpl-data\\fonts\\ttf\\cmss10.ttf', name='cmss10', style='normal', variant='normal', weight=400, stretch='normal', size='scalable')) = 10.05
2025-02-24 19:30:54,562 - DEBUG - findfont: score(FontEntry(fname='C:\\Users\\Home\\AppData\\Local\\Programs\\Python\\Python310\\lib\\site-packages\\matplotlib\\mpl-data\\fonts\\ttf\\DejaVuSansMono-BoldOblique.ttf', name='DejaVu Sans Mono', style='oblique', variant='normal', weight=700, stretch='normal', size='scalable')) = 11.335
2025-02-24 19:30:54,562 - DEBUG - findfont: score(FontEntry(fname='C:\\Users\\Home\\AppData\\Local\\Programs\\Python\\Python310\\lib\\site-packages\\matplotlib\\mpl-data\\fonts\\ttf\\DejaVuSansDisplay.ttf', name='DejaVu Sans Display', style='normal', variant='normal', weight=400, stretch='normal', size='scalable')) = 10.05
2025-02-24 19:30:54,562 - DEBUG - findfont: score(FontEntry(fname='C:\\Users\\Home\\AppData\\Local\\Programs\\Python\\Python310\\lib\\site-packages\\matplotlib\\mpl-data\\fonts\\ttf\\STIXSizTwoSymBol.ttf', name='STIXSizeTwoSym', style='normal', variant='normal', weight=700, stretch='normal', size='scalable')) = 10.335
2025-02-24 19:30:54,562 - DEBUG - findfont: score(FontEntry(fname='C:\\Users\\Home\\AppData\\Local\\Programs\\Python\\Python310\\lib\\site-packages\\matplotlib\\mpl-data\\fonts\\ttf\\STIXSizThreeSymReg.ttf', name='STIXSizeThreeSym', style='normal', variant='normal', weight=400, stretch='normal', size='scalable')) = 10.05
2025-02-24 19:30:54,562 - DEBUG - findfont: score(FontEntry(fname='C:\\Users\\Home\\AppData\\Local\\Programs\\Python\\Python310\\lib\\site-packages\\matplotlib\\mpl-data\\fonts\\ttf\\DejaVuSerif-BoldItalic.ttf', name='DejaVu Serif', style='italic', variant='normal', weight=700, stretch='normal', size='scalable')) = 11.335
2025-02-24 19:30:54,562 - DEBUG - findfont: score(FontEntry(fname='C:\\Users\\Home\\AppData\\Local\\Programs\\Python\\Python310\\lib\\site-packages\\matplotlib\\mpl-data\\fonts\\ttf\\STIXSizFourSymReg.ttf', name='STIXSizeFourSym', style='normal', variant='normal', weight=400, stretch='normal', size='scalable')) = 10.05
2025-02-24 19:30:54,562 - DEBUG - findfont: score(FontEntry(fname='C:\\Users\\Home\\AppData\\Local\\Programs\\Python\\Python310\\lib\\site-packages\\matplotlib\\mpl-data\\fonts\\ttf\\STIXSizFourSymBol.ttf', name='STIXSizeFourSym', style='normal', variant='normal', weight=700, stretch='normal', size='scalable')) = 10.335
2025-02-24 19:30:54,562 - DEBUG - findfont: score(FontEntry(fname='C:\\Users\\Home\\AppData\\Local\\Programs\\Python\\Python310\\lib\\site-packages\\matplotlib\\mpl-data\\fonts\\ttf\\DejaVuSans.ttf', name='DejaVu Sans', style='normal', variant='normal', weight=400, stretch='normal', size='scalable')) = 0.05
2025-02-24 19:30:54,562 - DEBUG - findfont: score(FontEntry(fname='C:\\Users\\Home\\AppData\\Local\\Programs\\Python\\Python310\\lib\\site-packages\\matplotlib\\mpl-data\\fonts\\ttf\\cmtt10.ttf', name='cmtt10', style='normal', variant='normal', weight=400, stretch='normal', size='scalable')) = 10.05
2025-02-24 19:30:54,562 - DEBUG - findfont: score(FontEntry(fname='C:\\Users\\Home\\AppData\\Local\\Programs\\Python\\Python310\\lib\\site-packages\\matplotlib\\mpl-data\\fonts\\ttf\\STIXSizTwoSymReg.ttf', name='STIXSizeTwoSym', style='normal', variant='normal', weight=400, stretch='normal', size='scalable')) = 10.05
2025-02-24 19:30:54,562 - DEBUG - findfont: score(FontEntry(fname='C:\\Users\\Home\\AppData\\Local\\Programs\\Python\\Python310\\lib\\site-packages\\matplotlib\\mpl-data\\fonts\\ttf\\STIXSizOneSymReg.ttf', name='STIXSizeOneSym', style='normal', variant='normal', weight=400, stretch='normal', size='scalable')) = 10.05
2025-02-24 19:30:54,562 - DEBUG - findfont: score(FontEntry(fname='C:\\Users\\Home\\AppData\\Local\\Programs\\Python\\Python310\\lib\\site-packages\\matplotlib\\mpl-data\\fonts\\ttf\\STIXGeneralBol.ttf', name='STIXGeneral', style='normal', variant='normal', weight=700, stretch='normal', size='scalable')) = 10.335
2025-02-24 19:30:54,562 - DEBUG - findfont: score(FontEntry(fname='C:\\Users\\Home\\AppData\\Local\\Programs\\Python\\Python310\\lib\\site-packages\\matplotlib\\mpl-data\\fonts\\ttf\\cmmi10.ttf', name='cmmi10', style='normal', variant='normal', weight=400, stretch='normal', size='scalable')) = 10.05
2025-02-24 19:30:54,562 - DEBUG - findfont: score(FontEntry(fname='C:\\Users\\Home\\AppData\\Local\\Programs\\Python\\Python310\\lib\\site-packages\\matplotlib\\mpl-data\\fonts\\ttf\\STIXNonUniBol.ttf', name='STIXNonUnicode', style='normal', variant='normal', weight=700, stretch='normal', size='scalable')) = 10.335
2025-02-24 19:30:54,562 - DEBUG - findfont: score(FontEntry(fname='C:\\Users\\Home\\AppData\\Local\\Programs\\Python\\Python310\\lib\\site-packages\\matplotlib\\mpl-data\\fonts\\ttf\\STIXGeneral.ttf', name='STIXGeneral', style='normal', variant='normal', weight=400, stretch='normal', size='scalable')) = 10.05
2025-02-24 19:30:54,562 - DEBUG - findfont: score(FontEntry(fname='C:\\Users\\Home\\AppData\\Local\\Programs\\Python\\Python310\\lib\\site-packages\\matplotlib\\mpl-data\\fonts\\ttf\\STIXSizThreeSymBol.ttf', name='STIXSizeThreeSym', style='normal', variant='normal', weight=700, stretch='normal', size='scalable')) = 10.335
2025-02-24 19:30:54,562 - DEBUG - findfont: score(FontEntry(fname='C:\\Users\\Home\\AppData\\Local\\Programs\\Python\\Python310\\lib\\site-packages\\matplotlib\\mpl-data\\fonts\\ttf\\DejaVuSansMono-Oblique.ttf', name='DejaVu Sans Mono', style='oblique', variant='normal', weight=400, stretch='normal', size='scalable')) = 11.05
2025-02-24 19:30:54,562 - DEBUG - findfont: score(FontEntry(fname='C:\\Users\\Home\\AppData\\Local\\Programs\\Python\\Python310\\lib\\site-packages\\matplotlib\\mpl-data\\fonts\\ttf\\cmex10.ttf', name='cmex10', style='normal', variant='normal', weight=400, stretch='normal', size='scalable')) = 10.05
2025-02-24 19:30:54,562 - DEBUG - findfont: score(FontEntry(fname='C:\\Users\\Home\\AppData\\Local\\Programs\\Python\\Python310\\lib\\site-packages\\matplotlib\\mpl-data\\fonts\\ttf\\cmb10.ttf', name='cmb10', style='normal', variant='normal', weight=400, stretch='normal', size='scalable')) = 10.05
2025-02-24 19:30:54,562 - DEBUG - findfont: score(FontEntry(fname='C:\\Users\\Home\\AppData\\Local\\Programs\\Python\\Python310\\lib\\site-packages\\matplotlib\\mpl-data\\fonts\\ttf\\DejaVuSansMono.ttf', name='DejaVu Sans Mono', style='normal', variant='normal', weight=400, stretch='normal', size='scalable')) = 10.05
2025-02-24 19:30:54,562 - DEBUG - findfont: score(FontEntry(fname='C:\\Users\\Home\\AppData\\Local\\Programs\\Python\\Python310\\lib\\site-packages\\matplotlib\\mpl-data\\fonts\\ttf\\DejaVuSerifDisplay.ttf', name='DejaVu Serif Display', style='normal', variant='normal', weight=400, stretch='normal', size='scalable')) = 10.05
2025-02-24 19:30:54,562 - DEBUG - findfont: score(FontEntry(fname='C:\\Users\\Home\\AppData\\Local\\Programs\\Python\\Python310\\lib\\site-packages\\matplotlib\\mpl-data\\fonts\\ttf\\DejaVuSerif-Bold.ttf', name='DejaVu Serif', style='normal', variant='normal', weight=700, stretch='normal', size='scalable')) = 10.335
2025-02-24 19:30:54,562 - DEBUG - findfont: score(FontEntry(fname='C:\\Windows\\Fonts\\SitkaZ.ttc', name='Sitka Small', style='italic', variant='normal', weight=700, stretch='normal', size='scalable')) = 11.335
2025-02-24 19:30:54,562 - DEBUG - findfont: score(FontEntry(fname='C:\\Windows\\Fonts\\DejaVuSans-Oblique.ttf', name='DejaVu Sans', style='oblique', variant='normal', weight=400, stretch='normal', size='scalable')) = 1.05
2025-02-24 19:30:54,562 - DEBUG - findfont: score(FontEntry(fname='C:\\Windows\\Fonts\\segoepr.ttf', name='Segoe Print', style='normal', variant='normal', weight=400, stretch='normal', size='scalable')) = 10.05
2025-02-24 19:30:54,562 - DEBUG - findfont: score(FontEntry(fname='C:\\Windows\\Fonts\\DejaVuSerifCondensed-Bold.ttf', name='DejaVu Serif', style='normal', variant='normal', weight=700, stretch='condensed', size='scalable')) = 10.535
2025-02-24 19:30:54,562 - DEBUG - findfont: score(FontEntry(fname='C:\\Windows\\Fonts\\wingding.ttf', name='Wingdings', style='normal', variant='normal', weight=400, stretch='normal', size='scalable')) = 10.05
2025-02-24 19:30:54,562 - DEBUG - findfont: score(FontEntry(fname='C:\\Windows\\Fonts\\DejaVuSerif-BoldItalic.ttf', name='DejaVu Serif', style='italic', variant='normal', weight=700, stretch='normal', size='scalable')) = 11.335
2025-02-24 19:30:54,562 - DEBUG - findfont: score(FontEntry(fname='C:\\Windows\\Fonts\\ebrimabd.ttf', name='Ebrima', style='normal', variant='normal', weight=700, stretch='normal', size='scalable')) = 10.335
2025-02-24 19:30:54,562 - DEBUG - findfont: score(FontEntry(fname='C:\\Windows\\Fonts\\arialbi.ttf', name='Arial', style='italic', variant='normal', weight=700, stretch='normal', size='scalable')) = 7.698636363636363
2025-02-24 19:30:54,562 - DEBUG - findfont: score(FontEntry(fname='C:\\Windows\\Fonts\\DejaVuSans-ExtraLight.ttf', name='DejaVu Sans', style='normal', variant='normal', weight=200, stretch='normal', size='scalable')) = 0.24
2025-02-24 19:30:54,562 - DEBUG - findfont: score(FontEntry(fname='C:\\Windows\\Fonts\\ntailu.ttf', name='Microsoft New Tai Lue', style='normal', variant='normal', weight=400, stretch='normal', size='scalable')) = 10.05
2025-02-24 19:30:54,562 - DEBUG - findfont: score(FontEntry(fname='C:\\Windows\\Fonts\\seguili.ttf', name='Segoe UI', style='italic', variant='normal', weight=300, stretch='normal', size='scalable')) = 11.145
2025-02-24 19:30:54,562 - DEBUG - findfont: score(FontEntry(fname='C:\\Windows\\Fonts\\segmdl2.ttf', name='Segoe MDL2 Assets', style='normal', variant='normal', weight=400, stretch='normal', size='scalable')) = 10.05
2025-02-24 19:30:54,562 - DEBUG - findfont: score(FontEntry(fname='C:\\Windows\\Fonts\\opens___.ttf', name='OpenSymbol', style='normal', variant='normal', weight=400, stretch='normal', size='scalable')) = 10.05
2025-02-24 19:30:54,562 - DEBUG - findfont: score(FontEntry(fname='C:\\Windows\\Fonts\\malgunsl.ttf', name='Malgun Gothic', style='normal', variant='normal', weight=300, stretch='normal', size='scalable')) = 10.145
2025-02-24 19:30:54,562 - DEBUG - findfont: score(FontEntry(fname='C:\\Windows\\Fonts\\segoescb.ttf', name='Segoe Script', style='normal', variant='normal', weight=700, stretch='normal', size='scalable')) = 10.335
2025-02-24 19:30:54,562 - DEBUG - findfont: score(FontEntry(fname='C:\\Windows\\Fonts\\YuGothB.ttc', name='Yu Gothic', style='normal', variant='normal', weight=700, stretch='normal', size='scalable')) = 10.335
2025-02-24 19:30:54,562 - DEBUG - findfont: score(FontEntry(fname='C:\\Windows\\Fonts\\DejaVuSansMono-BoldOblique.ttf', name='DejaVu Sans Mono', style='oblique', variant='normal', weight=700, stretch='normal', size='scalable')) = 11.335
2025-02-24 19:30:54,562 - DEBUG - findfont: score(FontEntry(fname='C:\\Windows\\Fonts\\segoeuib.ttf', name='Segoe UI', style='normal', variant='normal', weight=700, stretch='normal', size='scalable')) = 10.335
2025-02-24 19:30:54,562 - DEBUG - findfont: score(FontEntry(fname='C:\\Windows\\Fonts\\ariali.ttf', name='Arial', style='italic', variant='normal', weight=400, stretch='normal', size='scalable')) = 7.413636363636363
2025-02-24 19:30:54,562 - DEBUG - findfont: score(FontEntry(fname='C:\\Windows\\Fonts\\msyhbd.ttc', name='Microsoft YaHei', style='normal', variant='normal', weight=700, stretch='normal', size='scalable')) = 10.335
2025-02-24 19:30:54,562 - DEBUG - findfont: score(FontEntry(fname='C:\\Windows\\Fonts\\courbd.ttf', name='Courier New', style='normal', variant='normal', weight=700, stretch='normal', size='scalable')) = 10.335
2025-02-24 19:30:54,562 - DEBUG - findfont: score(FontEntry(fname='C:\\Windows\\Fonts\\Gabriola.ttf', name='Gabriola', style='normal', variant='normal', weight=400, stretch='normal', size='scalable')) = 10.05
2025-02-24 19:30:54,562 - DEBUG - findfont: score(FontEntry(fname='C:\\Windows\\Fonts\\symbol.ttf', name='Symbol', style='normal', variant='normal', weight=400, stretch='normal', size='scalable')) = 10.05
2025-02-24 19:30:54,562 - DEBUG - findfont: score(FontEntry(fname='C:\\Windows\\Fonts\\calibrii.ttf', name='Calibri', style='italic', variant='normal', weight=400, stretch='normal', size='scalable')) = 11.05
2025-02-24 19:30:54,562 - DEBUG - findfont: score(FontEntry(fname='C:\\Windows\\Fonts\\CascadiaCode.ttf', name='Cascadia Code', style='normal', variant='normal', weight=400, stretch='normal', size='scalable')) = 10.05
2025-02-24 19:30:54,562 - DEBUG - findfont: score(FontEntry(fname='C:\\Windows\\Fonts\\Inkfree.ttf', name='Ink Free', style='normal', variant='normal', weight=400, stretch='normal', size='scalable')) = 10.05
2025-02-24 19:30:54,562 - DEBUG - findfont: score(FontEntry(fname='C:\\Windows\\Fonts\\seguisym.ttf', name='Segoe UI Symbol', style='normal', variant='normal', weight=400, stretch='normal', size='scalable')) = 10.05
2025-02-24 19:30:54,562 - DEBUG - findfont: score(FontEntry(fname='C:\\Windows\\Fonts\\corbeli.ttf', name='Corbel', style='italic', variant='normal', weight=400, stretch='normal', size='scalable')) = 11.05
2025-02-24 19:30:54,562 - DEBUG - findfont: score(FontEntry(fname='C:\\Windows\\Fonts\\GenBkBasBI.ttf', name='Gentium Book Basic', style='italic', variant='normal', weight=700, stretch='normal', size='scalable')) = 11.335
2025-02-24 19:30:54,562 - DEBUG - findfont: score(FontEntry(fname='C:\\Windows\\Fonts\\calibri.ttf', name='Calibri', style='normal', variant='normal', weight=400, stretch='normal', size='scalable')) = 10.05
2025-02-24 19:30:54,562 - DEBUG - findfont: score(FontEntry(fname='C:\\Windows\\Fonts\\malgunbd.ttf', name='Malgun Gothic', style='normal', variant='normal', weight=700, stretch='normal', size='scalable')) = 10.335
2025-02-24 19:30:54,562 - DEBUG - findfont: score(FontEntry(fname='C:\\Windows\\Fonts\\gadugib.ttf', name='Gadugi', style='normal', variant='normal', weight=700, stretch='normal', size='scalable')) = 10.335
2025-02-24 19:30:54,562 - DEBUG - findfont: score(FontEntry(fname='C:\\Windows\\Fonts\\DejaVuSansCondensed.ttf', name='DejaVu Sans', style='normal', variant='normal', weight=400, stretch='condensed', size='scalable')) = 0.25
2025-02-24 19:30:54,562 - DEBUG - findfont: score(FontEntry(fname='C:\\Windows\\Fonts\\LeelawUI.ttf', name='Leelawadee UI', style='normal', variant='normal', weight=400, stretch='normal', size='scalable')) = 10.05
2025-02-24 19:30:54,562 - DEBUG - findfont: score(FontEntry(fname='C:\\Windows\\Fonts\\msyhl.ttc', name='Microsoft YaHei', style='normal', variant='normal', weight=290, stretch='normal', size='scalable')) = 10.1545
2025-02-24 19:30:54,562 - DEBUG - findfont: score(FontEntry(fname='C:\\Windows\\Fonts\\ZWAdobeF.TTF', name='ZWAdobeF', style='normal', variant='normal', weight=400, stretch='normal', size='scalable')) = 10.05
2025-02-24 19:30:54,562 - DEBUG - findfont: score(FontEntry(fname='C:\\Windows\\Fonts\\calibriz.ttf', name='Calibri', style='italic', variant='normal', weight=700, stretch='normal', size='scalable')) = 11.335
2025-02-24 19:30:54,562 - DEBUG - findfont: score(FontEntry(fname='C:\\Windows\\Fonts\\GenBkBasB.ttf', name='Gentium Book Basic', style='normal', variant='normal', weight=700, stretch='normal', size='scalable')) = 10.335
2025-02-24 19:30:54,562 - DEBUG - findfont: score(FontEntry(fname='C:\\Windows\\Fonts\\framdit.ttf', name='Franklin Gothic Medium', style='italic', variant='normal', weight=400, stretch='normal', size='scalable')) = 11.05
2025-02-24 19:30:54,562 - DEBUG - findfont: score(FontEntry(fname='C:\\Windows\\Fonts\\holomdl2.ttf', name='HoloLens MDL2 Assets', style='normal', variant='normal', weight=400, stretch='normal', size='scalable')) = 10.05
2025-02-24 19:30:54,562 - DEBUG - findfont: score(FontEntry(fname='C:\\Windows\\Fonts\\tahomabd.ttf', name='Tahoma', style='normal', variant='normal', weight=700, stretch='normal', size='scalable')) = 10.335
2025-02-24 19:30:54,562 - DEBUG - findfont: score(FontEntry(fname='C:\\Windows\\Fonts\\DejaVuSansCondensed-Bold.ttf', name='DejaVu Sans', style='normal', variant='normal', weight=700, stretch='condensed', size='scalable')) = 0.5349999999999999
2025-02-24 19:30:54,562 - DEBUG - findfont: score(FontEntry(fname='C:\\Windows\\Fonts\\Caladea-Regular.ttf', name='Caladea', style='normal', variant='normal', weight=400, stretch='normal', size='scalable')) = 10.05
2025-02-24 19:30:54,562 - DEBUG - findfont: score(FontEntry(fname='C:\\Windows\\Fonts\\DejaVuSansMono-Bold.ttf', name='DejaVu Sans Mono', style='normal', variant='normal', weight=700, stretch='normal', size='scalable')) = 10.335
2025-02-24 19:30:54,562 - DEBUG - findfont: score(FontEntry(fname='C:\\Windows\\Fonts\\Caladea-Bold.ttf', name='Caladea', style='normal', variant='normal', weight=700, stretch='normal', size='scalable')) = 10.335
2025-02-24 19:30:54,562 - DEBUG - findfont: score(FontEntry(fname='C:\\Windows\\Fonts\\corbell.ttf', name='Corbel', style='normal', variant='normal', weight=300, stretch='normal', size='scalable')) = 10.145
2025-02-24 19:30:54,562 - DEBUG - findfont: score(FontEntry(fname='C:\\Windows\\Fonts\\CascadiaMono.ttf', name='Cascadia Mono', style='normal', variant='normal', weight=400, stretch='normal', size='scalable')) = 10.05
2025-02-24 19:30:54,562 - DEBUG - findfont: score(FontEntry(fname='C:\\Windows\\Fonts\\tahoma.ttf', name='Tahoma', style='normal', variant='normal', weight=400, stretch='normal', size='scalable')) = 10.05
2025-02-24 19:30:54,562 - DEBUG - findfont: score(FontEntry(fname='C:\\Windows\\Fonts\\l_10646.ttf', name='Lucida Sans Unicode', style='normal', variant='normal', weight=400, stretch='normal', size='scalable')) = 10.05
2025-02-24 19:30:54,562 - DEBUG - findfont: score(FontEntry(fname='C:\\Windows\\Fonts\\simsun.ttc', name='SimSun', style='normal', variant='normal', weight=400, stretch='normal', size='scalable')) = 10.05
2025-02-24 19:30:54,562 - DEBUG - findfont: score(FontEntry(fname='C:\\Windows\\Fonts\\msjhl.ttc', name='Microsoft JhengHei', style='normal', variant='normal', weight=290, stretch='normal', size='scalable')) = 10.1545
2025-02-24 19:30:54,562 - DEBUG - findfont: score(FontEntry(fname='C:\\Windows\\Fonts\\seguihis.ttf', name='Segoe UI Historic', style='normal', variant='normal', weight=400, stretch='normal', size='scalable')) = 10.05
2025-02-24 19:30:54,562 - DEBUG - findfont: score(FontEntry(fname='C:\\Windows\\Fonts\\DejaVuSansCondensed-Oblique.ttf', name='DejaVu Sans', style='oblique', variant='normal', weight=400, stretch='condensed', size='scalable')) = 1.25
2025-02-24 19:30:54,562 - DEBUG - findfont: score(FontEntry(fname='C:\\Windows\\Fonts\\georgia.ttf', name='Georgia', style='normal', variant='normal', weight=400, stretch='normal', size='scalable')) = 10.05
2025-02-24 19:30:54,562 - DEBUG - findfont: score(FontEntry(fname='C:\\Windows\\Fonts\\bahnschrift.ttf', name='Bahnschrift', style='normal', variant='normal', weight=400, stretch='normal', size='scalable')) = 10.05
2025-02-24 19:30:54,562 - DEBUG - findfont: score(FontEntry(fname='C:\\Windows\\Fonts\\seguisb.ttf', name='Segoe UI', style='normal', variant='normal', weight=600, stretch='normal', size='scalable')) = 10.24
2025-02-24 19:30:54,562 - DEBUG - findfont: score(FontEntry(fname='C:\\Windows\\Fonts\\LeelUIsl.ttf', name='Leelawadee UI', style='normal', variant='normal', weight=350, stretch='normal', size='scalable')) = 10.0975
2025-02-24 19:30:54,562 - DEBUG - findfont: score(FontEntry(fname='C:\\Windows\\Fonts\\NirmalaB.ttf', name='Nirmala UI', style='normal', variant='normal', weight=700, stretch='normal', size='scalable')) = 10.335
2025-02-24 19:30:54,562 - DEBUG - findfont: score(FontEntry(fname='C:\\Windows\\Fonts\\ebrima.ttf', name='Ebrima', style='normal', variant='normal', weight=400, stretch='normal', size='scalable')) = 10.05
2025-02-24 19:30:54,562 - DEBUG - findfont: score(FontEntry(fname='C:\\Windows\\Fonts\\cambriaz.ttf', name='Cambria', style='italic', variant='normal', weight=700, stretch='normal', size='scalable')) = 11.335
2025-02-24 19:30:54,562 - DEBUG - findfont: score(FontEntry(fname='C:\\Windows\\Fonts\\pala.ttf', name='Palatino Linotype', style='normal', variant='normal', weight=400, stretch='normal', size='scalable')) = 10.05
2025-02-24 19:30:54,562 - DEBUG - findfont: score(FontEntry(fname='C:\\Windows\\Fonts\\segoeuiz.ttf', name='Segoe UI', style='italic', variant='normal', weight=700, stretch='normal', size='scalable')) = 11.335
2025-02-24 19:30:54,562 - DEBUG - findfont: score(FontEntry(fname='C:\\Windows\\Fonts\\georgiab.ttf', name='Georgia', style='normal', variant='normal', weight=700, stretch='normal', size='scalable')) = 10.335
2025-02-24 19:30:54,562 - DEBUG - findfont: score(FontEntry(fname='C:\\Windows\\Fonts\\DejaVuSans-Bold.ttf', name='DejaVu Sans', style='normal', variant='normal', weight=700, stretch='normal', size='scalable')) = 0.33499999999999996
2025-02-24 19:30:54,562 - DEBUG - findfont: score(FontEntry(fname='C:\\Windows\\Fonts\\Sitka.ttc', name='Sitka Small', style='normal', variant='normal', weight=400, stretch='normal', size='scalable')) = 10.05
2025-02-24 19:30:54,562 - DEBUG - findfont: score(FontEntry(fname='C:\\Windows\\Fonts\\cambriai.ttf', name='Cambria', style='italic', variant='normal', weight=400, stretch='normal', size='scalable')) = 11.05
2025-02-24 19:30:54,562 - DEBUG - findfont: score(FontEntry(fname='C:\\Windows\\Fonts\\ntailub.ttf', name='Microsoft New Tai Lue', style='normal', variant='normal', weight=700, stretch='normal', size='scalable')) = 10.335
2025-02-24 19:30:54,562 - DEBUG - findfont: score(FontEntry(fname='C:\\Windows\\Fonts\\comic.ttf', name='Comic Sans MS', style='normal', variant='normal', weight=400, stretch='normal', size='scalable')) = 10.05
2025-02-24 19:30:54,562 - DEBUG - findfont: score(FontEntry(fname='C:\\Windows\\Fonts\\SitkaB.ttc', name='Sitka Small', style='normal', variant='normal', weight=700, stretch='normal', size='scalable')) = 10.335
2025-02-24 19:30:54,562 - DEBUG - findfont: score(FontEntry(fname='C:\\Windows\\Fonts\\comici.ttf', name='Comic Sans MS', style='italic', variant='normal', weight=400, stretch='normal', size='scalable')) = 11.05
2025-02-24 19:30:54,562 - DEBUG - findfont: score(FontEntry(fname='C:\\Windows\\Fonts\\courbi.ttf', name='Courier New', style='italic', variant='normal', weight=700, stretch='normal', size='scalable')) = 11.335
2025-02-24 19:30:54,562 - DEBUG - findfont: score(FontEntry(fname='C:\\Windows\\Fonts\\DejaVuSans.ttf', name='DejaVu Sans', style='normal', variant='normal', weight=400, stretch='normal', size='scalable')) = 0.05
2025-02-24 19:30:54,562 - DEBUG - findfont: score(FontEntry(fname='C:\\Windows\\Fonts\\DejaVuSerif-Italic.ttf', name='DejaVu Serif', style='italic', variant='normal', weight=400, stretch='normal', size='scalable')) = 11.05
2025-02-24 19:30:54,562 - DEBUG - findfont: score(FontEntry(fname='C:\\Windows\\Fonts\\GenBasR.ttf', name='Gentium Basic', style='normal', variant='normal', weight=400, stretch='normal', size='scalable')) = 10.05
2025-02-24 19:30:54,562 - DEBUG - findfont: score(FontEntry(fname='C:\\Windows\\Fonts\\consolab.ttf', name='Consolas', style='normal', variant='normal', weight=700, stretch='normal', size='scalable')) = 10.335
2025-02-24 19:30:54,562 - DEBUG - findfont: score(FontEntry(fname='C:\\Windows\\Fonts\\seguisli.ttf', name='Segoe UI', style='italic', variant='normal', weight=350, stretch='normal', size='scalable')) = 11.0975
2025-02-24 19:30:54,562 - DEBUG - findfont: score(FontEntry(fname='C:\\Windows\\Fonts\\consolaz.ttf', name='Consolas', style='italic', variant='normal', weight=700, stretch='normal', size='scalable')) = 11.335
2025-02-24 19:30:54,562 - DEBUG - findfont: score(FontEntry(fname='C:\\Windows\\Fonts\\seguiemj.ttf', name='Segoe UI Emoji', style='normal', variant='normal', weight=400, stretch='normal', size='scalable')) = 10.05
2025-02-24 19:30:54,562 - DEBUG - findfont: score(FontEntry(fname='C:\\Windows\\Fonts\\mingliub.ttc', name='MingLiU-ExtB', style='normal', variant='normal', weight=400, stretch='normal', size='scalable')) = 10.05
2025-02-24 19:30:54,562 - DEBUG - findfont: score(FontEntry(fname='C:\\Windows\\Fonts\\malgun.ttf', name='Malgun Gothic', style='normal', variant='normal', weight=400, stretch='normal', size='scalable')) = 10.05
2025-02-24 19:30:54,562 - DEBUG - findfont: score(FontEntry(fname='C:\\Windows\\Fonts\\segoeprb.ttf', name='Segoe Print', style='normal', variant='normal', weight=700, stretch='normal', size='scalable')) = 10.335
2025-02-24 19:30:54,562 - DEBUG - findfont: score(FontEntry(fname='C:\\Windows\\Fonts\\Candarai.ttf', name='Candara', style='italic', variant='normal', weight=400, stretch='normal', size='scalable')) = 11.05
2025-02-24 19:30:54,562 - DEBUG - findfont: score(FontEntry(fname='C:\\Windows\\Fonts\\palabi.ttf', name='Palatino Linotype', style='italic', variant='normal', weight=700, stretch='normal', size='scalable')) = 11.335
2025-02-24 19:30:54,562 - DEBUG - findfont: score(FontEntry(fname='C:\\Windows\\Fonts\\seguisbi.ttf', name='Segoe UI', style='italic', variant='normal', weight=600, stretch='normal', size='scalable')) = 11.24
2025-02-24 19:30:54,577 - DEBUG - findfont: score(FontEntry(fname='C:\\Windows\\Fonts\\Candarali.ttf', name='Candara', style='italic', variant='normal', weight=400, stretch='normal', size='scalable')) = 11.05
2025-02-24 19:30:54,577 - DEBUG - findfont: score(FontEntry(fname='C:\\Windows\\Fonts\\msyh.ttc', name='Microsoft YaHei', style='normal', variant='normal', weight=400, stretch='normal', size='scalable')) = 10.05
2025-02-24 19:30:54,577 - DEBUG - findfont: score(FontEntry(fname='C:\\Windows\\Fonts\\Carlito-Regular.ttf', name='Carlito', style='normal', variant='normal', weight=400, stretch='normal', size='scalable')) = 10.05
2025-02-24 19:30:54,577 - DEBUG - findfont: score(FontEntry(fname='C:\\Windows\\Fonts\\verdanab.ttf', name='Verdana', style='normal', variant='normal', weight=700, stretch='normal', size='scalable')) = 3.9713636363636367
2025-02-24 19:30:54,577 - DEBUG - findfont: score(FontEntry(fname='C:\\Windows\\Fonts\\Carlito-BoldItalic.ttf', name='Carlito', style='italic', variant='normal', weight=700, stretch='normal', size='scalable')) = 11.335
2025-02-24 19:30:54,577 - DEBUG - findfont: score(FontEntry(fname='C:\\Windows\\Fonts\\seguibli.ttf', name='Segoe UI', style='italic', variant='normal', weight=900, stretch='normal', size='scalable')) = 11.525
2025-02-24 19:30:54,577 - DEBUG - findfont: score(FontEntry(fname='C:\\Users\\Home\\AppData\\Local\\Microsoft\\Windows\\Fonts\\AutografPersonalUseOnly-mOBm.ttf', name='Autograf PERSONAL USE ONLY', style='normal', variant='normal', weight=400, stretch='normal', size='scalable')) = 10.05
2025-02-24 19:30:54,577 - DEBUG - findfont: score(FontEntry(fname='C:\\Windows\\Fonts\\corbelli.ttf', name='Corbel', style='italic', variant='normal', weight=300, stretch='normal', size='scalable')) = 11.145
2025-02-24 19:30:54,577 - DEBUG - findfont: score(FontEntry(fname='C:\\Windows\\Fonts\\times.ttf', name='Times New Roman', style='normal', variant='normal', weight=400, stretch='normal', size='scalable')) = 10.05
2025-02-24 19:30:54,577 - DEBUG - findfont: score(FontEntry(fname='C:\\Windows\\Fonts\\ariblk.ttf', name='Arial', style='normal', variant='normal', weight=900, stretch='normal', size='scalable')) = 6.888636363636364
2025-02-24 19:30:54,577 - DEBUG - findfont: score(FontEntry(fname='C:\\Windows\\Fonts\\Caladea-Italic.ttf', name='Caladea', style='italic', variant='normal', weight=400, stretch='normal', size='scalable')) = 11.05
2025-02-24 19:30:54,577 - DEBUG - findfont: score(FontEntry(fname='C:\\Windows\\Fonts\\DejaVuSansMono-Oblique.ttf', name='DejaVu Sans Mono', style='oblique', variant='normal', weight=400, stretch='normal', size='scalable')) = 11.05
2025-02-24 19:30:54,577 - DEBUG - findfont: score(FontEntry(fname='C:\\Windows\\Fonts\\framd.ttf', name='Franklin Gothic Medium', style='normal', variant='normal', weight=400, stretch='normal', size='scalable')) = 10.05
2025-02-24 19:30:54,577 - DEBUG - findfont: score(FontEntry(fname='C:\\Windows\\Fonts\\segoeuil.ttf', name='Segoe UI', style='normal', variant='normal', weight=300, stretch='normal', size='scalable')) = 10.145
2025-02-24 19:30:54,577 - DEBUG - findfont: score(FontEntry(fname='C:\\Windows\\Fonts\\comicbd.ttf', name='Comic Sans MS', style='normal', variant='normal', weight=700, stretch='normal', size='scalable')) = 10.335
2025-02-24 19:30:54,577 - DEBUG - findfont: score(FontEntry(fname='C:\\Windows\\Fonts\\mmrtextb.ttf', name='Myanmar Text', style='normal', variant='normal', weight=700, stretch='normal', size='scalable')) = 10.335
2025-02-24 19:30:54,577 - DEBUG - findfont: score(FontEntry(fname='C:\\Windows\\Fonts\\DejaVuSansMono.ttf', name='DejaVu Sans Mono', style='normal', variant='normal', weight=400, stretch='normal', size='scalable')) = 10.05
2025-02-24 19:30:54,577 - DEBUG - findfont: score(FontEntry(fname='C:\\Windows\\Fonts\\corbelb.ttf', name='Corbel', style='normal', variant='normal', weight=700, stretch='normal', size='scalable')) = 10.335
2025-02-24 19:30:54,577 - DEBUG - findfont: score(FontEntry(fname='C:\\Windows\\Fonts\\LeelaUIb.ttf', name='Leelawadee UI', style='normal', variant='normal', weight=700, stretch='normal', size='scalable')) = 10.335
2025-02-24 19:30:54,577 - DEBUG - findfont: score(FontEntry(fname='C:\\Windows\\Fonts\\simsunb.ttf', name='SimSun-ExtB', style='normal', variant='normal', weight=400, stretch='normal', size='scalable')) = 10.05
2025-02-24 19:30:54,577 - DEBUG - findfont: score(FontEntry(fname='C:\\Windows\\Fonts\\mmrtext.ttf', name='Myanmar Text', style='normal', variant='normal', weight=400, stretch='normal', size='scalable')) = 10.05
2025-02-24 19:30:54,577 - DEBUG - findfont: score(FontEntry(fname='C:\\Windows\\Fonts\\DejaVuSerifCondensed-BoldItalic.ttf', name='DejaVu Serif', style='italic', variant='normal', weight=700, stretch='condensed', size='scalable')) = 11.535
2025-02-24 19:30:54,577 - DEBUG - findfont: score(FontEntry(fname='C:\\Windows\\Fonts\\Candarab.ttf', name='Candara', style='normal', variant='normal', weight=700, stretch='normal', size='scalable')) = 10.335
2025-02-24 19:30:54,577 - DEBUG - findfont: score(FontEntry(fname='C:\\Windows\\Fonts\\trebucbi.ttf', name='Trebuchet MS', style='italic', variant='normal', weight=700, stretch='normal', size='scalable')) = 11.335
2025-02-24 19:30:54,577 - DEBUG - findfont: score(FontEntry(fname='C:\\Windows\\Fonts\\impact.ttf', name='Impact', style='normal', variant='normal', weight=400, stretch='normal', size='scalable')) = 10.05
2025-02-24 19:30:54,577 - DEBUG - findfont: score(FontEntry(fname='C:\\Windows\\Fonts\\calibril.ttf', name='Calibri', style='normal', variant='normal', weight=300, stretch='normal', size='scalable')) = 10.145
2025-02-24 19:30:54,577 - DEBUG - findfont: score(FontEntry(fname='C:\\Windows\\Fonts\\corbel.ttf', name='Corbel', style='normal', variant='normal', weight=400, stretch='normal', size='scalable')) = 10.05
2025-02-24 19:30:54,577 - DEBUG - findfont: score(FontEntry(fname='C:\\Windows\\Fonts\\constani.ttf', name='Constantia', style='italic', variant='normal', weight=400, stretch='normal', size='scalable')) = 11.05
2025-02-24 19:30:54,577 - DEBUG - findfont: score(FontEntry(fname='C:\\Windows\\Fonts\\GenBasBI.ttf', name='Gentium Basic', style='italic', variant='normal', weight=700, stretch='normal', size='scalable')) = 11.335
2025-02-24 19:30:54,577 - DEBUG - findfont: score(FontEntry(fname='C:\\Windows\\Fonts\\GenBkBasI.ttf', name='Gentium Book Basic', style='italic', variant='normal', weight=400, stretch='normal', size='scalable')) = 11.05
2025-02-24 19:30:54,577 - DEBUG - findfont: score(FontEntry(fname='C:\\Windows\\Fonts\\trebuc.ttf', name='Trebuchet MS', style='normal', variant='normal', weight=400, stretch='normal', size='scalable')) = 10.05
2025-02-24 19:30:54,577 - DEBUG - findfont: score(FontEntry(fname='C:\\Windows\\Fonts\\YuGothL.ttc', name='Yu Gothic', style='normal', variant='normal', weight=300, stretch='normal', size='scalable')) = 10.145
2025-02-24 19:30:54,577 - DEBUG - findfont: score(FontEntry(fname='C:\\Windows\\Fonts\\YuGothM.ttc', name='Yu Gothic', style='normal', variant='normal', weight=500, stretch='normal', size='scalable')) = 10.145
2025-02-24 19:30:54,577 - DEBUG - findfont: score(FontEntry(fname='C:\\Windows\\Fonts\\calibrili.ttf', name='Calibri', style='italic', variant='normal', weight=300, stretch='normal', size='scalable')) = 11.145
2025-02-24 19:30:54,577 - DEBUG - findfont: score(FontEntry(fname='C:\\Windows\\Fonts\\msgothic.ttc', name='MS Gothic', style='normal', variant='normal', weight=400, stretch='normal', size='scalable')) = 10.05
2025-02-24 19:30:54,577 - DEBUG - findfont: score(FontEntry(fname='C:\\Windows\\Fonts\\Candara.ttf', name='Candara', style='normal', variant='normal', weight=400, stretch='normal', size='scalable')) = 10.05
2025-02-24 19:30:54,577 - DEBUG - findfont: score(FontEntry(fname='C:\\Windows\\Fonts\\palai.ttf', name='Palatino Linotype', style='italic', variant='normal', weight=400, stretch='normal', size='scalable')) = 11.05
2025-02-24 19:30:54,577 - DEBUG - findfont: score(FontEntry(fname='C:\\Windows\\Fonts\\Nirmala.ttf', name='Nirmala UI', style='normal', variant='normal', weight=400, stretch='normal', size='scalable')) = 10.05
2025-02-24 19:30:54,577 - DEBUG - findfont: score(FontEntry(fname='C:\\Windows\\Fonts\\trebucbd.ttf', name='Trebuchet MS', style='normal', variant='normal', weight=700, stretch='normal', size='scalable')) = 10.335
2025-02-24 19:30:54,577 - DEBUG - findfont: score(FontEntry(fname='C:\\Windows\\Fonts\\NirmalaS.ttf', name='Nirmala UI', style='normal', variant='normal', weight=350, stretch='normal', size='scalable')) = 10.0975
2025-02-24 19:30:54,577 - DEBUG - findfont: score(FontEntry(fname='C:\\Windows\\Fonts\\sylfaen.ttf', name='Sylfaen', style='normal', variant='normal', weight=400, stretch='normal', size='scalable')) = 10.05
2025-02-24 19:30:54,577 - DEBUG - findfont: score(FontEntry(fname='C:\\Windows\\Fonts\\calibrib.ttf', name='Calibri', style='normal', variant='normal', weight=700, stretch='normal', size='scalable')) = 10.335
2025-02-24 19:30:54,577 - DEBUG - findfont: score(FontEntry(fname='C:\\Windows\\Fonts\\monbaiti.ttf', name='Mongolian Baiti', style='normal', variant='normal', weight=400, stretch='normal', size='scalable')) = 10.05
2025-02-24 19:30:54,577 - DEBUG - findfont: score(FontEntry(fname='C:\\Windows\\Fonts\\taile.ttf', name='Microsoft Tai Le', style='normal', variant='normal', weight=400, stretch='normal', size='scalable')) = 10.05
2025-02-24 19:30:54,577 - DEBUG - findfont: score(FontEntry(fname='C:\\Windows\\Fonts\\arialbd.ttf', name='Arial', style='normal', variant='normal', weight=700, stretch='normal', size='scalable')) = 6.698636363636363
2025-02-24 19:30:54,577 - DEBUG - findfont: score(FontEntry(fname='C:\\Windows\\Fonts\\SitkaI.ttc', name='Sitka Small', style='italic', variant='normal', weight=400, stretch='normal', size='scalable')) = 11.05
2025-02-24 19:30:54,577 - DEBUG - findfont: score(FontEntry(fname='C:\\Windows\\Fonts\\cambria.ttc', name='Cambria', style='normal', variant='normal', weight=400, stretch='normal', size='scalable')) = 10.05
2025-02-24 19:30:54,577 - DEBUG - findfont: score(FontEntry(fname='C:\\Windows\\Fonts\\georgiaz.ttf', name='Georgia', style='italic', variant='normal', weight=700, stretch='normal', size='scalable')) = 11.335
2025-02-24 19:30:54,577 - DEBUG - findfont: score(FontEntry(fname='C:\\Windows\\Fonts\\phagspab.ttf', name='Microsoft PhagsPa', style='normal', variant='normal', weight=700, stretch='normal', size='scalable')) = 10.335
2025-02-24 19:30:54,577 - DEBUG - findfont: score(FontEntry(fname='C:\\Windows\\Fonts\\cambriab.ttf', name='Cambria', style='normal', variant='normal', weight=700, stretch='normal', size='scalable')) = 10.335
2025-02-24 19:30:54,577 - DEBUG - findfont: score(FontEntry(fname='C:\\Windows\\Fonts\\timesi.ttf', name='Times New Roman', style='italic', variant='normal', weight=400, stretch='normal', size='scalable')) = 11.05
2025-02-24 19:30:54,577 - DEBUG - findfont: score(FontEntry(fname='C:\\Windows\\Fonts\\corbelz.ttf', name='Corbel', style='italic', variant='normal', weight=700, stretch='normal', size='scalable')) = 11.335
2025-02-24 19:30:54,577 - DEBUG - findfont: score(FontEntry(fname='C:\\Windows\\Fonts\\GenBkBasR.ttf', name='Gentium Book Basic', style='normal', variant='normal', weight=400, stretch='normal', size='scalable')) = 10.05
2025-02-24 19:30:54,577 - DEBUG - findfont: score(FontEntry(fname='C:\\Windows\\Fonts\\DejaVuSansCondensed-BoldOblique.ttf', name='DejaVu Sans', style='oblique', variant='normal', weight=700, stretch='condensed', size='scalable')) = 1.535
2025-02-24 19:30:54,577 - DEBUG - findfont: score(FontEntry(fname='C:\\Windows\\Fonts\\GenBasB.ttf', name='Gentium Basic', style='normal', variant='normal', weight=700, stretch='normal', size='scalable')) = 10.335
2025-02-24 19:30:54,577 - DEBUG - findfont: score(FontEntry(fname='C:\\Windows\\Fonts\\consola.ttf', name='Consolas', style='normal', variant='normal', weight=400, stretch='normal', size='scalable')) = 10.05
2025-02-24 19:30:54,577 - DEBUG - findfont: score(FontEntry(fname='C:\\Windows\\Fonts\\micross.ttf', name='Microsoft Sans Serif', style='normal', variant='normal', weight=400, stretch='normal', size='scalable')) = 10.05
2025-02-24 19:30:54,577 - DEBUG - findfont: score(FontEntry(fname='C:\\Windows\\Fonts\\arial.ttf', name='Arial', style='normal', variant='normal', weight=400, stretch='normal', size='scalable')) = 6.413636363636363
2025-02-24 19:30:54,577 - DEBUG - findfont: score(FontEntry(fname='C:\\Windows\\Fonts\\verdana.ttf', name='Verdana', style='normal', variant='normal', weight=400, stretch='normal', size='scalable')) = 3.6863636363636365
2025-02-24 19:30:54,577 - DEBUG - findfont: score(FontEntry(fname='C:\\Windows\\Fonts\\verdanai.ttf', name='Verdana', style='italic', variant='normal', weight=400, stretch='normal', size='scalable')) = 4.6863636363636365
2025-02-24 19:30:54,577 - DEBUG - findfont: score(FontEntry(fname='C:\\Windows\\Fonts\\constan.ttf', name='Constantia', style='normal', variant='normal', weight=400, stretch='normal', size='scalable')) = 10.05
2025-02-24 19:30:54,577 - DEBUG - findfont: score(FontEntry(fname='C:\\Windows\\Fonts\\georgiai.ttf', name='Georgia', style='italic', variant='normal', weight=400, stretch='normal', size='scalable')) = 11.05
2025-02-24 19:30:54,577 - DEBUG - findfont: score(FontEntry(fname='C:\\Windows\\Fonts\\verdanaz.ttf', name='Verdana', style='italic', variant='normal', weight=700, stretch='normal', size='scalable')) = 4.971363636363637
2025-02-24 19:30:54,577 - DEBUG - findfont: score(FontEntry(fname='C:\\Windows\\Fonts\\Candaral.ttf', name='Candara', style='normal', variant='normal', weight=400, stretch='normal', size='scalable')) = 10.05
2025-02-24 19:30:54,577 - DEBUG - findfont: score(FontEntry(fname='C:\\Windows\\Fonts\\Caladea-BoldItalic.ttf', name='Caladea', style='italic', variant='normal', weight=700, stretch='normal', size='scalable')) = 11.335
2025-02-24 19:30:54,577 - DEBUG - findfont: score(FontEntry(fname='C:\\Windows\\Fonts\\Carlito-Italic.ttf', name='Carlito', style='italic', variant='normal', weight=400, stretch='normal', size='scalable')) = 11.05
2025-02-24 19:30:54,577 - DEBUG - findfont: score(FontEntry(fname='C:\\Windows\\Fonts\\segoeuisl.ttf', name='Segoe UI', style='normal', variant='normal', weight=350, stretch='normal', size='scalable')) = 10.0975
2025-02-24 19:30:54,577 - DEBUG - findfont: score(FontEntry(fname='C:\\Windows\\Fonts\\YuGothR.ttc', name='Yu Gothic', style='normal', variant='normal', weight=400, stretch='normal', size='scalable')) = 10.05
2025-02-24 19:30:54,577 - DEBUG - findfont: score(FontEntry(fname='C:\\Windows\\Fonts\\cour.ttf', name='Courier New', style='normal', variant='normal', weight=400, stretch='normal', size='scalable')) = 10.05
2025-02-24 19:30:54,577 - DEBUG - findfont: score(FontEntry(fname='C:\\Windows\\Fonts\\Candaraz.ttf', name='Candara', style='italic', variant='normal', weight=700, stretch='normal', size='scalable')) = 11.335
2025-02-24 19:30:54,577 - DEBUG - findfont: score(FontEntry(fname='C:\\Windows\\Fonts\\javatext.ttf', name='Javanese Text', style='normal', variant='normal', weight=400, stretch='normal', size='scalable')) = 10.05
2025-02-24 19:30:54,577 - DEBUG - findfont: score(FontEntry(fname='C:\\Windows\\Fonts\\consolai.ttf', name='Consolas', style='italic', variant='normal', weight=400, stretch='normal', size='scalable')) = 11.05
2025-02-24 19:30:54,577 - DEBUG - findfont: score(FontEntry(fname='C:\\Windows\\Fonts\\constanb.ttf', name='Constantia', style='normal', variant='normal', weight=700, stretch='normal', size='scalable')) = 10.335
2025-02-24 19:30:54,577 - DEBUG - findfont: score(FontEntry(fname='C:\\Users\\Home\\AppData\\Local\\Microsoft\\Windows\\Fonts\\DarlingtonDemo-z8xjG.ttf', name='Darlington Demo', style='normal', variant='normal', weight=400, stretch='normal', size='scalable')) = 10.05
2025-02-24 19:30:54,577 - DEBUG - findfont: score(FontEntry(fname='C:\\Windows\\Fonts\\DejaVuSans-BoldOblique.ttf', name='DejaVu Sans', style='oblique', variant='normal', weight=700, stretch='normal', size='scalable')) = 1.335
2025-02-24 19:30:54,577 - DEBUG - findfont: score(FontEntry(fname='C:\\Windows\\Fonts\\segoeui.ttf', name='Segoe UI', style='normal', variant='normal', weight=400, stretch='normal', size='scalable')) = 10.05
2025-02-24 19:30:54,577 - DEBUG - findfont: score(FontEntry(fname='C:\\Windows\\Fonts\\msjhbd.ttc', name='Microsoft JhengHei', style='normal', variant='normal', weight=700, stretch='normal', size='scalable')) = 10.335
2025-02-24 19:30:54,577 - DEBUG - findfont: score(FontEntry(fname='C:\\Windows\\Fonts\\DejaVuSerif-Bold.ttf', name='DejaVu Serif', style='normal', variant='normal', weight=700, stretch='normal', size='scalable')) = 10.335
2025-02-24 19:30:54,577 - DEBUG - findfont: score(FontEntry(fname='C:\\Windows\\Fonts\\Carlito-Bold.ttf', name='Carlito', style='normal', variant='normal', weight=700, stretch='normal', size='scalable')) = 10.335
2025-02-24 19:30:54,577 - DEBUG - findfont: score(FontEntry(fname='C:\\Windows\\Fonts\\palab.ttf', name='Palatino Linotype', style='normal', variant='normal', weight=700, stretch='normal', size='scalable')) = 10.335
2025-02-24 19:30:54,577 - DEBUG - findfont: score(FontEntry(fname='C:\\Windows\\Fonts\\msjh.ttc', name='Microsoft JhengHei', style='normal', variant='normal', weight=400, stretch='normal', size='scalable')) = 10.05
2025-02-24 19:30:54,577 - DEBUG - findfont: score(FontEntry(fname='C:\\Windows\\Fonts\\timesbd.ttf', name='Times New Roman', style='normal', variant='normal', weight=700, stretch='normal', size='scalable')) = 10.335
2025-02-24 19:30:54,577 - DEBUG - findfont: score(FontEntry(fname='C:\\Windows\\Fonts\\msyi.ttf', name='Microsoft Yi Baiti', style='normal', variant='normal', weight=400, stretch='normal', size='scalable')) = 10.05
2025-02-24 19:30:54,577 - DEBUG - findfont: score(FontEntry(fname='C:\\Windows\\Fonts\\webdings.ttf', name='Webdings', style='normal', variant='normal', weight=400, stretch='normal', size='scalable')) = 10.05
2025-02-24 19:30:54,577 - DEBUG - findfont: score(FontEntry(fname='C:\\Windows\\Fonts\\taileb.ttf', name='Microsoft Tai Le', style='normal', variant='normal', weight=700, stretch='normal', size='scalable')) = 10.335
2025-02-24 19:30:54,577 - DEBUG - findfont: score(FontEntry(fname='C:\\Users\\Home\\AppData\\Local\\Microsoft\\Windows\\Fonts\\Theprestigesignature-ywwaM.otf', name='ThePrestigeSignature', style='normal', variant='normal', weight=400, stretch='normal', size='scalable')) = 10.05
2025-02-24 19:30:54,577 - DEBUG - findfont: score(FontEntry(fname='C:\\Windows\\Fonts\\trebucit.ttf', name='Trebuchet MS', style='italic', variant='normal', weight=400, stretch='normal', size='scalable')) = 11.05
2025-02-24 19:30:54,577 - DEBUG - findfont: score(FontEntry(fname='C:\\Windows\\Fonts\\DejaVuSerifCondensed.ttf', name='DejaVu Serif', style='normal', variant='normal', weight=400, stretch='condensed', size='scalable')) = 10.25
2025-02-24 19:30:54,577 - DEBUG - findfont: score(FontEntry(fname='C:\\Windows\\Fonts\\lucon.ttf', name='Lucida Console', style='normal', variant='normal', weight=400, stretch='normal', size='scalable')) = 10.05
2025-02-24 19:30:54,577 - DEBUG - findfont: score(FontEntry(fname='C:\\Windows\\Fonts\\himalaya.ttf', name='Microsoft Himalaya', style='normal', variant='normal', weight=400, stretch='normal', size='scalable')) = 10.05
2025-02-24 19:30:54,577 - DEBUG - findfont: score(FontEntry(fname='C:\\Windows\\Fonts\\seguibl.ttf', name='Segoe UI', style='normal', variant='normal', weight=900, stretch='normal', size='scalable')) = 10.525
2025-02-24 19:30:54,577 - DEBUG - findfont: score(FontEntry(fname='C:\\Windows\\Fonts\\mvboli.ttf', name='MV Boli', style='normal', variant='normal', weight=400, stretch='normal', size='scalable')) = 10.05
2025-02-24 19:30:54,577 - DEBUG - findfont: score(FontEntry(fname='C:\\Windows\\Fonts\\comicz.ttf', name='Comic Sans MS', style='italic', variant='normal', weight=700, stretch='normal', size='scalable')) = 11.335
2025-02-24 19:30:54,577 - DEBUG - findfont: score(FontEntry(fname='C:\\Windows\\Fonts\\couri.ttf', name='Courier New', style='italic', variant='normal', weight=400, stretch='normal', size='scalable')) = 11.05
2025-02-24 19:30:54,577 - DEBUG - findfont: score(FontEntry(fname='C:\\Windows\\Fonts\\timesbi.ttf', name='Times New Roman', style='italic', variant='normal', weight=700, stretch='normal', size='scalable')) = 11.335
2025-02-24 19:30:54,577 - DEBUG - findfont: score(FontEntry(fname='C:\\Windows\\Fonts\\DejaVuSerif.ttf', name='DejaVu Serif', style='normal', variant='normal', weight=400, stretch='normal', size='scalable')) = 10.05
2025-02-24 19:30:54,577 - DEBUG - findfont: score(FontEntry(fname='C:\\Windows\\Fonts\\constanz.ttf', name='Constantia', style='italic', variant='normal', weight=700, stretch='normal', size='scalable')) = 11.335
2025-02-24 19:30:54,577 - DEBUG - findfont: score(FontEntry(fname='C:\\Windows\\Fonts\\phagspa.ttf', name='Microsoft PhagsPa', style='normal', variant='normal', weight=400, stretch='normal', size='scalable')) = 10.05
2025-02-24 19:30:54,577 - DEBUG - findfont: score(FontEntry(fname='C:\\Windows\\Fonts\\DejaVuSerifCondensed-Italic.ttf', name='DejaVu Serif', style='italic', variant='normal', weight=400, stretch='condensed', size='scalable')) = 11.25
2025-02-24 19:30:54,577 - DEBUG - findfont: score(FontEntry(fname='C:\\Windows\\Fonts\\GenBasI.ttf', name='Gentium Basic', style='italic', variant='normal', weight=400, stretch='normal', size='scalable')) = 11.05
2025-02-24 19:30:54,577 - DEBUG - findfont: score(FontEntry(fname='C:\\Windows\\Fonts\\segoeuii.ttf', name='Segoe UI', style='italic', variant='normal', weight=400, stretch='normal', size='scalable')) = 11.05
2025-02-24 19:30:54,577 - DEBUG - findfont: score(FontEntry(fname='C:\\Windows\\Fonts\\segoesc.ttf', name='Segoe Script', style='normal', variant='normal', weight=400, stretch='normal', size='scalable')) = 10.05
2025-02-24 19:30:54,577 - DEBUG - findfont: score(FontEntry(fname='C:\\Windows\\Fonts\\gadugi.ttf', name='Gadugi', style='normal', variant='normal', weight=400, stretch='normal', size='scalable')) = 10.05
2025-02-24 19:30:54,577 - DEBUG - findfont: Matching sans\-serif:style=normal:variant=normal:weight=normal:stretch=normal:size=10.0 to DejaVu Sans ('C:\\Users\\Home\\AppData\\Local\\Programs\\Python\\Python310\\lib\\site-packages\\matplotlib\\mpl-data\\fonts\\ttf\\DejaVuSans.ttf') with score of 0.050000.
2025-02-24 19:30:57,371 - ERROR - Error getting file info for C:\DumpStack.log.tmp: 'TempFileFinder' object has no attribute 'get_file_age'
2025-02-24 19:30:57,371 - ERROR - Error getting file info for C:\DumpStack.log: 'TempFileFinder' object has no attribute 'get_file_age'
2025-02-24 19:30:57,403 - ERROR - Error getting file info for C:\$Recycle.Bin\S-1-5-21-831376813-2565841931-3025424405-1007\desktop.ini: 'TempFileFinder' object has no attribute 'get_file_age'
2025-02-24 19:30:57,434 - ERROR - Error getting file info for C:\$Recycle.Bin\S-1-5-21-831376813-2565841931-3025424405-1007\$RDNUEIB\debug\debug.log: 'TempFileFinder' object has no attribute 'get_file_age'
2025-02-24 19:30:57,434 - ERROR - Error getting file info for C:\$Recycle.Bin\S-1-5-21-831376813-2565841931-3025424405-1007\$RDNUEIB\errors\error.log: 'TempFileFinder' object has no attribute 'get_file_age'
2025-02-24 19:30:57,450 - ERROR - Error getting file info for C:\$Recycle.Bin\S-1-5-21-831376813-2565841931-3025424405-1007\$RDNUEIB\trades\trade.log: 'TempFileFinder' object has no attribute 'get_file_age'
2025-02-24 19:30:57,543 - ERROR - Error getting file info for C:\$SysReset\AppxLogs\RestoreDownlevelAllUserStore.log: 'TempFileFinder' object has no attribute 'get_file_age'
2025-02-24 19:30:57,543 - ERROR - Error getting file info for C:\$SysReset\Logs\setupact.log: 'TempFileFinder' object has no attribute 'get_file_age'
2025-02-24 19:30:57,543 - ERROR - Error getting file info for C:\$SysReset\Logs\setuperr.log: 'TempFileFinder' object has no attribute 'get_file_age'
2025-02-24 19:30:57,606 - ERROR - Error getting file info for C:\$WINDOWS.~BT\NewOS\Program Files\desktop.ini: 'TempFileFinder' object has no attribute 'get_file_age'
2025-02-24 19:30:58,090 - ERROR - Error getting file info for C:\$WINDOWS.~BT\NewOS\Program Files (x86)\desktop.ini: 'TempFileFinder' object has no attribute 'get_file_age'
2025-02-24 19:30:58,606 - ERROR - Error getting file info for C:\$WINDOWS.~BT\NewOS\ProgramData\Microsoft\Windows\Start Menu\desktop.ini: 'TempFileFinder' object has no attribute 'get_file_age'
2025-02-24 19:30:58,621 - ERROR - Error getting file info for C:\$WINDOWS.~BT\NewOS\ProgramData\Microsoft\Windows\Start Menu\Programs\desktop.ini: 'TempFileFinder' object has no attribute 'get_file_age'
2025-02-24 19:30:58,621 - ERROR - Error getting file info for C:\$WINDOWS.~BT\NewOS\ProgramData\Microsoft\Windows\Start Menu\Programs\Accessibility\desktop.ini: 'TempFileFinder' object has no attribute 'get_file_age'
2025-02-24 19:30:58,621 - ERROR - Error getting file info for C:\$WINDOWS.~BT\NewOS\ProgramData\Microsoft\Windows\Start Menu\Programs\Accessories\desktop.ini: 'TempFileFinder' object has no attribute 'get_file_age'
2025-02-24 19:30:58,621 - ERROR - Error getting file info for C:\$WINDOWS.~BT\NewOS\ProgramData\Microsoft\Windows\Start Menu\Programs\Accessories\System Tools\desktop.ini: 'TempFileFinder' object has no attribute 'get_file_age'
2025-02-24 19:30:58,637 - ERROR - Error getting file info for C:\$WINDOWS.~BT\NewOS\ProgramData\Microsoft\Windows\Start Menu\Programs\Administrative Tools\desktop.ini: 'TempFileFinder' object has no attribute 'get_file_age'
2025-02-24 19:30:58,653 - ERROR - Error getting file info for C:\$WINDOWS.~BT\NewOS\ProgramData\Microsoft\Windows\Start Menu\Programs\Maintenance\desktop.ini: 'TempFileFinder' object has no attribute 'get_file_age'
2025-02-24 19:30:58,668 - ERROR - Error getting file info for C:\$WINDOWS.~BT\NewOS\ProgramData\Microsoft\Windows\Start Menu\Programs\Startup\desktop.ini: 'TempFileFinder' object has no attribute 'get_file_age'
2025-02-24 19:30:58,684 - ERROR - Error getting file info for C:\$WINDOWS.~BT\NewOS\ProgramData\Microsoft\Windows\Start Menu\Programs\System Tools\desktop.ini: 'TempFileFinder' object has no attribute 'get_file_age'
2025-02-24 19:30:58,684 - ERROR - Error getting file info for C:\$WINDOWS.~BT\NewOS\ProgramData\Microsoft\Windows\Start Menu\Programs\Windows PowerShell\desktop.ini: 'TempFileFinder' object has no attribute 'get_file_age'
2025-02-24 19:30:58,778 - ERROR - Error getting file info for C:\$WINDOWS.~BT\NewOS\Users\desktop.ini: 'TempFileFinder' object has no attribute 'get_file_age'
2025-02-24 19:30:58,825 - ERROR - Error getting file info for C:\$WINDOWS.~BT\NewOS\Users\Default\AppData\Local\Microsoft\Windows\WinX\Group1\desktop.ini: 'TempFileFinder' object has no attribute 'get_file_age'
2025-02-24 19:30:58,825 - ERROR - Error getting file info for C:\$WINDOWS.~BT\NewOS\Users\Default\AppData\Local\Microsoft\Windows\WinX\Group2\desktop.ini: 'TempFileFinder' object has no attribute 'get_file_age'
2025-02-24 19:30:58,840 - ERROR - Error getting file info for C:\$WINDOWS.~BT\NewOS\Users\Default\AppData\Local\Microsoft\Windows\WinX\Group3\desktop.ini: 'TempFileFinder' object has no attribute 'get_file_age'
2025-02-24 19:30:58,856 - ERROR - Error getting file info for C:\$WINDOWS.~BT\NewOS\Users\Default\AppData\Roaming\Microsoft\Internet Explorer\Quick Launch\desktop.ini: 'TempFileFinder' object has no attribute 'get_file_age'
2025-02-24 19:30:58,872 - ERROR - Error getting file info for C:\$WINDOWS.~BT\NewOS\Users\Default\AppData\Roaming\Microsoft\Windows\SendTo\desktop.ini: 'TempFileFinder' object has no attribute 'get_file_age'
2025-02-24 19:30:58,887 - ERROR - Error getting file info for C:\$WINDOWS.~BT\NewOS\Users\Default\AppData\Roaming\Microsoft\Windows\Start Menu\Programs\desktop.ini: 'TempFileFinder' object has no attribute 'get_file_age'
2025-02-24 19:30:58,887 - ERROR - Error getting file info for C:\$WINDOWS.~BT\NewOS\Users\Default\AppData\Roaming\Microsoft\Windows\Start Menu\Programs\Accessibility\desktop.ini: 'TempFileFinder' object has no attribute 'get_file_age'
2025-02-24 19:30:58,887 - ERROR - Error getting file info for C:\$WINDOWS.~BT\NewOS\Users\Default\AppData\Roaming\Microsoft\Windows\Start Menu\Programs\Accessories\desktop.ini: 'TempFileFinder' object has no attribute 'get_file_age'
2025-02-24 19:30:58,887 - ERROR - Error getting file info for C:\$WINDOWS.~BT\NewOS\Users\Default\AppData\Roaming\Microsoft\Windows\Start Menu\Programs\Maintenance\desktop.ini: 'TempFileFinder' object has no attribute 'get_file_age'
2025-02-24 19:30:58,903 - ERROR - Error getting file info for C:\$WINDOWS.~BT\NewOS\Users\Default\AppData\Roaming\Microsoft\Windows\Start Menu\Programs\System Tools\desktop.ini: 'TempFileFinder' object has no attribute 'get_file_age'
2025-02-24 19:30:58,934 - ERROR - Error getting file info for C:\$WINDOWS.~BT\NewOS\Users\Public\desktop.ini: 'TempFileFinder' object has no attribute 'get_file_age'
2025-02-24 19:30:58,934 - ERROR - Error getting file info for C:\$WINDOWS.~BT\NewOS\Users\Public\Desktop\desktop.ini: 'TempFileFinder' object has no attribute 'get_file_age'
2025-02-24 19:30:58,934 - ERROR - Error getting file info for C:\$WINDOWS.~BT\NewOS\Users\Public\Documents\desktop.ini: 'TempFileFinder' object has no attribute 'get_file_age'
2025-02-24 19:30:58,950 - ERROR - Error getting file info for C:\$WINDOWS.~BT\NewOS\Users\Public\Downloads\desktop.ini: 'TempFileFinder' object has no attribute 'get_file_age'
2025-02-24 19:30:58,950 - ERROR - Error getting file info for C:\$WINDOWS.~BT\NewOS\Users\Public\Libraries\desktop.ini: 'TempFileFinder' object has no attribute 'get_file_age'
2025-02-24 19:30:58,950 - ERROR - Error getting file info for C:\$WINDOWS.~BT\NewOS\Users\Public\Music\desktop.ini: 'TempFileFinder' object has no attribute 'get_file_age'
2025-02-24 19:30:58,950 - ERROR - Error getting file info for C:\$WINDOWS.~BT\NewOS\Users\Public\Pictures\desktop.ini: 'TempFileFinder' object has no attribute 'get_file_age'
2025-02-24 19:30:58,950 - ERROR - Error getting file info for C:\$WINDOWS.~BT\NewOS\Users\Public\Videos\desktop.ini: 'TempFileFinder' object has no attribute 'get_file_age'
2025-02-24 19:30:58,965 - ERROR - Error getting file info for C:\$WINDOWS.~BT\NewOS\Windows\DtcInstall.log: 'TempFileFinder' object has no attribute 'get_file_age'
2025-02-24 19:30:58,965 - ERROR - Error getting file info for C:\$WINDOWS.~BT\NewOS\Windows\WindowsUpdate.log: 'TempFileFinder' object has no attribute 'get_file_age'
2025-02-24 19:31:00,684 - ERROR - Error getting file info for C:\$WINDOWS.~BT\NewOS\Windows\Downloaded Program Files\desktop.ini: 'TempFileFinder' object has no attribute 'get_file_age'
2025-02-24 19:31:00,716 - ERROR - Error getting file info for C:\$WINDOWS.~BT\NewOS\Windows\Fonts\desktop.ini: 'TempFileFinder' object has no attribute 'get_file_age'
2025-02-24 19:31:00,903 - ERROR - Error getting file info for C:\$WINDOWS.~BT\NewOS\Windows\INF\setupapi.offline.20220507_052432.log: 'TempFileFinder' object has no attribute 'get_file_age'
2025-02-24 19:31:00,903 - ERROR - Error getting file info for C:\$WINDOWS.~BT\NewOS\Windows\INF\setupapi.offline.20231204_125518.log: 'TempFileFinder' object has no attribute 'get_file_age'
2025-02-24 19:31:00,903 - ERROR - Error getting file info for C:\$WINDOWS.~BT\NewOS\Windows\INF\setupapi.offline.log: 'TempFileFinder' object has no attribute 'get_file_age'
2025-02-24 19:31:00,903 - ERROR - Error getting file info for C:\$WINDOWS.~BT\NewOS\Windows\INF\setupapi.upgrade.log: 'TempFileFinder' object has no attribute 'get_file_age'
2025-02-24 19:31:01,184 - ERROR - Error getting file info for C:\$WINDOWS.~BT\NewOS\Windows\Media\desktop.ini: 'TempFileFinder' object has no attribute 'get_file_age'
2025-02-24 19:31:04,073 - ERROR - Error getting file info for C:\$WINDOWS.~BT\NewOS\Windows\Microsoft.NET\Framework\v4.0.30319\ngen.log: 'TempFileFinder' object has no attribute 'get_file_age'
2025-02-24 19:31:04,225 - ERROR - Error getting file info for C:\$WINDOWS.~BT\NewOS\Windows\Microsoft.NET\Framework64\v4.0.30319\ngen.log: 'TempFileFinder' object has no attribute 'get_file_age'
2025-02-24 19:31:04,396 - ERROR - Error getting file info for C:\$WINDOWS.~BT\NewOS\Windows\Offline Web Pages\desktop.ini: 'TempFileFinder' object has no attribute 'get_file_age'
2025-02-24 19:31:18,112 - ERROR - Error getting file info for C:\$WINDOWS.~BT\NewOS\Windows\Web\Wallpaper\Extended\desktop.ini: 'TempFileFinder' object has no attribute 'get_file_age'
2025-02-24 19:31:18,123 - ERROR - Error getting file info for C:\$WINDOWS.~BT\NewOS\Windows\Web\Wallpaper\ThemeA\desktop.ini: 'TempFileFinder' object has no attribute 'get_file_age'
2025-02-24 19:31:18,127 - ERROR - Error getting file info for C:\$WINDOWS.~BT\NewOS\Windows\Web\Wallpaper\ThemeB\desktop.ini: 'TempFileFinder' object has no attribute 'get_file_age'
2025-02-24 19:31:18,130 - ERROR - Error getting file info for C:\$WINDOWS.~BT\NewOS\Windows\Web\Wallpaper\ThemeC\desktop.ini: 'TempFileFinder' object has no attribute 'get_file_age'
2025-02-24 19:31:18,133 - ERROR - Error getting file info for C:\$WINDOWS.~BT\NewOS\Windows\Web\Wallpaper\ThemeD\desktop.ini: 'TempFileFinder' object has no attribute 'get_file_age'
2025-02-24 19:31:59,387 - ERROR - Error getting file info for C:\$WINDOWS.~BT\NewOS\Windows\WinSxS\amd64_microsoft-windows-fontext_31bf3856ad364e35_10.0.22621.1_none_001b6436e75b7b5d\desktop.ini: 'TempFileFinder' object has no attribute 'get_file_age'
2025-02-24 19:31:59,387 - ERROR - Error getting file info for C:\$WINDOWS.~BT\NewOS\Windows\WinSxS\amd64_microsoft-windows-fontext_31bf3856ad364e35_10.0.22621.2506_none_7e5ffe1a6f3cd31f\desktop.ini: 'TempFileFinder' object has no attribute 'get_file_age'
2025-02-24 19:32:02,820 - ERROR - Error getting file info for C:\$WINDOWS.~BT\NewOS\Windows\WinSxS\amd64_microsoft-windows-ie-objectcontrolviewer_31bf3856ad364e35_11.0.22621.1_none_ccadaeb872bb23c7\desktop.ini: 'TempFileFinder' object has no attribute 'get_file_age'
2025-02-24 19:32:02,820 - ERROR - Error getting file info for C:\$WINDOWS.~BT\NewOS\Windows\WinSxS\amd64_microsoft-windows-ie-offlinefavorites_31bf3856ad364e35_11.0.22621.1_none_f6b32984b0519eab\desktop.ini: 'TempFileFinder' object has no attribute 'get_file_age'
2025-02-24 19:32:16,278 - ERROR - Error getting file info for C:\$WINDOWS.~BT\NewOS\Windows\WinSxS\amd64_microsoft-windows-s..-kf-commondocuments_31bf3856ad364e35_10.0.22621.1_none_b0671115bbefda1e\desktop.ini: 'TempFileFinder' object has no attribute 'get_file_age'
2025-02-24 19:32:16,278 - ERROR - Error getting file info for C:\$WINDOWS.~BT\NewOS\Windows\WinSxS\amd64_microsoft-windows-s..-kf-commondownloads_31bf3856ad364e35_10.0.22621.1_none_54b9a21445fd9765\desktop.ini: 'TempFileFinder' object has no attribute 'get_file_age'
2025-02-24 19:32:16,278 - ERROR - Error getting file info for C:\$WINDOWS.~BT\NewOS\Windows\WinSxS\amd64_microsoft-windows-s..-kf-commonstartmenu_31bf3856ad364e35_10.0.22621.1_none_a293a6a8f07d19a1\desktop.ini: 'TempFileFinder' object has no attribute 'get_file_age'
2025-02-24 19:32:16,293 - ERROR - Error getting file info for C:\$WINDOWS.~BT\NewOS\Windows\WinSxS\amd64_microsoft-windows-s..-kf-programfilesx86_31bf3856ad364e35_10.0.22621.1_none_e4159185a39a563c\desktop.ini: 'TempFileFinder' object has no attribute 'get_file_age'
2025-02-24 19:32:16,293 - ERROR - Error getting file info for C:\$WINDOWS.~BT\NewOS\Windows\WinSxS\amd64_microsoft-windows-s..-kf-publiclibraries_31bf3856ad364e35_10.0.22621.1_none_777e6b79db29cf99\desktop.ini: 'TempFileFinder' object has no attribute 'get_file_age'
2025-02-24 19:32:16,435 - ERROR - Error getting file info for C:\$WINDOWS.~BT\NewOS\Windows\WinSxS\amd64_microsoft-windows-s..2-kf-commonpictures_31bf3856ad364e35_10.0.22621.1_none_e1e829b270ff1bcd\desktop.ini: 'TempFileFinder' object has no attribute 'get_file_age'
2025-02-24 19:32:16,435 - ERROR - Error getting file info for C:\$WINDOWS.~BT\NewOS\Windows\WinSxS\amd64_microsoft-windows-s..2-kf-commonprograms_31bf3856ad364e35_10.0.22621.1_none_b02467ac1de7dadb\desktop.ini: 'TempFileFinder' object has no attribute 'get_file_age'
2025-02-24 19:32:16,451 - ERROR - Error getting file info for C:\$WINDOWS.~BT\NewOS\Windows\WinSxS\amd64_microsoft-windows-s..32-kf-commondesktop_31bf3856ad364e35_10.0.22621.1_none_53bef157a4125fe8\desktop.ini: 'TempFileFinder' object has no attribute 'get_file_age'
2025-02-24 19:32:16,451 - ERROR - Error getting file info for C:\$WINDOWS.~BT\NewOS\Windows\WinSxS\amd64_microsoft-windows-s..32-kf-commonstartup_31bf3856ad364e35_10.0.22621.1_none_5da609873ec6b88d\desktop.ini: 'TempFileFinder' object has no attribute 'get_file_age'
2025-02-24 19:32:17,284 - ERROR - Error getting file info for C:\$WINDOWS.~BT\NewOS\Windows\WinSxS\amd64_microsoft-windows-s..er-content-extended_31bf3856ad364e35_10.0.22621.1_none_4c2c74cf8fd78d3c\desktop.ini: 'TempFileFinder' object has no attribute 'get_file_age'
2025-02-24 19:32:17,627 - ERROR - Error getting file info for C:\$WINDOWS.~BT\NewOS\Windows\WinSxS\amd64_microsoft-windows-s..i-accessibilityuser_31bf3856ad364e35_10.0.22621.1_none_c4da45b5fc7b309a\desktop.ini: 'TempFileFinder' object has no attribute 'get_file_age'
2025-02-24 19:32:17,806 - ERROR - Error getting file info for C:\$WINDOWS.~BT\NewOS\Windows\WinSxS\amd64_microsoft-windows-s..ini-accessoriesuser_31bf3856ad364e35_10.0.22621.1_none_8599f96a07e3f108\desktop.ini: 'TempFileFinder' object has no attribute 'get_file_age'
2025-02-24 19:32:17,806 - ERROR - Error getting file info for C:\$WINDOWS.~BT\NewOS\Windows\WinSxS\amd64_microsoft-windows-s..ini-maintenanceuser_31bf3856ad364e35_10.0.22621.1_none_679d6bc0499d451f\desktop.ini: 'TempFileFinder' object has no attribute 'get_file_age'
2025-02-24 19:32:17,821 - ERROR - Error getting file info for C:\$WINDOWS.~BT\NewOS\Windows\WinSxS\amd64_microsoft-windows-s..ini-systemtoolsuser_31bf3856ad364e35_10.0.22621.1_none_82417972d745a7f0\desktop.ini: 'TempFileFinder' object has no attribute 'get_file_age'
2025-02-24 19:32:17,923 - ERROR - Error getting file info for C:\$WINDOWS.~BT\NewOS\Windows\WinSxS\amd64_microsoft-windows-s..kf-commonadmintools_31bf3856ad364e35_10.0.22621.1_none_b6adc9e6026286de\desktop.ini: 'TempFileFinder' object has no attribute 'get_file_age'
2025-02-24 19:32:17,925 - ERROR - Error getting file info for C:\$WINDOWS.~BT\NewOS\Windows\WinSxS\amd64_microsoft-windows-s..ktopini-accessories_31bf3856ad364e35_10.0.22621.1_none_4dace798ad280dd7\desktop.ini: 'TempFileFinder' object has no attribute 'get_file_age'
2025-02-24 19:32:17,925 - ERROR - Error getting file info for C:\$WINDOWS.~BT\NewOS\Windows\WinSxS\amd64_microsoft-windows-s..ktopini-maintenance_31bf3856ad364e35_10.0.22621.1_none_c02fffb090e54400\desktop.ini: 'TempFileFinder' object has no attribute 'get_file_age'
2025-02-24 19:32:17,925 - ERROR - Error getting file info for C:\$WINDOWS.~BT\NewOS\Windows\WinSxS\amd64_microsoft-windows-s..ktopini-systemtools_31bf3856ad364e35_10.0.22621.1_none_e0030c4d7b621cef\desktop.ini: 'TempFileFinder' object has no attribute 'get_file_age'
2025-02-24 19:32:17,972 - ERROR - Error getting file info for C:\$WINDOWS.~BT\NewOS\Windows\WinSxS\amd64_microsoft-windows-s..l32-kf-commonvideos_31bf3856ad364e35_10.0.22621.1_none_3ddbd50e0239e38c\desktop.ini: 'TempFileFinder' object has no attribute 'get_file_age'
2025-02-24 19:32:17,987 - ERROR - Error getting file info for C:\$WINDOWS.~BT\NewOS\Windows\WinSxS\amd64_microsoft-windows-s..l32-kf-programfiles_31bf3856ad364e35_10.0.22621.1_none_77314adb26035708\desktop.ini: 'TempFileFinder' object has no attribute 'get_file_age'
2025-02-24 19:32:17,987 - ERROR - Error getting file info for C:\$WINDOWS.~BT\NewOS\Windows\WinSxS\amd64_microsoft-windows-s..l32-kf-userprofiles_31bf3856ad364e35_10.0.22621.1_none_e57b8f371b57b5b0\desktop.ini: 'TempFileFinder' object has no attribute 'get_file_age'
2025-02-24 19:32:18,914 - ERROR - Error getting file info for C:\$WINDOWS.~BT\NewOS\Windows\WinSxS\amd64_microsoft-windows-s..opini-accessibility_31bf3856ad364e35_10.0.22621.1_none_3c0128b57106d315\desktop.ini: 'TempFileFinder' object has no attribute 'get_file_age'
2025-02-24 19:32:19,770 - ERROR - Error getting file info for C:\$WINDOWS.~BT\NewOS\Windows\WinSxS\amd64_microsoft-windows-s..sktopini-sendtouser_31bf3856ad364e35_10.0.22621.1_none_69da5d3587d6ef35\desktop.ini: 'TempFileFinder' object has no attribute 'get_file_age'
2025-02-24 19:32:22,789 - ERROR - Error getting file info for C:\$WINDOWS.~BT\NewOS\Windows\WinSxS\amd64_microsoft-windows-shell-sounds_31bf3856ad364e35_10.0.22621.1_none_78a847e6a947c766\desktop.ini: 'TempFileFinder' object has no attribute 'get_file_age'
2025-02-24 19:32:22,789 - ERROR - Error getting file info for C:\$WINDOWS.~BT\NewOS\Windows\WinSxS\amd64_microsoft-windows-shell-wallpaper-themea_31bf3856ad364e35_10.0.22621.1_none_386b894098b0f0c7\desktop.ini: 'TempFileFinder' object has no attribute 'get_file_age'
2025-02-24 19:32:22,789 - ERROR - Error getting file info for C:\$WINDOWS.~BT\NewOS\Windows\WinSxS\amd64_microsoft-windows-shell-wallpaper-themeb_31bf3856ad364e35_10.0.22621.1_none_386b727898b10a68\desktop.ini: 'TempFileFinder' object has no attribute 'get_file_age'
2025-02-24 19:32:22,789 - ERROR - Error getting file info for C:\$WINDOWS.~BT\NewOS\Windows\WinSxS\amd64_microsoft-windows-shell-wallpaper-themec_31bf3856ad364e35_10.0.22621.1_none_386b5bb098b12409\desktop.ini: 'TempFileFinder' object has no attribute 'get_file_age'
2025-02-24 19:32:22,805 - ERROR - Error getting file info for C:\$WINDOWS.~BT\NewOS\Windows\WinSxS\amd64_microsoft-windows-shell-wallpaper-themed_31bf3856ad364e35_10.0.22621.1_none_386b44e898b13daa\desktop.ini: 'TempFileFinder' object has no attribute 'get_file_age'
2025-02-24 19:32:22,805 - ERROR - Error getting file info for C:\$WINDOWS.~BT\NewOS\Windows\WinSxS\amd64_microsoft-windows-shell32-kf-commonmusic_31bf3856ad364e35_10.0.22621.1_none_daac62fb283f6cd9\desktop.ini: 'TempFileFinder' object has no attribute 'get_file_age'
2025-02-24 19:32:22,805 - ERROR - Error getting file info for C:\$WINDOWS.~BT\NewOS\Windows\WinSxS\amd64_microsoft-windows-shell32-kf-public_31bf3856ad364e35_10.0.22621.1_none_b896648ee6405c82\desktop.ini: 'TempFileFinder' object has no attribute 'get_file_age'
2025-02-24 19:58:02,169 - DEBUG - System temp directories: ['C:\\Users\\Home\\AppData\\Local\\Temp', 'C:\\Users\\Home\\AppData\\Local\\Temp', 'C:\\Users\\Home\\AppData\\Local\\Temp', 'C:\\Users\\Home\\AppData\\Local\\Temp', 'C:\\WINDOWS\\Temp', 'C:\\Users\\Home\\AppData\\Local\\Temp', 'C:\\ProgramData\\Temp']
2025-02-24 19:58:02,171 - ERROR - Error getting file info for C:\Users\Home\AppData\Local\Temp\0725ab41-f5cb-482b-9fcc-58ae11a29ecd.tmp: 'TempFileFinder' object has no attribute 'get_file_age'
2025-02-24 19:58:02,171 - ERROR - Error getting file info for C:\Users\Home\AppData\Local\Temp\0975e696-b47f-47ed-bb2f-469bc8d152d7.tmp: 'TempFileFinder' object has no attribute 'get_file_age'
2025-02-24 19:58:02,172 - ERROR - Error getting file info for C:\Users\Home\AppData\Local\Temp\1654b2d5-6375-4038-8b95-bbd5b4dae37b.tmp: 'TempFileFinder' object has no attribute 'get_file_age'
2025-02-24 19:58:02,172 - ERROR - Error getting file info for C:\Users\Home\AppData\Local\Temp\1bf2c1a9-a35c-424f-a285-fe2924c53351.tmp: 'TempFileFinder' object has no attribute 'get_file_age'
2025-02-24 19:58:02,173 - ERROR - Error getting file info for C:\Users\Home\AppData\Local\Temp\2dbf34c8-2055-4def-a8ec-9515e3b8d6ff.tmp: 'TempFileFinder' object has no attribute 'get_file_age'
2025-02-24 19:58:02,173 - ERROR - Error getting file info for C:\Users\Home\AppData\Local\Temp\3dde2b8b-ea47-455e-9839-0923b87ece3d.tmp: 'TempFileFinder' object has no attribute 'get_file_age'
2025-02-24 19:58:02,173 - ERROR - Error getting file info for C:\Users\Home\AppData\Local\Temp\58fb78a1-01c4-4eb0-8f9a-b0feb5a76bb0.tmp: 'TempFileFinder' object has no attribute 'get_file_age'
2025-02-24 19:58:02,174 - ERROR - Error getting file info for C:\Users\Home\AppData\Local\Temp\5b7eb955-c0ef-44b7-b600-0444cf582dd9.tmp: 'TempFileFinder' object has no attribute 'get_file_age'
2025-02-24 19:58:02,174 - ERROR - Error getting file info for C:\Users\Home\AppData\Local\Temp\5d51f5a9-e941-4c72-970b-6315e9d350ef.tmp: 'TempFileFinder' object has no attribute 'get_file_age'
2025-02-24 19:58:02,174 - ERROR - Error getting file info for C:\Users\Home\AppData\Local\Temp\6a37c279-a357-4db2-8b2c-ad49b3700433.tmp: 'TempFileFinder' object has no attribute 'get_file_age'
2025-02-24 19:58:02,174 - ERROR - Error getting file info for C:\Users\Home\AppData\Local\Temp\7650ee43-65b7-48e2-a5c9-4037149cfd6f.tmp: 'TempFileFinder' object has no attribute 'get_file_age'
2025-02-24 19:58:02,175 - ERROR - Error getting file info for C:\Users\Home\AppData\Local\Temp\9ebb0a72-e18d-4b78-9c83-4f62897f35bc.tmp: 'TempFileFinder' object has no attribute 'get_file_age'
2025-02-24 19:58:02,175 - ERROR - Error getting file info for C:\Users\Home\AppData\Local\Temp\a13e6050-7499-4174-a1b4-e36a554a29cc.tmp: 'TempFileFinder' object has no attribute 'get_file_age'
2025-02-24 19:58:02,175 - ERROR - Error getting file info for C:\Users\Home\AppData\Local\Temp\b0ef938c-606f-4fae-953f-9336ed1ca360.tmp: 'TempFileFinder' object has no attribute 'get_file_age'
2025-02-24 19:58:02,175 - ERROR - Error getting file info for C:\Users\Home\AppData\Local\Temp\bde754c8-e0e7-4f1e-bbee-e44c21555aae.tmp: 'TempFileFinder' object has no attribute 'get_file_age'
2025-02-24 19:58:02,176 - ERROR - Error getting file info for C:\Users\Home\AppData\Local\Temp\cb0c4f2c-ff7e-444e-a750-9ad94ea6e6f4.tmp: 'TempFileFinder' object has no attribute 'get_file_age'
2025-02-24 19:58:02,176 - ERROR - Error getting file info for C:\Users\Home\AppData\Local\Temp\d28ccb92-4c5f-4178-b080-f6daa16ae04a.tmp: 'TempFileFinder' object has no attribute 'get_file_age'
2025-02-24 19:58:02,176 - ERROR - Error getting file info for C:\Users\Home\AppData\Local\Temp\e617942f-5408-4143-b491-5dfbc328b773.tmp: 'TempFileFinder' object has no attribute 'get_file_age'
2025-02-24 19:58:02,176 - ERROR - Error getting file info for C:\Users\Home\AppData\Local\Temp\eab6047d-8089-460d-8398-957b624d56e3.tmp: 'TempFileFinder' object has no attribute 'get_file_age'
2025-02-24 19:58:02,177 - ERROR - Error getting file info for C:\Users\Home\AppData\Local\Temp\f3dc15da-0d17-4dbf-839e-873bea6e79a4.tmp: 'TempFileFinder' object has no attribute 'get_file_age'
2025-02-24 19:58:02,177 - ERROR - Error getting file info for C:\Users\Home\AppData\Local\Temp\fde4ae7c-877f-4ac6-b4d8-ee405f38f88b.tmp: 'TempFileFinder' object has no attribute 'get_file_age'
2025-02-24 19:58:02,179 - ERROR - Error getting file info for C:\Users\Home\AppData\Local\Temp\adobegc.log: 'TempFileFinder' object has no attribute 'get_file_age'
2025-02-24 19:58:02,179 - ERROR - Error getting file info for C:\Users\Home\AppData\Local\Temp\StructuredQuery.log: 'TempFileFinder' object has no attribute 'get_file_age'
2025-02-24 19:58:02,184 - ERROR - Error getting file info for C:\Users\Home\AppData\Local\Temp\Adobe\com.adobe.dunamis\dunamis-2025-02-24_15-38-07.log: 'TempFileFinder' object has no attribute 'get_file_age'
2025-02-24 19:58:02,184 - ERROR - Error getting file info for C:\Users\Home\AppData\Local\Temp\Adobe\com.adobe.dunamis\dunamis-2025-02-24_15-38-15.log: 'TempFileFinder' object has no attribute 'get_file_age'
2025-02-24 19:58:02,184 - ERROR - Error getting file info for C:\Users\Home\AppData\Local\Temp\Adobe\com.adobe.dunamis\dunamis-2025-02-24_15-38-27.log: 'TempFileFinder' object has no attribute 'get_file_age'
2025-02-24 19:58:02,184 - ERROR - Error getting file info for C:\Users\Home\AppData\Local\Temp\AdobeVulcan\AdobeIPCBroker.log: 'TempFileFinder' object has no attribute 'get_file_age'
2025-02-24 19:58:02,231 - ERROR - Error getting file info for C:\Users\Home\AppData\Local\Temp\CreativeCloud\ACC\ACC.log: 'TempFileFinder' object has no attribute 'get_file_age'
2025-02-24 19:58:02,231 - ERROR - Error getting file info for C:\Users\Home\AppData\Local\Temp\CreativeCloud\ACC\CEF.log: 'TempFileFinder' object has no attribute 'get_file_age'
2025-02-24 19:58:02,246 - ERROR - Error getting file info for C:\Users\Home\AppData\Local\Temp\CreativeCloud\ACC\AdobeDownload\DLM.log: 'TempFileFinder' object has no attribute 'get_file_age'
2025-02-24 19:58:02,246 - ERROR - Error getting file info for C:\Users\Home\AppData\Local\Temp\CreativeCloud\ACPLocalLogs\creative_cloud_cloud_docs_v5_3 6.5.0.348\ACPL__2025-02-24_15-38-56.401616Z_00.log: 'TempFileFinder' object has no attribute 'get_file_age'
2025-02-24 19:58:02,246 - ERROR - Error getting file info for C:\Users\Home\AppData\Local\Temp\CreativeCloud\CCX Welcome\CCX Process.log: 'TempFileFinder' object has no attribute 'get_file_age'
2025-02-24 19:58:02,262 - ERROR - Error getting file info for C:\Users\Home\AppData\Local\Temp\CreativeCloud\CoreSync\CoreSync-2025-02-24.log: 'TempFileFinder' object has no attribute 'get_file_age'
2025-02-24 19:58:02,277 - ERROR - Error getting file info for C:\Users\Home\AppData\Local\Temp\is-P0VJ5.tmp\CodeSetup-stable-0.46.3.tmp: 'TempFileFinder' object has no attribute 'get_file_age'
2025-02-24 19:58:02,277 - ERROR - Error getting file info for C:\Users\Home\AppData\Local\Temp\NGL\NGLClient_CCXProcess16.3 2025-02-24 19-10-48-805.log: 'TempFileFinder' object has no attribute 'get_file_age'
2025-02-24 19:58:02,277 - ERROR - Error getting file info for C:\Users\Home\AppData\Local\Temp\NGL\NGLClient_CCXProcess16.3 2025-02-24 19-42-52-076.log: 'TempFileFinder' object has no attribute 'get_file_age'
2025-02-24 19:58:02,277 - ERROR - Error getting file info for C:\Users\Home\AppData\Local\Temp\NGL\NGLClient_CCXProcess16.3.log: 'TempFileFinder' object has no attribute 'get_file_age'
2025-02-24 19:58:02,277 - ERROR - Error getting file info for C:\Users\Home\AppData\Local\Temp\NGL\NGLClient_CoreSync17.4.0.31.log: 'TempFileFinder' object has no attribute 'get_file_age'
2025-02-24 19:58:02,277 - ERROR - Error getting file info for C:\Users\Home\AppData\Local\Temp\NGL\NGLClient_CreativeCloud26.5.0.348 2025-02-24 18-56-01-283.log: 'TempFileFinder' object has no attribute 'get_file_age'
2025-02-24 19:58:02,277 - ERROR - Error getting file info for C:\Users\Home\AppData\Local\Temp\NGL\NGLClient_CreativeCloud26.5.0.348.log: 'TempFileFinder' object has no attribute 'get_file_age'
2025-02-24 19:58:02,277 - ERROR - Error getting file info for C:\Users\Home\AppData\Local\Temp\NGL\NGLClient_default.log: 'TempFileFinder' object has no attribute 'get_file_age'
2025-02-24 19:58:02,309 - ERROR - Error getting file info for C:\Users\Home\AppData\Local\Temp\svj2ae5.tmp\svjb6vh.tmp: 'TempFileFinder' object has no attribute 'get_file_age'
2025-02-24 19:58:02,324 - ERROR - Error getting file info for C:\WINDOWS\Temp\adobegc.log: 'TempFileFinder' object has no attribute 'get_file_age'
2025-02-24 19:58:02,324 - ERROR - Error getting file info for C:\WINDOWS\Temp\dd_VSIXInstaller_20250218033505_0f38.log: 'TempFileFinder' object has no attribute 'get_file_age'
2025-02-24 19:58:02,324 - ERROR - Error getting file info for C:\WINDOWS\Temp\dd_VSIXInstaller_20250219033506_3eac.log: 'TempFileFinder' object has no attribute 'get_file_age'
2025-02-24 19:58:02,324 - ERROR - Error getting file info for C:\WINDOWS\Temp\dd_VSIXInstaller_20250220033506_0c88.log: 'TempFileFinder' object has no attribute 'get_file_age'
2025-02-24 19:58:02,324 - ERROR - Error getting file info for C:\WINDOWS\Temp\dd_VSIXInstaller_20250221033506_1f8c.log: 'TempFileFinder' object has no attribute 'get_file_age'
2025-02-24 19:58:02,340 - ERROR - Error getting file info for C:\WINDOWS\Temp\dd_VSIXInstaller_20250222033506_1058.log: 'TempFileFinder' object has no attribute 'get_file_age'
2025-02-24 19:58:02,340 - ERROR - Error getting file info for C:\WINDOWS\Temp\dd_VSIXInstaller_20250223110219_1cf4.log: 'TempFileFinder' object has no attribute 'get_file_age'
2025-02-24 19:58:02,340 - ERROR - Error getting file info for C:\WINDOWS\Temp\dd_VSIXInstaller_20250224033506_1ff0.log: 'TempFileFinder' object has no attribute 'get_file_age'
2025-02-24 19:58:02,340 - ERROR - Error getting file info for C:\WINDOWS\Temp\GoogleDFSSetup_250220155759_17720.log: 'TempFileFinder' object has no attribute 'get_file_age'
2025-02-24 19:58:02,340 - ERROR - Error getting file info for C:\WINDOWS\Temp\MpCmdRun.log: 'TempFileFinder' object has no attribute 'get_file_age'
2025-02-24 19:58:02,340 - ERROR - Error getting file info for C:\WINDOWS\Temp\MpSigStub.log: 'TempFileFinder' object has no attribute 'get_file_age'
2025-02-24 19:58:02,340 - ERROR - Error getting file info for C:\WINDOWS\Temp\CreativeCloud\ACC\ACC.log: 'TempFileFinder' object has no attribute 'get_file_age'
2025-02-24 19:58:02,356 - DEBUG - findfont: Matching sans\-serif:style=normal:variant=normal:weight=normal:stretch=normal:size=10.0.
2025-02-24 19:58:02,356 - DEBUG - findfont: score(FontEntry(fname='C:\\Users\\Home\\AppData\\Local\\Programs\\Python\\Python310\\lib\\site-packages\\matplotlib\\mpl-data\\fonts\\ttf\\STIXSizOneSymBol.ttf', name='STIXSizeOneSym', style='normal', variant='normal', weight=700, stretch='normal', size='scalable')) = 10.335
2025-02-24 19:58:02,356 - DEBUG - findfont: score(FontEntry(fname='C:\\Users\\Home\\AppData\\Local\\Programs\\Python\\Python310\\lib\\site-packages\\matplotlib\\mpl-data\\fonts\\ttf\\cmsy10.ttf', name='cmsy10', style='normal', variant='normal', weight=400, stretch='normal', size='scalable')) = 10.05
2025-02-24 19:58:02,356 - DEBUG - findfont: score(FontEntry(fname='C:\\Users\\Home\\AppData\\Local\\Programs\\Python\\Python310\\lib\\site-packages\\matplotlib\\mpl-data\\fonts\\ttf\\STIXGeneralItalic.ttf', name='STIXGeneral', style='italic', variant='normal', weight=400, stretch='normal', size='scalable')) = 11.05
2025-02-24 19:58:02,356 - DEBUG - findfont: score(FontEntry(fname='C:\\Users\\Home\\AppData\\Local\\Programs\\Python\\Python310\\lib\\site-packages\\matplotlib\\mpl-data\\fonts\\ttf\\STIXNonUniBolIta.ttf', name='STIXNonUnicode', style='italic', variant='normal', weight=700, stretch='normal', size='scalable')) = 11.335
2025-02-24 19:58:02,356 - DEBUG - findfont: score(FontEntry(fname='C:\\Users\\Home\\AppData\\Local\\Programs\\Python\\Python310\\lib\\site-packages\\matplotlib\\mpl-data\\fonts\\ttf\\DejaVuSans-BoldOblique.ttf', name='DejaVu Sans', style='oblique', variant='normal', weight=700, stretch='normal', size='scalable')) = 1.335
2025-02-24 19:58:02,356 - DEBUG - findfont: score(FontEntry(fname='C:\\Users\\Home\\AppData\\Local\\Programs\\Python\\Python310\\lib\\site-packages\\matplotlib\\mpl-data\\fonts\\ttf\\DejaVuSans-Oblique.ttf', name='DejaVu Sans', style='oblique', variant='normal', weight=400, stretch='normal', size='scalable')) = 1.05
2025-02-24 19:58:02,356 - DEBUG - findfont: score(FontEntry(fname='C:\\Users\\Home\\AppData\\Local\\Programs\\Python\\Python310\\lib\\site-packages\\matplotlib\\mpl-data\\fonts\\ttf\\DejaVuSerif.ttf', name='DejaVu Serif', style='normal', variant='normal', weight=400, stretch='normal', size='scalable')) = 10.05
2025-02-24 19:58:02,356 - DEBUG - findfont: score(FontEntry(fname='C:\\Users\\Home\\AppData\\Local\\Programs\\Python\\Python310\\lib\\site-packages\\matplotlib\\mpl-data\\fonts\\ttf\\STIXNonUni.ttf', name='STIXNonUnicode', style='normal', variant='normal', weight=400, stretch='normal', size='scalable')) = 10.05
2025-02-24 19:58:02,356 - DEBUG - findfont: score(FontEntry(fname='C:\\Users\\Home\\AppData\\Local\\Programs\\Python\\Python310\\lib\\site-packages\\matplotlib\\mpl-data\\fonts\\ttf\\STIXGeneralBolIta.ttf', name='STIXGeneral', style='italic', variant='normal', weight=700, stretch='normal', size='scalable')) = 11.335
2025-02-24 19:58:02,356 - DEBUG - findfont: score(FontEntry(fname='C:\\Users\\Home\\AppData\\Local\\Programs\\Python\\Python310\\lib\\site-packages\\matplotlib\\mpl-data\\fonts\\ttf\\STIXSizFiveSymReg.ttf', name='STIXSizeFiveSym', style='normal', variant='normal', weight=400, stretch='normal', size='scalable')) = 10.05
2025-02-24 19:58:02,356 - DEBUG - findfont: score(FontEntry(fname='C:\\Users\\Home\\AppData\\Local\\Programs\\Python\\Python310\\lib\\site-packages\\matplotlib\\mpl-data\\fonts\\ttf\\cmr10.ttf', name='cmr10', style='normal', variant='normal', weight=400, stretch='normal', size='scalable')) = 10.05
2025-02-24 19:58:02,356 - DEBUG - findfont: score(FontEntry(fname='C:\\Users\\Home\\AppData\\Local\\Programs\\Python\\Python310\\lib\\site-packages\\matplotlib\\mpl-data\\fonts\\ttf\\DejaVuSansMono-Bold.ttf', name='DejaVu Sans Mono', style='normal', variant='normal', weight=700, stretch='normal', size='scalable')) = 10.335
2025-02-24 19:58:02,356 - DEBUG - findfont: score(FontEntry(fname='C:\\Users\\Home\\AppData\\Local\\Programs\\Python\\Python310\\lib\\site-packages\\matplotlib\\mpl-data\\fonts\\ttf\\STIXNonUniIta.ttf', name='STIXNonUnicode', style='italic', variant='normal', weight=400, stretch='normal', size='scalable')) = 11.05
2025-02-24 19:58:02,356 - DEBUG - findfont: score(FontEntry(fname='C:\\Users\\Home\\AppData\\Local\\Programs\\Python\\Python310\\lib\\site-packages\\matplotlib\\mpl-data\\fonts\\ttf\\DejaVuSans-Bold.ttf', name='DejaVu Sans', style='normal', variant='normal', weight=700, stretch='normal', size='scalable')) = 0.33499999999999996
2025-02-24 19:58:02,356 - DEBUG - findfont: score(FontEntry(fname='C:\\Users\\Home\\AppData\\Local\\Programs\\Python\\Python310\\lib\\site-packages\\matplotlib\\mpl-data\\fonts\\ttf\\DejaVuSerif-Italic.ttf', name='DejaVu Serif', style='italic', variant='normal', weight=400, stretch='normal', size='scalable')) = 11.05
2025-02-24 19:58:02,356 - DEBUG - findfont: score(FontEntry(fname='C:\\Users\\Home\\AppData\\Local\\Programs\\Python\\Python310\\lib\\site-packages\\matplotlib\\mpl-data\\fonts\\ttf\\cmss10.ttf', name='cmss10', style='normal', variant='normal', weight=400, stretch='normal', size='scalable')) = 10.05
2025-02-24 19:58:02,356 - DEBUG - findfont: score(FontEntry(fname='C:\\Users\\Home\\AppData\\Local\\Programs\\Python\\Python310\\lib\\site-packages\\matplotlib\\mpl-data\\fonts\\ttf\\DejaVuSansMono-BoldOblique.ttf', name='DejaVu Sans Mono', style='oblique', variant='normal', weight=700, stretch='normal', size='scalable')) = 11.335
2025-02-24 19:58:02,356 - DEBUG - findfont: score(FontEntry(fname='C:\\Users\\Home\\AppData\\Local\\Programs\\Python\\Python310\\lib\\site-packages\\matplotlib\\mpl-data\\fonts\\ttf\\DejaVuSansDisplay.ttf', name='DejaVu Sans Display', style='normal', variant='normal', weight=400, stretch='normal', size='scalable')) = 10.05
2025-02-24 19:58:02,356 - DEBUG - findfont: score(FontEntry(fname='C:\\Users\\Home\\AppData\\Local\\Programs\\Python\\Python310\\lib\\site-packages\\matplotlib\\mpl-data\\fonts\\ttf\\STIXSizTwoSymBol.ttf', name='STIXSizeTwoSym', style='normal', variant='normal', weight=700, stretch='normal', size='scalable')) = 10.335
2025-02-24 19:58:02,356 - DEBUG - findfont: score(FontEntry(fname='C:\\Users\\Home\\AppData\\Local\\Programs\\Python\\Python310\\lib\\site-packages\\matplotlib\\mpl-data\\fonts\\ttf\\STIXSizThreeSymReg.ttf', name='STIXSizeThreeSym', style='normal', variant='normal', weight=400, stretch='normal', size='scalable')) = 10.05
2025-02-24 19:58:02,356 - DEBUG - findfont: score(FontEntry(fname='C:\\Users\\Home\\AppData\\Local\\Programs\\Python\\Python310\\lib\\site-packages\\matplotlib\\mpl-data\\fonts\\ttf\\DejaVuSerif-BoldItalic.ttf', name='DejaVu Serif', style='italic', variant='normal', weight=700, stretch='normal', size='scalable')) = 11.335
2025-02-24 19:58:02,356 - DEBUG - findfont: score(FontEntry(fname='C:\\Users\\Home\\AppData\\Local\\Programs\\Python\\Python310\\lib\\site-packages\\matplotlib\\mpl-data\\fonts\\ttf\\STIXSizFourSymReg.ttf', name='STIXSizeFourSym', style='normal', variant='normal', weight=400, stretch='normal', size='scalable')) = 10.05
2025-02-24 19:58:02,356 - DEBUG - findfont: score(FontEntry(fname='C:\\Users\\Home\\AppData\\Local\\Programs\\Python\\Python310\\lib\\site-packages\\matplotlib\\mpl-data\\fonts\\ttf\\STIXSizFourSymBol.ttf', name='STIXSizeFourSym', style='normal', variant='normal', weight=700, stretch='normal', size='scalable')) = 10.335
2025-02-24 19:58:02,356 - DEBUG - findfont: score(FontEntry(fname='C:\\Users\\Home\\AppData\\Local\\Programs\\Python\\Python310\\lib\\site-packages\\matplotlib\\mpl-data\\fonts\\ttf\\DejaVuSans.ttf', name='DejaVu Sans', style='normal', variant='normal', weight=400, stretch='normal', size='scalable')) = 0.05
2025-02-24 19:58:02,356 - DEBUG - findfont: score(FontEntry(fname='C:\\Users\\Home\\AppData\\Local\\Programs\\Python\\Python310\\lib\\site-packages\\matplotlib\\mpl-data\\fonts\\ttf\\cmtt10.ttf', name='cmtt10', style='normal', variant='normal', weight=400, stretch='normal', size='scalable')) = 10.05
2025-02-24 19:58:02,356 - DEBUG - findfont: score(FontEntry(fname='C:\\Users\\Home\\AppData\\Local\\Programs\\Python\\Python310\\lib\\site-packages\\matplotlib\\mpl-data\\fonts\\ttf\\STIXSizTwoSymReg.ttf', name='STIXSizeTwoSym', style='normal', variant='normal', weight=400, stretch='normal', size='scalable')) = 10.05
2025-02-24 19:58:02,356 - DEBUG - findfont: score(FontEntry(fname='C:\\Users\\Home\\AppData\\Local\\Programs\\Python\\Python310\\lib\\site-packages\\matplotlib\\mpl-data\\fonts\\ttf\\STIXSizOneSymReg.ttf', name='STIXSizeOneSym', style='normal', variant='normal', weight=400, stretch='normal', size='scalable')) = 10.05
2025-02-24 19:58:02,356 - DEBUG - findfont: score(FontEntry(fname='C:\\Users\\Home\\AppData\\Local\\Programs\\Python\\Python310\\lib\\site-packages\\matplotlib\\mpl-data\\fonts\\ttf\\STIXGeneralBol.ttf', name='STIXGeneral', style='normal', variant='normal', weight=700, stretch='normal', size='scalable')) = 10.335
2025-02-24 19:58:02,356 - DEBUG - findfont: score(FontEntry(fname='C:\\Users\\Home\\AppData\\Local\\Programs\\Python\\Python310\\lib\\site-packages\\matplotlib\\mpl-data\\fonts\\ttf\\cmmi10.ttf', name='cmmi10', style='normal', variant='normal', weight=400, stretch='normal', size='scalable')) = 10.05
2025-02-24 19:58:02,356 - DEBUG - findfont: score(FontEntry(fname='C:\\Users\\Home\\AppData\\Local\\Programs\\Python\\Python310\\lib\\site-packages\\matplotlib\\mpl-data\\fonts\\ttf\\STIXNonUniBol.ttf', name='STIXNonUnicode', style='normal', variant='normal', weight=700, stretch='normal', size='scalable')) = 10.335
2025-02-24 19:58:02,356 - DEBUG - findfont: score(FontEntry(fname='C:\\Users\\Home\\AppData\\Local\\Programs\\Python\\Python310\\lib\\site-packages\\matplotlib\\mpl-data\\fonts\\ttf\\STIXGeneral.ttf', name='STIXGeneral', style='normal', variant='normal', weight=400, stretch='normal', size='scalable')) = 10.05
2025-02-24 19:58:02,356 - DEBUG - findfont: score(FontEntry(fname='C:\\Users\\Home\\AppData\\Local\\Programs\\Python\\Python310\\lib\\site-packages\\matplotlib\\mpl-data\\fonts\\ttf\\STIXSizThreeSymBol.ttf', name='STIXSizeThreeSym', style='normal', variant='normal', weight=700, stretch='normal', size='scalable')) = 10.335
2025-02-24 19:58:02,356 - DEBUG - findfont: score(FontEntry(fname='C:\\Users\\Home\\AppData\\Local\\Programs\\Python\\Python310\\lib\\site-packages\\matplotlib\\mpl-data\\fonts\\ttf\\DejaVuSansMono-Oblique.ttf', name='DejaVu Sans Mono', style='oblique', variant='normal', weight=400, stretch='normal', size='scalable')) = 11.05
2025-02-24 19:58:02,356 - DEBUG - findfont: score(FontEntry(fname='C:\\Users\\Home\\AppData\\Local\\Programs\\Python\\Python310\\lib\\site-packages\\matplotlib\\mpl-data\\fonts\\ttf\\cmex10.ttf', name='cmex10', style='normal', variant='normal', weight=400, stretch='normal', size='scalable')) = 10.05
2025-02-24 19:58:02,356 - DEBUG - findfont: score(FontEntry(fname='C:\\Users\\Home\\AppData\\Local\\Programs\\Python\\Python310\\lib\\site-packages\\matplotlib\\mpl-data\\fonts\\ttf\\cmb10.ttf', name='cmb10', style='normal', variant='normal', weight=400, stretch='normal', size='scalable')) = 10.05
2025-02-24 19:58:02,356 - DEBUG - findfont: score(FontEntry(fname='C:\\Users\\Home\\AppData\\Local\\Programs\\Python\\Python310\\lib\\site-packages\\matplotlib\\mpl-data\\fonts\\ttf\\DejaVuSansMono.ttf', name='DejaVu Sans Mono', style='normal', variant='normal', weight=400, stretch='normal', size='scalable')) = 10.05
2025-02-24 19:58:02,356 - DEBUG - findfont: score(FontEntry(fname='C:\\Users\\Home\\AppData\\Local\\Programs\\Python\\Python310\\lib\\site-packages\\matplotlib\\mpl-data\\fonts\\ttf\\DejaVuSerifDisplay.ttf', name='DejaVu Serif Display', style='normal', variant='normal', weight=400, stretch='normal', size='scalable')) = 10.05
2025-02-24 19:58:02,356 - DEBUG - findfont: score(FontEntry(fname='C:\\Users\\Home\\AppData\\Local\\Programs\\Python\\Python310\\lib\\site-packages\\matplotlib\\mpl-data\\fonts\\ttf\\DejaVuSerif-Bold.ttf', name='DejaVu Serif', style='normal', variant='normal', weight=700, stretch='normal', size='scalable')) = 10.335
2025-02-24 19:58:02,356 - DEBUG - findfont: score(FontEntry(fname='C:\\Windows\\Fonts\\SitkaZ.ttc', name='Sitka Small', style='italic', variant='normal', weight=700, stretch='normal', size='scalable')) = 11.335
2025-02-24 19:58:02,356 - DEBUG - findfont: score(FontEntry(fname='C:\\Windows\\Fonts\\DejaVuSans-Oblique.ttf', name='DejaVu Sans', style='oblique', variant='normal', weight=400, stretch='normal', size='scalable')) = 1.05
2025-02-24 19:58:02,356 - DEBUG - findfont: score(FontEntry(fname='C:\\Windows\\Fonts\\segoepr.ttf', name='Segoe Print', style='normal', variant='normal', weight=400, stretch='normal', size='scalable')) = 10.05
2025-02-24 19:58:02,356 - DEBUG - findfont: score(FontEntry(fname='C:\\Windows\\Fonts\\DejaVuSerifCondensed-Bold.ttf', name='DejaVu Serif', style='normal', variant='normal', weight=700, stretch='condensed', size='scalable')) = 10.535
2025-02-24 19:58:02,356 - DEBUG - findfont: score(FontEntry(fname='C:\\Windows\\Fonts\\wingding.ttf', name='Wingdings', style='normal', variant='normal', weight=400, stretch='normal', size='scalable')) = 10.05
2025-02-24 19:58:02,356 - DEBUG - findfont: score(FontEntry(fname='C:\\Windows\\Fonts\\DejaVuSerif-BoldItalic.ttf', name='DejaVu Serif', style='italic', variant='normal', weight=700, stretch='normal', size='scalable')) = 11.335
2025-02-24 19:58:02,356 - DEBUG - findfont: score(FontEntry(fname='C:\\Windows\\Fonts\\ebrimabd.ttf', name='Ebrima', style='normal', variant='normal', weight=700, stretch='normal', size='scalable')) = 10.335
2025-02-24 19:58:02,356 - DEBUG - findfont: score(FontEntry(fname='C:\\Windows\\Fonts\\arialbi.ttf', name='Arial', style='italic', variant='normal', weight=700, stretch='normal', size='scalable')) = 7.698636363636363
2025-02-24 19:58:02,356 - DEBUG - findfont: score(FontEntry(fname='C:\\Windows\\Fonts\\DejaVuSans-ExtraLight.ttf', name='DejaVu Sans', style='normal', variant='normal', weight=200, stretch='normal', size='scalable')) = 0.24
2025-02-24 19:58:02,356 - DEBUG - findfont: score(FontEntry(fname='C:\\Windows\\Fonts\\ntailu.ttf', name='Microsoft New Tai Lue', style='normal', variant='normal', weight=400, stretch='normal', size='scalable')) = 10.05
2025-02-24 19:58:02,356 - DEBUG - findfont: score(FontEntry(fname='C:\\Windows\\Fonts\\seguili.ttf', name='Segoe UI', style='italic', variant='normal', weight=300, stretch='normal', size='scalable')) = 11.145
2025-02-24 19:58:02,356 - DEBUG - findfont: score(FontEntry(fname='C:\\Windows\\Fonts\\segmdl2.ttf', name='Segoe MDL2 Assets', style='normal', variant='normal', weight=400, stretch='normal', size='scalable')) = 10.05
2025-02-24 19:58:02,356 - DEBUG - findfont: score(FontEntry(fname='C:\\Windows\\Fonts\\opens___.ttf', name='OpenSymbol', style='normal', variant='normal', weight=400, stretch='normal', size='scalable')) = 10.05
2025-02-24 19:58:02,356 - DEBUG - findfont: score(FontEntry(fname='C:\\Windows\\Fonts\\malgunsl.ttf', name='Malgun Gothic', style='normal', variant='normal', weight=300, stretch='normal', size='scalable')) = 10.145
2025-02-24 19:58:02,356 - DEBUG - findfont: score(FontEntry(fname='C:\\Windows\\Fonts\\segoescb.ttf', name='Segoe Script', style='normal', variant='normal', weight=700, stretch='normal', size='scalable')) = 10.335
2025-02-24 19:58:02,356 - DEBUG - findfont: score(FontEntry(fname='C:\\Windows\\Fonts\\YuGothB.ttc', name='Yu Gothic', style='normal', variant='normal', weight=700, stretch='normal', size='scalable')) = 10.335
2025-02-24 19:58:02,356 - DEBUG - findfont: score(FontEntry(fname='C:\\Windows\\Fonts\\DejaVuSansMono-BoldOblique.ttf', name='DejaVu Sans Mono', style='oblique', variant='normal', weight=700, stretch='normal', size='scalable')) = 11.335
2025-02-24 19:58:02,356 - DEBUG - findfont: score(FontEntry(fname='C:\\Windows\\Fonts\\segoeuib.ttf', name='Segoe UI', style='normal', variant='normal', weight=700, stretch='normal', size='scalable')) = 10.335
2025-02-24 19:58:02,356 - DEBUG - findfont: score(FontEntry(fname='C:\\Windows\\Fonts\\ariali.ttf', name='Arial', style='italic', variant='normal', weight=400, stretch='normal', size='scalable')) = 7.413636363636363
2025-02-24 19:58:02,356 - DEBUG - findfont: score(FontEntry(fname='C:\\Windows\\Fonts\\msyhbd.ttc', name='Microsoft YaHei', style='normal', variant='normal', weight=700, stretch='normal', size='scalable')) = 10.335
2025-02-24 19:58:02,356 - DEBUG - findfont: score(FontEntry(fname='C:\\Windows\\Fonts\\courbd.ttf', name='Courier New', style='normal', variant='normal', weight=700, stretch='normal', size='scalable')) = 10.335
2025-02-24 19:58:02,356 - DEBUG - findfont: score(FontEntry(fname='C:\\Windows\\Fonts\\Gabriola.ttf', name='Gabriola', style='normal', variant='normal', weight=400, stretch='normal', size='scalable')) = 10.05
2025-02-24 19:58:02,356 - DEBUG - findfont: score(FontEntry(fname='C:\\Windows\\Fonts\\symbol.ttf', name='Symbol', style='normal', variant='normal', weight=400, stretch='normal', size='scalable')) = 10.05
2025-02-24 19:58:02,356 - DEBUG - findfont: score(FontEntry(fname='C:\\Windows\\Fonts\\calibrii.ttf', name='Calibri', style='italic', variant='normal', weight=400, stretch='normal', size='scalable')) = 11.05
2025-02-24 19:58:02,371 - DEBUG - findfont: score(FontEntry(fname='C:\\Windows\\Fonts\\CascadiaCode.ttf', name='Cascadia Code', style='normal', variant='normal', weight=400, stretch='normal', size='scalable')) = 10.05
2025-02-24 19:58:02,371 - DEBUG - findfont: score(FontEntry(fname='C:\\Windows\\Fonts\\Inkfree.ttf', name='Ink Free', style='normal', variant='normal', weight=400, stretch='normal', size='scalable')) = 10.05
2025-02-24 19:58:02,371 - DEBUG - findfont: score(FontEntry(fname='C:\\Windows\\Fonts\\seguisym.ttf', name='Segoe UI Symbol', style='normal', variant='normal', weight=400, stretch='normal', size='scalable')) = 10.05
2025-02-24 19:58:02,371 - DEBUG - findfont: score(FontEntry(fname='C:\\Windows\\Fonts\\corbeli.ttf', name='Corbel', style='italic', variant='normal', weight=400, stretch='normal', size='scalable')) = 11.05
2025-02-24 19:58:02,371 - DEBUG - findfont: score(FontEntry(fname='C:\\Windows\\Fonts\\GenBkBasBI.ttf', name='Gentium Book Basic', style='italic', variant='normal', weight=700, stretch='normal', size='scalable')) = 11.335
2025-02-24 19:58:02,371 - DEBUG - findfont: score(FontEntry(fname='C:\\Windows\\Fonts\\calibri.ttf', name='Calibri', style='normal', variant='normal', weight=400, stretch='normal', size='scalable')) = 10.05
2025-02-24 19:58:02,371 - DEBUG - findfont: score(FontEntry(fname='C:\\Windows\\Fonts\\malgunbd.ttf', name='Malgun Gothic', style='normal', variant='normal', weight=700, stretch='normal', size='scalable')) = 10.335
2025-02-24 19:58:02,371 - DEBUG - findfont: score(FontEntry(fname='C:\\Windows\\Fonts\\gadugib.ttf', name='Gadugi', style='normal', variant='normal', weight=700, stretch='normal', size='scalable')) = 10.335
2025-02-24 19:58:02,371 - DEBUG - findfont: score(FontEntry(fname='C:\\Windows\\Fonts\\DejaVuSansCondensed.ttf', name='DejaVu Sans', style='normal', variant='normal', weight=400, stretch='condensed', size='scalable')) = 0.25
2025-02-24 19:58:02,371 - DEBUG - findfont: score(FontEntry(fname='C:\\Windows\\Fonts\\LeelawUI.ttf', name='Leelawadee UI', style='normal', variant='normal', weight=400, stretch='normal', size='scalable')) = 10.05
2025-02-24 19:58:02,371 - DEBUG - findfont: score(FontEntry(fname='C:\\Windows\\Fonts\\msyhl.ttc', name='Microsoft YaHei', style='normal', variant='normal', weight=290, stretch='normal', size='scalable')) = 10.1545
2025-02-24 19:58:02,371 - DEBUG - findfont: score(FontEntry(fname='C:\\Windows\\Fonts\\ZWAdobeF.TTF', name='ZWAdobeF', style='normal', variant='normal', weight=400, stretch='normal', size='scalable')) = 10.05
2025-02-24 19:58:02,371 - DEBUG - findfont: score(FontEntry(fname='C:\\Windows\\Fonts\\calibriz.ttf', name='Calibri', style='italic', variant='normal', weight=700, stretch='normal', size='scalable')) = 11.335
2025-02-24 19:58:02,371 - DEBUG - findfont: score(FontEntry(fname='C:\\Windows\\Fonts\\GenBkBasB.ttf', name='Gentium Book Basic', style='normal', variant='normal', weight=700, stretch='normal', size='scalable')) = 10.335
2025-02-24 19:58:02,371 - DEBUG - findfont: score(FontEntry(fname='C:\\Windows\\Fonts\\framdit.ttf', name='Franklin Gothic Medium', style='italic', variant='normal', weight=400, stretch='normal', size='scalable')) = 11.05
2025-02-24 19:58:02,371 - DEBUG - findfont: score(FontEntry(fname='C:\\Windows\\Fonts\\holomdl2.ttf', name='HoloLens MDL2 Assets', style='normal', variant='normal', weight=400, stretch='normal', size='scalable')) = 10.05
2025-02-24 19:58:02,371 - DEBUG - findfont: score(FontEntry(fname='C:\\Windows\\Fonts\\tahomabd.ttf', name='Tahoma', style='normal', variant='normal', weight=700, stretch='normal', size='scalable')) = 10.335
2025-02-24 19:58:02,371 - DEBUG - findfont: score(FontEntry(fname='C:\\Windows\\Fonts\\DejaVuSansCondensed-Bold.ttf', name='DejaVu Sans', style='normal', variant='normal', weight=700, stretch='condensed', size='scalable')) = 0.5349999999999999
2025-02-24 19:58:02,371 - DEBUG - findfont: score(FontEntry(fname='C:\\Windows\\Fonts\\Caladea-Regular.ttf', name='Caladea', style='normal', variant='normal', weight=400, stretch='normal', size='scalable')) = 10.05
2025-02-24 19:58:02,371 - DEBUG - findfont: score(FontEntry(fname='C:\\Windows\\Fonts\\DejaVuSansMono-Bold.ttf', name='DejaVu Sans Mono', style='normal', variant='normal', weight=700, stretch='normal', size='scalable')) = 10.335
2025-02-24 19:58:02,371 - DEBUG - findfont: score(FontEntry(fname='C:\\Windows\\Fonts\\Caladea-Bold.ttf', name='Caladea', style='normal', variant='normal', weight=700, stretch='normal', size='scalable')) = 10.335
2025-02-24 19:58:02,371 - DEBUG - findfont: score(FontEntry(fname='C:\\Windows\\Fonts\\corbell.ttf', name='Corbel', style='normal', variant='normal', weight=300, stretch='normal', size='scalable')) = 10.145
2025-02-24 19:58:02,371 - DEBUG - findfont: score(FontEntry(fname='C:\\Windows\\Fonts\\CascadiaMono.ttf', name='Cascadia Mono', style='normal', variant='normal', weight=400, stretch='normal', size='scalable')) = 10.05
2025-02-24 19:58:02,371 - DEBUG - findfont: score(FontEntry(fname='C:\\Windows\\Fonts\\tahoma.ttf', name='Tahoma', style='normal', variant='normal', weight=400, stretch='normal', size='scalable')) = 10.05
2025-02-24 19:58:02,371 - DEBUG - findfont: score(FontEntry(fname='C:\\Windows\\Fonts\\l_10646.ttf', name='Lucida Sans Unicode', style='normal', variant='normal', weight=400, stretch='normal', size='scalable')) = 10.05
2025-02-24 19:58:02,371 - DEBUG - findfont: score(FontEntry(fname='C:\\Windows\\Fonts\\simsun.ttc', name='SimSun', style='normal', variant='normal', weight=400, stretch='normal', size='scalable')) = 10.05
2025-02-24 19:58:02,371 - DEBUG - findfont: score(FontEntry(fname='C:\\Windows\\Fonts\\msjhl.ttc', name='Microsoft JhengHei', style='normal', variant='normal', weight=290, stretch='normal', size='scalable')) = 10.1545
2025-02-24 19:58:02,371 - DEBUG - findfont: score(FontEntry(fname='C:\\Windows\\Fonts\\seguihis.ttf', name='Segoe UI Historic', style='normal', variant='normal', weight=400, stretch='normal', size='scalable')) = 10.05
2025-02-24 19:58:02,371 - DEBUG - findfont: score(FontEntry(fname='C:\\Windows\\Fonts\\DejaVuSansCondensed-Oblique.ttf', name='DejaVu Sans', style='oblique', variant='normal', weight=400, stretch='condensed', size='scalable')) = 1.25
2025-02-24 19:58:02,371 - DEBUG - findfont: score(FontEntry(fname='C:\\Windows\\Fonts\\georgia.ttf', name='Georgia', style='normal', variant='normal', weight=400, stretch='normal', size='scalable')) = 10.05
2025-02-24 19:58:02,371 - DEBUG - findfont: score(FontEntry(fname='C:\\Windows\\Fonts\\bahnschrift.ttf', name='Bahnschrift', style='normal', variant='normal', weight=400, stretch='normal', size='scalable')) = 10.05
2025-02-24 19:58:02,371 - DEBUG - findfont: score(FontEntry(fname='C:\\Windows\\Fonts\\seguisb.ttf', name='Segoe UI', style='normal', variant='normal', weight=600, stretch='normal', size='scalable')) = 10.24
2025-02-24 19:58:02,371 - DEBUG - findfont: score(FontEntry(fname='C:\\Windows\\Fonts\\LeelUIsl.ttf', name='Leelawadee UI', style='normal', variant='normal', weight=350, stretch='normal', size='scalable')) = 10.0975
2025-02-24 19:58:02,371 - DEBUG - findfont: score(FontEntry(fname='C:\\Windows\\Fonts\\NirmalaB.ttf', name='Nirmala UI', style='normal', variant='normal', weight=700, stretch='normal', size='scalable')) = 10.335
2025-02-24 19:58:02,371 - DEBUG - findfont: score(FontEntry(fname='C:\\Windows\\Fonts\\ebrima.ttf', name='Ebrima', style='normal', variant='normal', weight=400, stretch='normal', size='scalable')) = 10.05
2025-02-24 19:58:02,371 - DEBUG - findfont: score(FontEntry(fname='C:\\Windows\\Fonts\\cambriaz.ttf', name='Cambria', style='italic', variant='normal', weight=700, stretch='normal', size='scalable')) = 11.335
2025-02-24 19:58:02,371 - DEBUG - findfont: score(FontEntry(fname='C:\\Windows\\Fonts\\pala.ttf', name='Palatino Linotype', style='normal', variant='normal', weight=400, stretch='normal', size='scalable')) = 10.05
2025-02-24 19:58:02,371 - DEBUG - findfont: score(FontEntry(fname='C:\\Windows\\Fonts\\segoeuiz.ttf', name='Segoe UI', style='italic', variant='normal', weight=700, stretch='normal', size='scalable')) = 11.335
2025-02-24 19:58:02,371 - DEBUG - findfont: score(FontEntry(fname='C:\\Windows\\Fonts\\georgiab.ttf', name='Georgia', style='normal', variant='normal', weight=700, stretch='normal', size='scalable')) = 10.335
2025-02-24 19:58:02,371 - DEBUG - findfont: score(FontEntry(fname='C:\\Windows\\Fonts\\DejaVuSans-Bold.ttf', name='DejaVu Sans', style='normal', variant='normal', weight=700, stretch='normal', size='scalable')) = 0.33499999999999996
2025-02-24 19:58:02,371 - DEBUG - findfont: score(FontEntry(fname='C:\\Windows\\Fonts\\Sitka.ttc', name='Sitka Small', style='normal', variant='normal', weight=400, stretch='normal', size='scalable')) = 10.05
2025-02-24 19:58:02,371 - DEBUG - findfont: score(FontEntry(fname='C:\\Windows\\Fonts\\cambriai.ttf', name='Cambria', style='italic', variant='normal', weight=400, stretch='normal', size='scalable')) = 11.05
2025-02-24 19:58:02,371 - DEBUG - findfont: score(FontEntry(fname='C:\\Windows\\Fonts\\ntailub.ttf', name='Microsoft New Tai Lue', style='normal', variant='normal', weight=700, stretch='normal', size='scalable')) = 10.335
2025-02-24 19:58:02,371 - DEBUG - findfont: score(FontEntry(fname='C:\\Windows\\Fonts\\comic.ttf', name='Comic Sans MS', style='normal', variant='normal', weight=400, stretch='normal', size='scalable')) = 10.05
2025-02-24 19:58:02,371 - DEBUG - findfont: score(FontEntry(fname='C:\\Windows\\Fonts\\SitkaB.ttc', name='Sitka Small', style='normal', variant='normal', weight=700, stretch='normal', size='scalable')) = 10.335
2025-02-24 19:58:02,371 - DEBUG - findfont: score(FontEntry(fname='C:\\Windows\\Fonts\\comici.ttf', name='Comic Sans MS', style='italic', variant='normal', weight=400, stretch='normal', size='scalable')) = 11.05
2025-02-24 19:58:02,371 - DEBUG - findfont: score(FontEntry(fname='C:\\Windows\\Fonts\\courbi.ttf', name='Courier New', style='italic', variant='normal', weight=700, stretch='normal', size='scalable')) = 11.335
2025-02-24 19:58:02,371 - DEBUG - findfont: score(FontEntry(fname='C:\\Windows\\Fonts\\DejaVuSans.ttf', name='DejaVu Sans', style='normal', variant='normal', weight=400, stretch='normal', size='scalable')) = 0.05
2025-02-24 19:58:02,371 - DEBUG - findfont: score(FontEntry(fname='C:\\Windows\\Fonts\\DejaVuSerif-Italic.ttf', name='DejaVu Serif', style='italic', variant='normal', weight=400, stretch='normal', size='scalable')) = 11.05
2025-02-24 19:58:02,371 - DEBUG - findfont: score(FontEntry(fname='C:\\Windows\\Fonts\\GenBasR.ttf', name='Gentium Basic', style='normal', variant='normal', weight=400, stretch='normal', size='scalable')) = 10.05
2025-02-24 19:58:02,371 - DEBUG - findfont: score(FontEntry(fname='C:\\Windows\\Fonts\\consolab.ttf', name='Consolas', style='normal', variant='normal', weight=700, stretch='normal', size='scalable')) = 10.335
2025-02-24 19:58:02,371 - DEBUG - findfont: score(FontEntry(fname='C:\\Windows\\Fonts\\seguisli.ttf', name='Segoe UI', style='italic', variant='normal', weight=350, stretch='normal', size='scalable')) = 11.0975
2025-02-24 19:58:02,371 - DEBUG - findfont: score(FontEntry(fname='C:\\Windows\\Fonts\\consolaz.ttf', name='Consolas', style='italic', variant='normal', weight=700, stretch='normal', size='scalable')) = 11.335
2025-02-24 19:58:02,371 - DEBUG - findfont: score(FontEntry(fname='C:\\Windows\\Fonts\\seguiemj.ttf', name='Segoe UI Emoji', style='normal', variant='normal', weight=400, stretch='normal', size='scalable')) = 10.05
2025-02-24 19:58:02,371 - DEBUG - findfont: score(FontEntry(fname='C:\\Windows\\Fonts\\mingliub.ttc', name='MingLiU-ExtB', style='normal', variant='normal', weight=400, stretch='normal', size='scalable')) = 10.05
2025-02-24 19:58:02,371 - DEBUG - findfont: score(FontEntry(fname='C:\\Windows\\Fonts\\malgun.ttf', name='Malgun Gothic', style='normal', variant='normal', weight=400, stretch='normal', size='scalable')) = 10.05
2025-02-24 19:58:02,371 - DEBUG - findfont: score(FontEntry(fname='C:\\Windows\\Fonts\\segoeprb.ttf', name='Segoe Print', style='normal', variant='normal', weight=700, stretch='normal', size='scalable')) = 10.335
2025-02-24 19:58:02,371 - DEBUG - findfont: score(FontEntry(fname='C:\\Windows\\Fonts\\Candarai.ttf', name='Candara', style='italic', variant='normal', weight=400, stretch='normal', size='scalable')) = 11.05
2025-02-24 19:58:02,371 - DEBUG - findfont: score(FontEntry(fname='C:\\Windows\\Fonts\\palabi.ttf', name='Palatino Linotype', style='italic', variant='normal', weight=700, stretch='normal', size='scalable')) = 11.335
2025-02-24 19:58:02,371 - DEBUG - findfont: score(FontEntry(fname='C:\\Windows\\Fonts\\seguisbi.ttf', name='Segoe UI', style='italic', variant='normal', weight=600, stretch='normal', size='scalable')) = 11.24
2025-02-24 19:58:02,371 - DEBUG - findfont: score(FontEntry(fname='C:\\Windows\\Fonts\\Candarali.ttf', name='Candara', style='italic', variant='normal', weight=400, stretch='normal', size='scalable')) = 11.05
2025-02-24 19:58:02,371 - DEBUG - findfont: score(FontEntry(fname='C:\\Windows\\Fonts\\msyh.ttc', name='Microsoft YaHei', style='normal', variant='normal', weight=400, stretch='normal', size='scalable')) = 10.05
2025-02-24 19:58:02,371 - DEBUG - findfont: score(FontEntry(fname='C:\\Windows\\Fonts\\Carlito-Regular.ttf', name='Carlito', style='normal', variant='normal', weight=400, stretch='normal', size='scalable')) = 10.05
2025-02-24 19:58:02,371 - DEBUG - findfont: score(FontEntry(fname='C:\\Windows\\Fonts\\verdanab.ttf', name='Verdana', style='normal', variant='normal', weight=700, stretch='normal', size='scalable')) = 3.9713636363636367
2025-02-24 19:58:02,371 - DEBUG - findfont: score(FontEntry(fname='C:\\Windows\\Fonts\\Carlito-BoldItalic.ttf', name='Carlito', style='italic', variant='normal', weight=700, stretch='normal', size='scalable')) = 11.335
2025-02-24 19:58:02,371 - DEBUG - findfont: score(FontEntry(fname='C:\\Windows\\Fonts\\seguibli.ttf', name='Segoe UI', style='italic', variant='normal', weight=900, stretch='normal', size='scalable')) = 11.525
2025-02-24 19:58:02,371 - DEBUG - findfont: score(FontEntry(fname='C:\\Users\\Home\\AppData\\Local\\Microsoft\\Windows\\Fonts\\AutografPersonalUseOnly-mOBm.ttf', name='Autograf PERSONAL USE ONLY', style='normal', variant='normal', weight=400, stretch='normal', size='scalable')) = 10.05
2025-02-24 19:58:02,371 - DEBUG - findfont: score(FontEntry(fname='C:\\Windows\\Fonts\\corbelli.ttf', name='Corbel', style='italic', variant='normal', weight=300, stretch='normal', size='scalable')) = 11.145
2025-02-24 19:58:02,371 - DEBUG - findfont: score(FontEntry(fname='C:\\Windows\\Fonts\\times.ttf', name='Times New Roman', style='normal', variant='normal', weight=400, stretch='normal', size='scalable')) = 10.05
2025-02-24 19:58:02,371 - DEBUG - findfont: score(FontEntry(fname='C:\\Windows\\Fonts\\ariblk.ttf', name='Arial', style='normal', variant='normal', weight=900, stretch='normal', size='scalable')) = 6.888636363636364
2025-02-24 19:58:02,371 - DEBUG - findfont: score(FontEntry(fname='C:\\Windows\\Fonts\\Caladea-Italic.ttf', name='Caladea', style='italic', variant='normal', weight=400, stretch='normal', size='scalable')) = 11.05
2025-02-24 19:58:02,371 - DEBUG - findfont: score(FontEntry(fname='C:\\Windows\\Fonts\\DejaVuSansMono-Oblique.ttf', name='DejaVu Sans Mono', style='oblique', variant='normal', weight=400, stretch='normal', size='scalable')) = 11.05
2025-02-24 19:58:02,371 - DEBUG - findfont: score(FontEntry(fname='C:\\Windows\\Fonts\\framd.ttf', name='Franklin Gothic Medium', style='normal', variant='normal', weight=400, stretch='normal', size='scalable')) = 10.05
2025-02-24 19:58:02,371 - DEBUG - findfont: score(FontEntry(fname='C:\\Windows\\Fonts\\segoeuil.ttf', name='Segoe UI', style='normal', variant='normal', weight=300, stretch='normal', size='scalable')) = 10.145
2025-02-24 19:58:02,371 - DEBUG - findfont: score(FontEntry(fname='C:\\Windows\\Fonts\\comicbd.ttf', name='Comic Sans MS', style='normal', variant='normal', weight=700, stretch='normal', size='scalable')) = 10.335
2025-02-24 19:58:02,371 - DEBUG - findfont: score(FontEntry(fname='C:\\Windows\\Fonts\\mmrtextb.ttf', name='Myanmar Text', style='normal', variant='normal', weight=700, stretch='normal', size='scalable')) = 10.335
2025-02-24 19:58:02,371 - DEBUG - findfont: score(FontEntry(fname='C:\\Windows\\Fonts\\DejaVuSansMono.ttf', name='DejaVu Sans Mono', style='normal', variant='normal', weight=400, stretch='normal', size='scalable')) = 10.05
2025-02-24 19:58:02,371 - DEBUG - findfont: score(FontEntry(fname='C:\\Windows\\Fonts\\corbelb.ttf', name='Corbel', style='normal', variant='normal', weight=700, stretch='normal', size='scalable')) = 10.335
2025-02-24 19:58:02,371 - DEBUG - findfont: score(FontEntry(fname='C:\\Windows\\Fonts\\LeelaUIb.ttf', name='Leelawadee UI', style='normal', variant='normal', weight=700, stretch='normal', size='scalable')) = 10.335
2025-02-24 19:58:02,371 - DEBUG - findfont: score(FontEntry(fname='C:\\Windows\\Fonts\\simsunb.ttf', name='SimSun-ExtB', style='normal', variant='normal', weight=400, stretch='normal', size='scalable')) = 10.05
2025-02-24 19:58:02,371 - DEBUG - findfont: score(FontEntry(fname='C:\\Windows\\Fonts\\mmrtext.ttf', name='Myanmar Text', style='normal', variant='normal', weight=400, stretch='normal', size='scalable')) = 10.05
2025-02-24 19:58:02,371 - DEBUG - findfont: score(FontEntry(fname='C:\\Windows\\Fonts\\DejaVuSerifCondensed-BoldItalic.ttf', name='DejaVu Serif', style='italic', variant='normal', weight=700, stretch='condensed', size='scalable')) = 11.535
2025-02-24 19:58:02,371 - DEBUG - findfont: score(FontEntry(fname='C:\\Windows\\Fonts\\Candarab.ttf', name='Candara', style='normal', variant='normal', weight=700, stretch='normal', size='scalable')) = 10.335
2025-02-24 19:58:02,371 - DEBUG - findfont: score(FontEntry(fname='C:\\Windows\\Fonts\\trebucbi.ttf', name='Trebuchet MS', style='italic', variant='normal', weight=700, stretch='normal', size='scalable')) = 11.335
2025-02-24 19:58:02,371 - DEBUG - findfont: score(FontEntry(fname='C:\\Windows\\Fonts\\impact.ttf', name='Impact', style='normal', variant='normal', weight=400, stretch='normal', size='scalable')) = 10.05
2025-02-24 19:58:02,371 - DEBUG - findfont: score(FontEntry(fname='C:\\Windows\\Fonts\\calibril.ttf', name='Calibri', style='normal', variant='normal', weight=300, stretch='normal', size='scalable')) = 10.145
2025-02-24 19:58:02,371 - DEBUG - findfont: score(FontEntry(fname='C:\\Windows\\Fonts\\corbel.ttf', name='Corbel', style='normal', variant='normal', weight=400, stretch='normal', size='scalable')) = 10.05
2025-02-24 19:58:02,371 - DEBUG - findfont: score(FontEntry(fname='C:\\Windows\\Fonts\\constani.ttf', name='Constantia', style='italic', variant='normal', weight=400, stretch='normal', size='scalable')) = 11.05
2025-02-24 19:58:02,371 - DEBUG - findfont: score(FontEntry(fname='C:\\Windows\\Fonts\\GenBasBI.ttf', name='Gentium Basic', style='italic', variant='normal', weight=700, stretch='normal', size='scalable')) = 11.335
2025-02-24 19:58:02,371 - DEBUG - findfont: score(FontEntry(fname='C:\\Windows\\Fonts\\GenBkBasI.ttf', name='Gentium Book Basic', style='italic', variant='normal', weight=400, stretch='normal', size='scalable')) = 11.05
2025-02-24 19:58:02,371 - DEBUG - findfont: score(FontEntry(fname='C:\\Windows\\Fonts\\trebuc.ttf', name='Trebuchet MS', style='normal', variant='normal', weight=400, stretch='normal', size='scalable')) = 10.05
2025-02-24 19:58:02,371 - DEBUG - findfont: score(FontEntry(fname='C:\\Windows\\Fonts\\YuGothL.ttc', name='Yu Gothic', style='normal', variant='normal', weight=300, stretch='normal', size='scalable')) = 10.145
2025-02-24 19:58:02,371 - DEBUG - findfont: score(FontEntry(fname='C:\\Windows\\Fonts\\YuGothM.ttc', name='Yu Gothic', style='normal', variant='normal', weight=500, stretch='normal', size='scalable')) = 10.145
2025-02-24 19:58:02,371 - DEBUG - findfont: score(FontEntry(fname='C:\\Windows\\Fonts\\calibrili.ttf', name='Calibri', style='italic', variant='normal', weight=300, stretch='normal', size='scalable')) = 11.145
2025-02-24 19:58:02,371 - DEBUG - findfont: score(FontEntry(fname='C:\\Windows\\Fonts\\msgothic.ttc', name='MS Gothic', style='normal', variant='normal', weight=400, stretch='normal', size='scalable')) = 10.05
2025-02-24 19:58:02,371 - DEBUG - findfont: score(FontEntry(fname='C:\\Windows\\Fonts\\Candara.ttf', name='Candara', style='normal', variant='normal', weight=400, stretch='normal', size='scalable')) = 10.05
2025-02-24 19:58:02,371 - DEBUG - findfont: score(FontEntry(fname='C:\\Windows\\Fonts\\palai.ttf', name='Palatino Linotype', style='italic', variant='normal', weight=400, stretch='normal', size='scalable')) = 11.05
2025-02-24 19:58:02,371 - DEBUG - findfont: score(FontEntry(fname='C:\\Windows\\Fonts\\Nirmala.ttf', name='Nirmala UI', style='normal', variant='normal', weight=400, stretch='normal', size='scalable')) = 10.05
2025-02-24 19:58:02,371 - DEBUG - findfont: score(FontEntry(fname='C:\\Windows\\Fonts\\trebucbd.ttf', name='Trebuchet MS', style='normal', variant='normal', weight=700, stretch='normal', size='scalable')) = 10.335
2025-02-24 19:58:02,371 - DEBUG - findfont: score(FontEntry(fname='C:\\Windows\\Fonts\\NirmalaS.ttf', name='Nirmala UI', style='normal', variant='normal', weight=350, stretch='normal', size='scalable')) = 10.0975
2025-02-24 19:58:02,371 - DEBUG - findfont: score(FontEntry(fname='C:\\Windows\\Fonts\\sylfaen.ttf', name='Sylfaen', style='normal', variant='normal', weight=400, stretch='normal', size='scalable')) = 10.05
2025-02-24 19:58:02,371 - DEBUG - findfont: score(FontEntry(fname='C:\\Windows\\Fonts\\calibrib.ttf', name='Calibri', style='normal', variant='normal', weight=700, stretch='normal', size='scalable')) = 10.335
2025-02-24 19:58:02,371 - DEBUG - findfont: score(FontEntry(fname='C:\\Windows\\Fonts\\monbaiti.ttf', name='Mongolian Baiti', style='normal', variant='normal', weight=400, stretch='normal', size='scalable')) = 10.05
2025-02-24 19:58:02,371 - DEBUG - findfont: score(FontEntry(fname='C:\\Windows\\Fonts\\taile.ttf', name='Microsoft Tai Le', style='normal', variant='normal', weight=400, stretch='normal', size='scalable')) = 10.05
2025-02-24 19:58:02,371 - DEBUG - findfont: score(FontEntry(fname='C:\\Windows\\Fonts\\arialbd.ttf', name='Arial', style='normal', variant='normal', weight=700, stretch='normal', size='scalable')) = 6.698636363636363
2025-02-24 19:58:02,371 - DEBUG - findfont: score(FontEntry(fname='C:\\Windows\\Fonts\\SitkaI.ttc', name='Sitka Small', style='italic', variant='normal', weight=400, stretch='normal', size='scalable')) = 11.05
2025-02-24 19:58:02,371 - DEBUG - findfont: score(FontEntry(fname='C:\\Windows\\Fonts\\cambria.ttc', name='Cambria', style='normal', variant='normal', weight=400, stretch='normal', size='scalable')) = 10.05
2025-02-24 19:58:02,371 - DEBUG - findfont: score(FontEntry(fname='C:\\Windows\\Fonts\\georgiaz.ttf', name='Georgia', style='italic', variant='normal', weight=700, stretch='normal', size='scalable')) = 11.335
2025-02-24 19:58:02,371 - DEBUG - findfont: score(FontEntry(fname='C:\\Windows\\Fonts\\phagspab.ttf', name='Microsoft PhagsPa', style='normal', variant='normal', weight=700, stretch='normal', size='scalable')) = 10.335
2025-02-24 19:58:02,371 - DEBUG - findfont: score(FontEntry(fname='C:\\Windows\\Fonts\\cambriab.ttf', name='Cambria', style='normal', variant='normal', weight=700, stretch='normal', size='scalable')) = 10.335
2025-02-24 19:58:02,371 - DEBUG - findfont: score(FontEntry(fname='C:\\Windows\\Fonts\\timesi.ttf', name='Times New Roman', style='italic', variant='normal', weight=400, stretch='normal', size='scalable')) = 11.05
2025-02-24 19:58:02,371 - DEBUG - findfont: score(FontEntry(fname='C:\\Windows\\Fonts\\corbelz.ttf', name='Corbel', style='italic', variant='normal', weight=700, stretch='normal', size='scalable')) = 11.335
2025-02-24 19:58:02,371 - DEBUG - findfont: score(FontEntry(fname='C:\\Windows\\Fonts\\GenBkBasR.ttf', name='Gentium Book Basic', style='normal', variant='normal', weight=400, stretch='normal', size='scalable')) = 10.05
2025-02-24 19:58:02,371 - DEBUG - findfont: score(FontEntry(fname='C:\\Windows\\Fonts\\DejaVuSansCondensed-BoldOblique.ttf', name='DejaVu Sans', style='oblique', variant='normal', weight=700, stretch='condensed', size='scalable')) = 1.535
2025-02-24 19:58:02,371 - DEBUG - findfont: score(FontEntry(fname='C:\\Windows\\Fonts\\GenBasB.ttf', name='Gentium Basic', style='normal', variant='normal', weight=700, stretch='normal', size='scalable')) = 10.335
2025-02-24 19:58:02,371 - DEBUG - findfont: score(FontEntry(fname='C:\\Windows\\Fonts\\consola.ttf', name='Consolas', style='normal', variant='normal', weight=400, stretch='normal', size='scalable')) = 10.05
2025-02-24 19:58:02,371 - DEBUG - findfont: score(FontEntry(fname='C:\\Windows\\Fonts\\micross.ttf', name='Microsoft Sans Serif', style='normal', variant='normal', weight=400, stretch='normal', size='scalable')) = 10.05
2025-02-24 19:58:02,371 - DEBUG - findfont: score(FontEntry(fname='C:\\Windows\\Fonts\\arial.ttf', name='Arial', style='normal', variant='normal', weight=400, stretch='normal', size='scalable')) = 6.413636363636363
2025-02-24 19:58:02,371 - DEBUG - findfont: score(FontEntry(fname='C:\\Windows\\Fonts\\verdana.ttf', name='Verdana', style='normal', variant='normal', weight=400, stretch='normal', size='scalable')) = 3.6863636363636365
2025-02-24 19:58:02,371 - DEBUG - findfont: score(FontEntry(fname='C:\\Windows\\Fonts\\verdanai.ttf', name='Verdana', style='italic', variant='normal', weight=400, stretch='normal', size='scalable')) = 4.6863636363636365
2025-02-24 19:58:02,371 - DEBUG - findfont: score(FontEntry(fname='C:\\Windows\\Fonts\\constan.ttf', name='Constantia', style='normal', variant='normal', weight=400, stretch='normal', size='scalable')) = 10.05
2025-02-24 19:58:02,371 - DEBUG - findfont: score(FontEntry(fname='C:\\Windows\\Fonts\\georgiai.ttf', name='Georgia', style='italic', variant='normal', weight=400, stretch='normal', size='scalable')) = 11.05
2025-02-24 19:58:02,371 - DEBUG - findfont: score(FontEntry(fname='C:\\Windows\\Fonts\\verdanaz.ttf', name='Verdana', style='italic', variant='normal', weight=700, stretch='normal', size='scalable')) = 4.971363636363637
2025-02-24 19:58:02,371 - DEBUG - findfont: score(FontEntry(fname='C:\\Windows\\Fonts\\Candaral.ttf', name='Candara', style='normal', variant='normal', weight=400, stretch='normal', size='scalable')) = 10.05
2025-02-24 19:58:02,371 - DEBUG - findfont: score(FontEntry(fname='C:\\Windows\\Fonts\\Caladea-BoldItalic.ttf', name='Caladea', style='italic', variant='normal', weight=700, stretch='normal', size='scalable')) = 11.335
2025-02-24 19:58:02,371 - DEBUG - findfont: score(FontEntry(fname='C:\\Windows\\Fonts\\Carlito-Italic.ttf', name='Carlito', style='italic', variant='normal', weight=400, stretch='normal', size='scalable')) = 11.05
2025-02-24 19:58:02,371 - DEBUG - findfont: score(FontEntry(fname='C:\\Windows\\Fonts\\segoeuisl.ttf', name='Segoe UI', style='normal', variant='normal', weight=350, stretch='normal', size='scalable')) = 10.0975
2025-02-24 19:58:02,371 - DEBUG - findfont: score(FontEntry(fname='C:\\Windows\\Fonts\\YuGothR.ttc', name='Yu Gothic', style='normal', variant='normal', weight=400, stretch='normal', size='scalable')) = 10.05
2025-02-24 19:58:02,371 - DEBUG - findfont: score(FontEntry(fname='C:\\Windows\\Fonts\\cour.ttf', name='Courier New', style='normal', variant='normal', weight=400, stretch='normal', size='scalable')) = 10.05
2025-02-24 19:58:02,371 - DEBUG - findfont: score(FontEntry(fname='C:\\Windows\\Fonts\\Candaraz.ttf', name='Candara', style='italic', variant='normal', weight=700, stretch='normal', size='scalable')) = 11.335
2025-02-24 19:58:02,371 - DEBUG - findfont: score(FontEntry(fname='C:\\Windows\\Fonts\\javatext.ttf', name='Javanese Text', style='normal', variant='normal', weight=400, stretch='normal', size='scalable')) = 10.05
2025-02-24 19:58:02,371 - DEBUG - findfont: score(FontEntry(fname='C:\\Windows\\Fonts\\consolai.ttf', name='Consolas', style='italic', variant='normal', weight=400, stretch='normal', size='scalable')) = 11.05
2025-02-24 19:58:02,371 - DEBUG - findfont: score(FontEntry(fname='C:\\Windows\\Fonts\\constanb.ttf', name='Constantia', style='normal', variant='normal', weight=700, stretch='normal', size='scalable')) = 10.335
2025-02-24 19:58:02,371 - DEBUG - findfont: score(FontEntry(fname='C:\\Users\\Home\\AppData\\Local\\Microsoft\\Windows\\Fonts\\DarlingtonDemo-z8xjG.ttf', name='Darlington Demo', style='normal', variant='normal', weight=400, stretch='normal', size='scalable')) = 10.05
2025-02-24 19:58:02,371 - DEBUG - findfont: score(FontEntry(fname='C:\\Windows\\Fonts\\DejaVuSans-BoldOblique.ttf', name='DejaVu Sans', style='oblique', variant='normal', weight=700, stretch='normal', size='scalable')) = 1.335
2025-02-24 19:58:02,371 - DEBUG - findfont: score(FontEntry(fname='C:\\Windows\\Fonts\\segoeui.ttf', name='Segoe UI', style='normal', variant='normal', weight=400, stretch='normal', size='scalable')) = 10.05
2025-02-24 19:58:02,371 - DEBUG - findfont: score(FontEntry(fname='C:\\Windows\\Fonts\\msjhbd.ttc', name='Microsoft JhengHei', style='normal', variant='normal', weight=700, stretch='normal', size='scalable')) = 10.335
2025-02-24 19:58:02,371 - DEBUG - findfont: score(FontEntry(fname='C:\\Windows\\Fonts\\DejaVuSerif-Bold.ttf', name='DejaVu Serif', style='normal', variant='normal', weight=700, stretch='normal', size='scalable')) = 10.335
2025-02-24 19:58:02,371 - DEBUG - findfont: score(FontEntry(fname='C:\\Windows\\Fonts\\Carlito-Bold.ttf', name='Carlito', style='normal', variant='normal', weight=700, stretch='normal', size='scalable')) = 10.335
2025-02-24 19:58:02,371 - DEBUG - findfont: score(FontEntry(fname='C:\\Windows\\Fonts\\palab.ttf', name='Palatino Linotype', style='normal', variant='normal', weight=700, stretch='normal', size='scalable')) = 10.335
2025-02-24 19:58:02,371 - DEBUG - findfont: score(FontEntry(fname='C:\\Windows\\Fonts\\msjh.ttc', name='Microsoft JhengHei', style='normal', variant='normal', weight=400, stretch='normal', size='scalable')) = 10.05
2025-02-24 19:58:02,371 - DEBUG - findfont: score(FontEntry(fname='C:\\Windows\\Fonts\\timesbd.ttf', name='Times New Roman', style='normal', variant='normal', weight=700, stretch='normal', size='scalable')) = 10.335
2025-02-24 19:58:02,371 - DEBUG - findfont: score(FontEntry(fname='C:\\Windows\\Fonts\\msyi.ttf', name='Microsoft Yi Baiti', style='normal', variant='normal', weight=400, stretch='normal', size='scalable')) = 10.05
2025-02-24 19:58:02,371 - DEBUG - findfont: score(FontEntry(fname='C:\\Windows\\Fonts\\webdings.ttf', name='Webdings', style='normal', variant='normal', weight=400, stretch='normal', size='scalable')) = 10.05
2025-02-24 19:58:02,371 - DEBUG - findfont: score(FontEntry(fname='C:\\Windows\\Fonts\\taileb.ttf', name='Microsoft Tai Le', style='normal', variant='normal', weight=700, stretch='normal', size='scalable')) = 10.335
2025-02-24 19:58:02,371 - DEBUG - findfont: score(FontEntry(fname='C:\\Users\\Home\\AppData\\Local\\Microsoft\\Windows\\Fonts\\Theprestigesignature-ywwaM.otf', name='ThePrestigeSignature', style='normal', variant='normal', weight=400, stretch='normal', size='scalable')) = 10.05
2025-02-24 19:58:02,371 - DEBUG - findfont: score(FontEntry(fname='C:\\Windows\\Fonts\\trebucit.ttf', name='Trebuchet MS', style='italic', variant='normal', weight=400, stretch='normal', size='scalable')) = 11.05
2025-02-24 19:58:02,371 - DEBUG - findfont: score(FontEntry(fname='C:\\Windows\\Fonts\\DejaVuSerifCondensed.ttf', name='DejaVu Serif', style='normal', variant='normal', weight=400, stretch='condensed', size='scalable')) = 10.25
2025-02-24 19:58:02,371 - DEBUG - findfont: score(FontEntry(fname='C:\\Windows\\Fonts\\lucon.ttf', name='Lucida Console', style='normal', variant='normal', weight=400, stretch='normal', size='scalable')) = 10.05
2025-02-24 19:58:02,371 - DEBUG - findfont: score(FontEntry(fname='C:\\Windows\\Fonts\\himalaya.ttf', name='Microsoft Himalaya', style='normal', variant='normal', weight=400, stretch='normal', size='scalable')) = 10.05
2025-02-24 19:58:02,371 - DEBUG - findfont: score(FontEntry(fname='C:\\Windows\\Fonts\\seguibl.ttf', name='Segoe UI', style='normal', variant='normal', weight=900, stretch='normal', size='scalable')) = 10.525
2025-02-24 19:58:02,371 - DEBUG - findfont: score(FontEntry(fname='C:\\Windows\\Fonts\\mvboli.ttf', name='MV Boli', style='normal', variant='normal', weight=400, stretch='normal', size='scalable')) = 10.05
2025-02-24 19:58:02,371 - DEBUG - findfont: score(FontEntry(fname='C:\\Windows\\Fonts\\comicz.ttf', name='Comic Sans MS', style='italic', variant='normal', weight=700, stretch='normal', size='scalable')) = 11.335
2025-02-24 19:58:02,371 - DEBUG - findfont: score(FontEntry(fname='C:\\Windows\\Fonts\\couri.ttf', name='Courier New', style='italic', variant='normal', weight=400, stretch='normal', size='scalable')) = 11.05
2025-02-24 19:58:02,371 - DEBUG - findfont: score(FontEntry(fname='C:\\Windows\\Fonts\\timesbi.ttf', name='Times New Roman', style='italic', variant='normal', weight=700, stretch='normal', size='scalable')) = 11.335
2025-02-24 19:58:02,371 - DEBUG - findfont: score(FontEntry(fname='C:\\Windows\\Fonts\\DejaVuSerif.ttf', name='DejaVu Serif', style='normal', variant='normal', weight=400, stretch='normal', size='scalable')) = 10.05
2025-02-24 19:58:02,371 - DEBUG - findfont: score(FontEntry(fname='C:\\Windows\\Fonts\\constanz.ttf', name='Constantia', style='italic', variant='normal', weight=700, stretch='normal', size='scalable')) = 11.335
2025-02-24 19:58:02,371 - DEBUG - findfont: score(FontEntry(fname='C:\\Windows\\Fonts\\phagspa.ttf', name='Microsoft PhagsPa', style='normal', variant='normal', weight=400, stretch='normal', size='scalable')) = 10.05
2025-02-24 19:58:02,371 - DEBUG - findfont: score(FontEntry(fname='C:\\Windows\\Fonts\\DejaVuSerifCondensed-Italic.ttf', name='DejaVu Serif', style='italic', variant='normal', weight=400, stretch='condensed', size='scalable')) = 11.25
2025-02-24 19:58:02,371 - DEBUG - findfont: score(FontEntry(fname='C:\\Windows\\Fonts\\GenBasI.ttf', name='Gentium Basic', style='italic', variant='normal', weight=400, stretch='normal', size='scalable')) = 11.05
2025-02-24 19:58:02,371 - DEBUG - findfont: score(FontEntry(fname='C:\\Windows\\Fonts\\segoeuii.ttf', name='Segoe UI', style='italic', variant='normal', weight=400, stretch='normal', size='scalable')) = 11.05
2025-02-24 19:58:02,371 - DEBUG - findfont: score(FontEntry(fname='C:\\Windows\\Fonts\\segoesc.ttf', name='Segoe Script', style='normal', variant='normal', weight=400, stretch='normal', size='scalable')) = 10.05
2025-02-24 19:58:02,371 - DEBUG - findfont: score(FontEntry(fname='C:\\Windows\\Fonts\\gadugi.ttf', name='Gadugi', style='normal', variant='normal', weight=400, stretch='normal', size='scalable')) = 10.05
2025-02-24 19:58:02,371 - DEBUG - findfont: Matching sans\-serif:style=normal:variant=normal:weight=normal:stretch=normal:size=10.0 to DejaVu Sans ('C:\\Users\\Home\\AppData\\Local\\Programs\\Python\\Python310\\lib\\site-packages\\matplotlib\\mpl-data\\fonts\\ttf\\DejaVuSans.ttf') with score of 0.050000.
2025-03-02 00:08:18,094 - ERROR - Error getting file info for C:\DumpStack.log.tmp: 'TempFileFinder' object has no attribute 'get_file_age'
2025-03-02 00:08:18,094 - ERROR - Error getting file info for C:\DumpStack.log: 'TempFileFinder' object has no attribute 'get_file_age'
2025-03-02 00:08:18,110 - ERROR - Error getting file info for C:\$Recycle.Bin\S-1-5-18\desktop.ini: 'TempFileFinder' object has no attribute 'get_file_age'
2025-03-02 00:08:18,110 - ERROR - Error getting file info for C:\$Recycle.Bin\S-1-5-21-831376813-2565841931-3025424405-1000\desktop.ini: 'TempFileFinder' object has no attribute 'get_file_age'
2025-03-02 00:08:18,125 - ERROR - Error getting file info for C:\$Recycle.Bin\S-1-5-21-831376813-2565841931-3025424405-1001\desktop.ini: 'TempFileFinder' object has no attribute 'get_file_age'
2025-03-02 00:08:18,846 - ERROR - Error getting file info for C:\$Recycle.Bin\S-1-5-21-831376813-2565841931-3025424405-1002\desktop.ini: 'TempFileFinder' object has no attribute 'get_file_age'
2025-03-02 00:08:18,862 - ERROR - Error getting file info for C:\$Recycle.Bin\S-1-5-21-831376813-2565841931-3025424405-1003\desktop.ini: 'TempFileFinder' object has no attribute 'get_file_age'
2025-03-02 00:08:18,862 - ERROR - Error getting file info for C:\$Recycle.Bin\S-1-5-21-831376813-2565841931-3025424405-1006\desktop.ini: 'TempFileFinder' object has no attribute 'get_file_age'
2025-03-02 00:08:18,862 - ERROR - Error getting file info for C:\$Recycle.Bin\S-1-5-21-831376813-2565841931-3025424405-1007\desktop.ini: 'TempFileFinder' object has no attribute 'get_file_age'
2025-03-02 00:08:18,909 - ERROR - Error getting file info for C:\$Recycle.Bin\S-1-5-21-831376813-2565841931-3025424405-1007\$RDNUEIB\debug\debug.log: 'TempFileFinder' object has no attribute 'get_file_age'
2025-03-02 00:08:18,909 - ERROR - Error getting file info for C:\$Recycle.Bin\S-1-5-21-831376813-2565841931-3025424405-1007\$RDNUEIB\errors\error.log: 'TempFileFinder' object has no attribute 'get_file_age'
2025-03-02 00:08:18,909 - ERROR - Error getting file info for C:\$Recycle.Bin\S-1-5-21-831376813-2565841931-3025424405-1007\$RDNUEIB\trades\trade.log: 'TempFileFinder' object has no attribute 'get_file_age'
2025-03-02 00:08:19,002 - ERROR - Error getting file info for C:\$SysReset\AppxLogs\RestoreDownlevelAllUserStore.log: 'TempFileFinder' object has no attribute 'get_file_age'
2025-03-02 00:08:19,002 - ERROR - Error getting file info for C:\$SysReset\Logs\setupact.log: 'TempFileFinder' object has no attribute 'get_file_age'
2025-03-02 00:08:19,002 - ERROR - Error getting file info for C:\$SysReset\Logs\setuperr.log: 'TempFileFinder' object has no attribute 'get_file_age'
2025-03-02 00:08:19,065 - ERROR - Error getting file info for C:\$WINDOWS.~BT\NewOS\Program Files\desktop.ini: 'TempFileFinder' object has no attribute 'get_file_age'
2025-03-02 00:08:21,982 - ERROR - Error getting file info for C:\$WINDOWS.~BT\NewOS\Program Files (x86)\desktop.ini: 'TempFileFinder' object has no attribute 'get_file_age'
2025-03-02 00:08:23,347 - ERROR - Error getting file info for C:\$WINDOWS.~BT\NewOS\ProgramData\Microsoft\Windows\Start Menu\desktop.ini: 'TempFileFinder' object has no attribute 'get_file_age'
2025-03-02 00:08:23,347 - ERROR - Error getting file info for C:\$WINDOWS.~BT\NewOS\ProgramData\Microsoft\Windows\Start Menu\Programs\desktop.ini: 'TempFileFinder' object has no attribute 'get_file_age'
2025-03-02 00:08:23,347 - ERROR - Error getting file info for C:\$WINDOWS.~BT\NewOS\ProgramData\Microsoft\Windows\Start Menu\Programs\Accessibility\desktop.ini: 'TempFileFinder' object has no attribute 'get_file_age'
2025-03-02 00:08:23,347 - ERROR - Error getting file info for C:\$WINDOWS.~BT\NewOS\ProgramData\Microsoft\Windows\Start Menu\Programs\Accessories\desktop.ini: 'TempFileFinder' object has no attribute 'get_file_age'
2025-03-02 00:08:23,363 - ERROR - Error getting file info for C:\$WINDOWS.~BT\NewOS\ProgramData\Microsoft\Windows\Start Menu\Programs\Accessories\System Tools\desktop.ini: 'TempFileFinder' object has no attribute 'get_file_age'
2025-03-02 00:08:23,363 - ERROR - Error getting file info for C:\$WINDOWS.~BT\NewOS\ProgramData\Microsoft\Windows\Start Menu\Programs\Administrative Tools\desktop.ini: 'TempFileFinder' object has no attribute 'get_file_age'
2025-03-02 00:08:23,379 - ERROR - Error getting file info for C:\$WINDOWS.~BT\NewOS\ProgramData\Microsoft\Windows\Start Menu\Programs\Maintenance\desktop.ini: 'TempFileFinder' object has no attribute 'get_file_age'
2025-03-02 00:08:23,410 - ERROR - Error getting file info for C:\$WINDOWS.~BT\NewOS\ProgramData\Microsoft\Windows\Start Menu\Programs\Startup\desktop.ini: 'TempFileFinder' object has no attribute 'get_file_age'
2025-03-02 00:08:23,410 - ERROR - Error getting file info for C:\$WINDOWS.~BT\NewOS\ProgramData\Microsoft\Windows\Start Menu\Programs\System Tools\desktop.ini: 'TempFileFinder' object has no attribute 'get_file_age'
2025-03-02 00:08:23,426 - ERROR - Error getting file info for C:\$WINDOWS.~BT\NewOS\ProgramData\Microsoft\Windows\Start Menu\Programs\Windows PowerShell\desktop.ini: 'TempFileFinder' object has no attribute 'get_file_age'
2025-03-02 00:08:23,597 - ERROR - Error getting file info for C:\$WINDOWS.~BT\NewOS\Users\desktop.ini: 'TempFileFinder' object has no attribute 'get_file_age'
2025-03-02 00:08:23,629 - ERROR - Error getting file info for C:\$WINDOWS.~BT\NewOS\Users\Default\AppData\Local\Microsoft\Windows\WinX\Group1\desktop.ini: 'TempFileFinder' object has no attribute 'get_file_age'
2025-03-02 00:08:23,644 - ERROR - Error getting file info for C:\$WINDOWS.~BT\NewOS\Users\Default\AppData\Local\Microsoft\Windows\WinX\Group2\desktop.ini: 'TempFileFinder' object has no attribute 'get_file_age'
2025-03-02 00:08:23,644 - ERROR - Error getting file info for C:\$WINDOWS.~BT\NewOS\Users\Default\AppData\Local\Microsoft\Windows\WinX\Group3\desktop.ini: 'TempFileFinder' object has no attribute 'get_file_age'
2025-03-02 00:08:23,660 - ERROR - Error getting file info for C:\$WINDOWS.~BT\NewOS\Users\Default\AppData\Roaming\Microsoft\Internet Explorer\Quick Launch\desktop.ini: 'TempFileFinder' object has no attribute 'get_file_age'
2025-03-02 00:08:23,691 - ERROR - Error getting file info for C:\$WINDOWS.~BT\NewOS\Users\Default\AppData\Roaming\Microsoft\Windows\SendTo\desktop.ini: 'TempFileFinder' object has no attribute 'get_file_age'
2025-03-02 00:08:23,691 - ERROR - Error getting file info for C:\$WINDOWS.~BT\NewOS\Users\Default\AppData\Roaming\Microsoft\Windows\Start Menu\Programs\desktop.ini: 'TempFileFinder' object has no attribute 'get_file_age'
2025-03-02 00:08:23,691 - ERROR - Error getting file info for C:\$WINDOWS.~BT\NewOS\Users\Default\AppData\Roaming\Microsoft\Windows\Start Menu\Programs\Accessibility\desktop.ini: 'TempFileFinder' object has no attribute 'get_file_age'
2025-03-02 00:08:23,691 - ERROR - Error getting file info for C:\$WINDOWS.~BT\NewOS\Users\Default\AppData\Roaming\Microsoft\Windows\Start Menu\Programs\Accessories\desktop.ini: 'TempFileFinder' object has no attribute 'get_file_age'
2025-03-02 00:08:23,707 - ERROR - Error getting file info for C:\$WINDOWS.~BT\NewOS\Users\Default\AppData\Roaming\Microsoft\Windows\Start Menu\Programs\Maintenance\desktop.ini: 'TempFileFinder' object has no attribute 'get_file_age'
2025-03-02 00:08:23,707 - ERROR - Error getting file info for C:\$WINDOWS.~BT\NewOS\Users\Default\AppData\Roaming\Microsoft\Windows\Start Menu\Programs\System Tools\desktop.ini: 'TempFileFinder' object has no attribute 'get_file_age'
2025-03-02 00:08:23,738 - ERROR - Error getting file info for C:\$WINDOWS.~BT\NewOS\Users\Public\desktop.ini: 'TempFileFinder' object has no attribute 'get_file_age'
2025-03-02 00:08:23,738 - ERROR - Error getting file info for C:\$WINDOWS.~BT\NewOS\Users\Public\Desktop\desktop.ini: 'TempFileFinder' object has no attribute 'get_file_age'
2025-03-02 00:08:23,738 - ERROR - Error getting file info for C:\$WINDOWS.~BT\NewOS\Users\Public\Documents\desktop.ini: 'TempFileFinder' object has no attribute 'get_file_age'
2025-03-02 00:08:23,754 - ERROR - Error getting file info for C:\$WINDOWS.~BT\NewOS\Users\Public\Downloads\desktop.ini: 'TempFileFinder' object has no attribute 'get_file_age'
2025-03-02 00:08:23,754 - ERROR - Error getting file info for C:\$WINDOWS.~BT\NewOS\Users\Public\Libraries\desktop.ini: 'TempFileFinder' object has no attribute 'get_file_age'
2025-03-02 00:08:23,754 - ERROR - Error getting file info for C:\$WINDOWS.~BT\NewOS\Users\Public\Music\desktop.ini: 'TempFileFinder' object has no attribute 'get_file_age'
2025-03-02 00:08:23,754 - ERROR - Error getting file info for C:\$WINDOWS.~BT\NewOS\Users\Public\Pictures\desktop.ini: 'TempFileFinder' object has no attribute 'get_file_age'
2025-03-02 00:08:23,754 - ERROR - Error getting file info for C:\$WINDOWS.~BT\NewOS\Users\Public\Videos\desktop.ini: 'TempFileFinder' object has no attribute 'get_file_age'
2025-03-02 00:08:25,868 - ERROR - Error getting file info for C:\$WINDOWS.~BT\NewOS\Users\Xses\AppData\Roaming\Microsoft\Internet Explorer\Quick Launch\desktop.ini: 'TempFileFinder' object has no attribute 'get_file_age'
2025-03-02 00:08:25,915 - ERROR - Error getting file info for C:\$WINDOWS.~BT\NewOS\Users\Xses\AppData\Roaming\Microsoft\Windows\SendTo\desktop.ini: 'TempFileFinder' object has no attribute 'get_file_age'
2025-03-02 00:08:25,930 - ERROR - Error getting file info for C:\$WINDOWS.~BT\NewOS\Users\Xses\AppData\Roaming\Microsoft\Windows\Start Menu\Programs\desktop.ini: 'TempFileFinder' object has no attribute 'get_file_age'
2025-03-02 00:08:25,930 - ERROR - Error getting file info for C:\$WINDOWS.~BT\NewOS\Users\Xses\AppData\Roaming\Microsoft\Windows\Start Menu\Programs\Accessibility\desktop.ini: 'TempFileFinder' object has no attribute 'get_file_age'
2025-03-02 00:08:25,930 - ERROR - Error getting file info for C:\$WINDOWS.~BT\NewOS\Users\Xses\AppData\Roaming\Microsoft\Windows\Start Menu\Programs\Accessories\desktop.ini: 'TempFileFinder' object has no attribute 'get_file_age'
2025-03-02 00:08:25,946 - ERROR - Error getting file info for C:\$WINDOWS.~BT\NewOS\Users\Xses\AppData\Roaming\Microsoft\Windows\Start Menu\Programs\Maintenance\desktop.ini: 'TempFileFinder' object has no attribute 'get_file_age'
2025-03-02 00:08:25,962 - ERROR - Error getting file info for C:\$WINDOWS.~BT\NewOS\Users\Xses\AppData\Roaming\Microsoft\Windows\Start Menu\Programs\System Tools\desktop.ini: 'TempFileFinder' object has no attribute 'get_file_age'
2025-03-02 00:08:25,993 - ERROR - Error getting file info for C:\$WINDOWS.~BT\NewOS\Windows\DtcInstall.log: 'TempFileFinder' object has no attribute 'get_file_age'
2025-03-02 00:08:25,993 - ERROR - Error getting file info for C:\$WINDOWS.~BT\NewOS\Windows\WindowsUpdate.log: 'TempFileFinder' object has no attribute 'get_file_age'
2025-03-02 00:08:27,674 - ERROR - Error getting file info for C:\$WINDOWS.~BT\NewOS\Windows\Downloaded Program Files\desktop.ini: 'TempFileFinder' object has no attribute 'get_file_age'
2025-03-02 00:08:27,705 - ERROR - Error getting file info for C:\$WINDOWS.~BT\NewOS\Windows\Fonts\desktop.ini: 'TempFileFinder' object has no attribute 'get_file_age'
2025-03-02 00:08:27,877 - ERROR - Error getting file info for C:\$WINDOWS.~BT\NewOS\Windows\INF\setupapi.offline.20220507_052432.log: 'TempFileFinder' object has no attribute 'get_file_age'
2025-03-02 00:08:27,877 - ERROR - Error getting file info for C:\$WINDOWS.~BT\NewOS\Windows\INF\setupapi.offline.20231204_125518.log: 'TempFileFinder' object has no attribute 'get_file_age'
2025-03-02 00:08:27,877 - ERROR - Error getting file info for C:\$WINDOWS.~BT\NewOS\Windows\INF\setupapi.offline.log: 'TempFileFinder' object has no attribute 'get_file_age'
2025-03-02 00:08:27,892 - ERROR - Error getting file info for C:\$WINDOWS.~BT\NewOS\Windows\INF\setupapi.upgrade.log: 'TempFileFinder' object has no attribute 'get_file_age'
2025-03-02 00:08:28,158 - ERROR - Error getting file info for C:\$WINDOWS.~BT\NewOS\Windows\Media\desktop.ini: 'TempFileFinder' object has no attribute 'get_file_age'
2025-03-02 00:08:30,691 - ERROR - Error getting file info for C:\$WINDOWS.~BT\NewOS\Windows\Microsoft.NET\Framework\v4.0.30319\ngen.log: 'TempFileFinder' object has no attribute 'get_file_age'
2025-03-02 00:08:30,831 - ERROR - Error getting file info for C:\$WINDOWS.~BT\NewOS\Windows\Microsoft.NET\Framework64\v4.0.30319\ngen.log: 'TempFileFinder' object has no attribute 'get_file_age'
2025-03-02 00:08:30,972 - ERROR - Error getting file info for C:\$WINDOWS.~BT\NewOS\Windows\Offline Web Pages\desktop.ini: 'TempFileFinder' object has no attribute 'get_file_age'
2025-03-02 00:08:42,343 - ERROR - Error getting file info for C:\$WINDOWS.~BT\NewOS\Windows\Web\Wallpaper\Extended\desktop.ini: 'TempFileFinder' object has no attribute 'get_file_age'
2025-03-02 00:08:42,358 - ERROR - Error getting file info for C:\$WINDOWS.~BT\NewOS\Windows\Web\Wallpaper\ThemeA\desktop.ini: 'TempFileFinder' object has no attribute 'get_file_age'
2025-03-02 00:08:42,358 - ERROR - Error getting file info for C:\$WINDOWS.~BT\NewOS\Windows\Web\Wallpaper\ThemeB\desktop.ini: 'TempFileFinder' object has no attribute 'get_file_age'
2025-03-02 00:08:42,358 - ERROR - Error getting file info for C:\$WINDOWS.~BT\NewOS\Windows\Web\Wallpaper\ThemeC\desktop.ini: 'TempFileFinder' object has no attribute 'get_file_age'
2025-03-02 00:08:42,358 - ERROR - Error getting file info for C:\$WINDOWS.~BT\NewOS\Windows\Web\Wallpaper\ThemeD\desktop.ini: 'TempFileFinder' object has no attribute 'get_file_age'
2025-03-02 00:09:04,944 - ERROR - Error getting file info for C:\$WINDOWS.~BT\NewOS\Windows\WinSxS\amd64_microsoft-windows-fontext_31bf3856ad364e35_10.0.22621.1_none_001b6436e75b7b5d\desktop.ini: 'TempFileFinder' object has no attribute 'get_file_age'
2025-03-02 00:09:04,944 - ERROR - Error getting file info for C:\$WINDOWS.~BT\NewOS\Windows\WinSxS\amd64_microsoft-windows-fontext_31bf3856ad364e35_10.0.22621.2506_none_7e5ffe1a6f3cd31f\desktop.ini: 'TempFileFinder' object has no attribute 'get_file_age'
2025-03-02 00:09:08,640 - ERROR - Error getting file info for C:\$WINDOWS.~BT\NewOS\Windows\WinSxS\amd64_microsoft-windows-ie-objectcontrolviewer_31bf3856ad364e35_11.0.22621.1_none_ccadaeb872bb23c7\desktop.ini: 'TempFileFinder' object has no attribute 'get_file_age'
2025-03-02 00:09:08,640 - ERROR - Error getting file info for C:\$WINDOWS.~BT\NewOS\Windows\WinSxS\amd64_microsoft-windows-ie-offlinefavorites_31bf3856ad364e35_11.0.22621.1_none_f6b32984b0519eab\desktop.ini: 'TempFileFinder' object has no attribute 'get_file_age'
2025-03-02 00:09:21,782 - ERROR - Error getting file info for C:\$WINDOWS.~BT\NewOS\Windows\WinSxS\amd64_microsoft-windows-s..-kf-commondocuments_31bf3856ad364e35_10.0.22621.1_none_b0671115bbefda1e\desktop.ini: 'TempFileFinder' object has no attribute 'get_file_age'
2025-03-02 00:09:21,782 - ERROR - Error getting file info for C:\$WINDOWS.~BT\NewOS\Windows\WinSxS\amd64_microsoft-windows-s..-kf-commondownloads_31bf3856ad364e35_10.0.22621.1_none_54b9a21445fd9765\desktop.ini: 'TempFileFinder' object has no attribute 'get_file_age'
2025-03-02 00:09:21,782 - ERROR - Error getting file info for C:\$WINDOWS.~BT\NewOS\Windows\WinSxS\amd64_microsoft-windows-s..-kf-commonstartmenu_31bf3856ad364e35_10.0.22621.1_none_a293a6a8f07d19a1\desktop.ini: 'TempFileFinder' object has no attribute 'get_file_age'
2025-03-02 00:09:21,797 - ERROR - Error getting file info for C:\$WINDOWS.~BT\NewOS\Windows\WinSxS\amd64_microsoft-windows-s..-kf-programfilesx86_31bf3856ad364e35_10.0.22621.1_none_e4159185a39a563c\desktop.ini: 'TempFileFinder' object has no attribute 'get_file_age'
2025-03-02 00:09:21,797 - ERROR - Error getting file info for C:\$WINDOWS.~BT\NewOS\Windows\WinSxS\amd64_microsoft-windows-s..-kf-publiclibraries_31bf3856ad364e35_10.0.22621.1_none_777e6b79db29cf99\desktop.ini: 'TempFileFinder' object has no attribute 'get_file_age'
2025-03-02 00:09:21,972 - ERROR - Error getting file info for C:\$WINDOWS.~BT\NewOS\Windows\WinSxS\amd64_microsoft-windows-s..2-kf-commonpictures_31bf3856ad364e35_10.0.22621.1_none_e1e829b270ff1bcd\desktop.ini: 'TempFileFinder' object has no attribute 'get_file_age'
2025-03-02 00:09:21,972 - ERROR - Error getting file info for C:\$WINDOWS.~BT\NewOS\Windows\WinSxS\amd64_microsoft-windows-s..2-kf-commonprograms_31bf3856ad364e35_10.0.22621.1_none_b02467ac1de7dadb\desktop.ini: 'TempFileFinder' object has no attribute 'get_file_age'
2025-03-02 00:09:21,988 - ERROR - Error getting file info for C:\$WINDOWS.~BT\NewOS\Windows\WinSxS\amd64_microsoft-windows-s..32-kf-commondesktop_31bf3856ad364e35_10.0.22621.1_none_53bef157a4125fe8\desktop.ini: 'TempFileFinder' object has no attribute 'get_file_age'
2025-03-02 00:09:21,988 - ERROR - Error getting file info for C:\$WINDOWS.~BT\NewOS\Windows\WinSxS\amd64_microsoft-windows-s..32-kf-commonstartup_31bf3856ad364e35_10.0.22621.1_none_5da609873ec6b88d\desktop.ini: 'TempFileFinder' object has no attribute 'get_file_age'
2025-03-02 00:09:22,941 - ERROR - Error getting file info for C:\$WINDOWS.~BT\NewOS\Windows\WinSxS\amd64_microsoft-windows-s..er-content-extended_31bf3856ad364e35_10.0.22621.1_none_4c2c74cf8fd78d3c\desktop.ini: 'TempFileFinder' object has no attribute 'get_file_age'
2025-03-02 00:09:23,301 - ERROR - Error getting file info for C:\$WINDOWS.~BT\NewOS\Windows\WinSxS\amd64_microsoft-windows-s..i-accessibilityuser_31bf3856ad364e35_10.0.22621.1_none_c4da45b5fc7b309a\desktop.ini: 'TempFileFinder' object has no attribute 'get_file_age'
2025-03-02 00:09:23,488 - ERROR - Error getting file info for C:\$WINDOWS.~BT\NewOS\Windows\WinSxS\amd64_microsoft-windows-s..ini-accessoriesuser_31bf3856ad364e35_10.0.22621.1_none_8599f96a07e3f108\desktop.ini: 'TempFileFinder' object has no attribute 'get_file_age'
2025-03-02 00:09:23,488 - ERROR - Error getting file info for C:\$WINDOWS.~BT\NewOS\Windows\WinSxS\amd64_microsoft-windows-s..ini-maintenanceuser_31bf3856ad364e35_10.0.22621.1_none_679d6bc0499d451f\desktop.ini: 'TempFileFinder' object has no attribute 'get_file_age'
2025-03-02 00:09:23,504 - ERROR - Error getting file info for C:\$WINDOWS.~BT\NewOS\Windows\WinSxS\amd64_microsoft-windows-s..ini-systemtoolsuser_31bf3856ad364e35_10.0.22621.1_none_82417972d745a7f0\desktop.ini: 'TempFileFinder' object has no attribute 'get_file_age'
2025-03-02 00:09:23,597 - ERROR - Error getting file info for C:\$WINDOWS.~BT\NewOS\Windows\WinSxS\amd64_microsoft-windows-s..kf-commonadmintools_31bf3856ad364e35_10.0.22621.1_none_b6adc9e6026286de\desktop.ini: 'TempFileFinder' object has no attribute 'get_file_age'
2025-03-02 00:09:23,597 - ERROR - Error getting file info for C:\$WINDOWS.~BT\NewOS\Windows\WinSxS\amd64_microsoft-windows-s..ktopini-accessories_31bf3856ad364e35_10.0.22621.1_none_4dace798ad280dd7\desktop.ini: 'TempFileFinder' object has no attribute 'get_file_age'
2025-03-02 00:09:23,613 - ERROR - Error getting file info for C:\$WINDOWS.~BT\NewOS\Windows\WinSxS\amd64_microsoft-windows-s..ktopini-maintenance_31bf3856ad364e35_10.0.22621.1_none_c02fffb090e54400\desktop.ini: 'TempFileFinder' object has no attribute 'get_file_age'
2025-03-02 00:09:23,613 - ERROR - Error getting file info for C:\$WINDOWS.~BT\NewOS\Windows\WinSxS\amd64_microsoft-windows-s..ktopini-systemtools_31bf3856ad364e35_10.0.22621.1_none_e0030c4d7b621cef\desktop.ini: 'TempFileFinder' object has no attribute 'get_file_age'
2025-03-02 00:09:23,660 - ERROR - Error getting file info for C:\$WINDOWS.~BT\NewOS\Windows\WinSxS\amd64_microsoft-windows-s..l32-kf-commonvideos_31bf3856ad364e35_10.0.22621.1_none_3ddbd50e0239e38c\desktop.ini: 'TempFileFinder' object has no attribute 'get_file_age'
2025-03-02 00:09:23,676 - ERROR - Error getting file info for C:\$WINDOWS.~BT\NewOS\Windows\WinSxS\amd64_microsoft-windows-s..l32-kf-programfiles_31bf3856ad364e35_10.0.22621.1_none_77314adb26035708\desktop.ini: 'TempFileFinder' object has no attribute 'get_file_age'
2025-03-02 00:09:23,676 - ERROR - Error getting file info for C:\$WINDOWS.~BT\NewOS\Windows\WinSxS\amd64_microsoft-windows-s..l32-kf-userprofiles_31bf3856ad364e35_10.0.22621.1_none_e57b8f371b57b5b0\desktop.ini: 'TempFileFinder' object has no attribute 'get_file_age'
2025-03-02 00:09:24,551 - ERROR - Error getting file info for C:\$WINDOWS.~BT\NewOS\Windows\WinSxS\amd64_microsoft-windows-s..opini-accessibility_31bf3856ad364e35_10.0.22621.1_none_3c0128b57106d315\desktop.ini: 'TempFileFinder' object has no attribute 'get_file_age'
2025-03-02 00:09:25,410 - ERROR - Error getting file info for C:\$WINDOWS.~BT\NewOS\Windows\WinSxS\amd64_microsoft-windows-s..sktopini-sendtouser_31bf3856ad364e35_10.0.22621.1_none_69da5d3587d6ef35\desktop.ini: 'TempFileFinder' object has no attribute 'get_file_age'
2025-03-02 00:09:28,238 - ERROR - Error getting file info for C:\$WINDOWS.~BT\NewOS\Windows\WinSxS\amd64_microsoft-windows-shell-sounds_31bf3856ad364e35_10.0.22621.1_none_78a847e6a947c766\desktop.ini: 'TempFileFinder' object has no attribute 'get_file_age'
2025-03-02 00:09:28,254 - ERROR - Error getting file info for C:\$WINDOWS.~BT\NewOS\Windows\WinSxS\amd64_microsoft-windows-shell-wallpaper-themea_31bf3856ad364e35_10.0.22621.1_none_386b894098b0f0c7\desktop.ini: 'TempFileFinder' object has no attribute 'get_file_age'
2025-03-02 00:09:28,254 - ERROR - Error getting file info for C:\$WINDOWS.~BT\NewOS\Windows\WinSxS\amd64_microsoft-windows-shell-wallpaper-themeb_31bf3856ad364e35_10.0.22621.1_none_386b727898b10a68\desktop.ini: 'TempFileFinder' object has no attribute 'get_file_age'
2025-03-02 00:09:28,254 - ERROR - Error getting file info for C:\$WINDOWS.~BT\NewOS\Windows\WinSxS\amd64_microsoft-windows-shell-wallpaper-themec_31bf3856ad364e35_10.0.22621.1_none_386b5bb098b12409\desktop.ini: 'TempFileFinder' object has no attribute 'get_file_age'
2025-03-02 00:09:28,269 - ERROR - Error getting file info for C:\$WINDOWS.~BT\NewOS\Windows\WinSxS\amd64_microsoft-windows-shell-wallpaper-themed_31bf3856ad364e35_10.0.22621.1_none_386b44e898b13daa\desktop.ini: 'TempFileFinder' object has no attribute 'get_file_age'
2025-03-02 00:09:28,269 - ERROR - Error getting file info for C:\$WINDOWS.~BT\NewOS\Windows\WinSxS\amd64_microsoft-windows-shell32-kf-commonmusic_31bf3856ad364e35_10.0.22621.1_none_daac62fb283f6cd9\desktop.ini: 'TempFileFinder' object has no attribute 'get_file_age'
2025-03-02 00:09:28,269 - ERROR - Error getting file info for C:\$WINDOWS.~BT\NewOS\Windows\WinSxS\amd64_microsoft-windows-shell32-kf-public_31bf3856ad364e35_10.0.22621.1_none_b896648ee6405c82\desktop.ini: 'TempFileFinder' object has no attribute 'get_file_age'
2025-03-02 00:10:22,696 - ERROR - Error getting file info for C:\$WINDOWS.~BT\Sources\Panther\_s_B03C.tmp: 'TempFileFinder' object has no attribute 'get_file_age'
2025-03-02 00:10:22,696 - ERROR - Error getting file info for C:\$WINDOWS.~BT\Sources\Panther\setupact.log: 'TempFileFinder' object has no attribute 'get_file_age'
2025-03-02 00:10:22,696 - ERROR - Error getting file info for C:\$WINDOWS.~BT\Sources\Panther\setuperr.log: 'TempFileFinder' object has no attribute 'get_file_age'
2025-03-02 00:10:22,696 - ERROR - Error getting file info for C:\$WINDOWS.~BT\Sources\Panther\WinSetupMon.log: 'TempFileFinder' object has no attribute 'get_file_age'
2025-03-02 00:10:22,743 - ERROR - Error getting file info for C:\$WINDOWS.~BT\Store\MachineIndependent\status.~lg: 'TempFileFinder' object has no attribute 'get_file_age'
2025-03-02 00:10:22,790 - ERROR - Error getting file info for C:\$WINDOWS.~BT\Store\MachineIndependent\File\srcworkingalias\agentmgr\CCSIAgent\005A4BDD\USER00000000\S-1-5-21-831376813-2565841931-3025424405-1001-ImeJpnMigraion.log: 'TempFileFinder' object has no attribute 'get_file_age'
2025-03-02 00:10:22,790 - ERROR - Error getting file info for C:\$WINDOWS.~BT\Store\MachineIndependent\File\srcworkingalias\agentmgr\CCSIAgent\005A4BDD\USER00000001\S-1-0-0-ImeJpnMigraion.log: 'TempFileFinder' object has no attribute 'get_file_age'
2025-03-02 00:10:22,835 - ERROR - Error getting file info for C:\$WINDOWS.~BT\Store\MachineIndependent\File\srcworkingalias\agentmgr\CCSIAgent\005ACB6B\CBB3EBE.tmp: 'TempFileFinder' object has no attribute 'get_file_age'
2025-03-02 00:10:22,836 - ERROR - Error getting file info for C:\$WINDOWS.~BT\Store\MachineIndependent\File\srcworkingalias\agentmgr\CCSIAgent\005ACB6B\comsetup.log: 'TempFileFinder' object has no attribute 'get_file_age'
2025-03-02 00:10:22,983 - ERROR - Error getting file info for C:\$Windows.~WS\Sources\Panther\setupact.log: 'TempFileFinder' object has no attribute 'get_file_age'
2025-03-02 00:10:22,984 - ERROR - Error getting file info for C:\$Windows.~WS\Sources\Panther\setuperr.log: 'TempFileFinder' object has no attribute 'get_file_age'
2025-03-02 00:10:23,355 - ERROR - Error getting file info for C:\Appz\Quantum\Bravo\virtu\lib\python3.10\site-packages\pip\_internal\cli\__pycache__\autocompletion.cpython-310.pyc: 'TempFileFinder' object has no attribute 'get_file_age'
2025-03-02 00:10:23,355 - ERROR - Error getting file info for C:\Appz\Quantum\Bravo\virtu\lib\python3.10\site-packages\pip\_internal\cli\__pycache__\base_command.cpython-310.pyc: 'TempFileFinder' object has no attribute 'get_file_age'
2025-03-02 00:10:23,355 - ERROR - Error getting file info for C:\Appz\Quantum\Bravo\virtu\lib\python3.10\site-packages\pip\_internal\cli\__pycache__\cmdoptions.cpython-310.pyc: 'TempFileFinder' object has no attribute 'get_file_age'
2025-03-02 00:10:23,355 - ERROR - Error getting file info for C:\Appz\Quantum\Bravo\virtu\lib\python3.10\site-packages\pip\_internal\cli\__pycache__\command_context.cpython-310.pyc: 'TempFileFinder' object has no attribute 'get_file_age'
2025-03-02 00:10:23,355 - ERROR - Error getting file info for C:\Appz\Quantum\Bravo\virtu\lib\python3.10\site-packages\pip\_internal\cli\__pycache__\main.cpython-310.pyc: 'TempFileFinder' object has no attribute 'get_file_age'
2025-03-02 00:10:23,355 - ERROR - Error getting file info for C:\Appz\Quantum\Bravo\virtu\lib\python3.10\site-packages\pip\_internal\cli\__pycache__\main_parser.cpython-310.pyc: 'TempFileFinder' object has no attribute 'get_file_age'
2025-03-02 00:10:23,355 - ERROR - Error getting file info for C:\Appz\Quantum\Bravo\virtu\lib\python3.10\site-packages\pip\_internal\cli\__pycache__\parser.cpython-310.pyc: 'TempFileFinder' object has no attribute 'get_file_age'
2025-03-02 00:10:23,355 - ERROR - Error getting file info for C:\Appz\Quantum\Bravo\virtu\lib\python3.10\site-packages\pip\_internal\cli\__pycache__\progress_bars.cpython-310.pyc: 'TempFileFinder' object has no attribute 'get_file_age'
2025-03-02 00:10:23,355 - ERROR - Error getting file info for C:\Appz\Quantum\Bravo\virtu\lib\python3.10\site-packages\pip\_internal\cli\__pycache__\req_command.cpython-310.pyc: 'TempFileFinder' object has no attribute 'get_file_age'
2025-03-02 00:10:23,355 - ERROR - Error getting file info for C:\Appz\Quantum\Bravo\virtu\lib\python3.10\site-packages\pip\_internal\cli\__pycache__\spinners.cpython-310.pyc: 'TempFileFinder' object has no attribute 'get_file_age'
2025-03-02 00:10:23,365 - ERROR - Error getting file info for C:\Appz\Quantum\Bravo\virtu\lib\python3.10\site-packages\pip\_internal\cli\__pycache__\status_codes.cpython-310.pyc: 'TempFileFinder' object has no attribute 'get_file_age'
2025-03-02 00:10:23,365 - ERROR - Error getting file info for C:\Appz\Quantum\Bravo\virtu\lib\python3.10\site-packages\pip\_internal\cli\__pycache__\__init__.cpython-310.pyc: 'TempFileFinder' object has no attribute 'get_file_age'
2025-03-02 00:10:23,375 - ERROR - Error getting file info for C:\Appz\Quantum\Bravo\virtu\lib\python3.10\site-packages\pip\_internal\commands\__pycache__\cache.cpython-310.pyc: 'TempFileFinder' object has no attribute 'get_file_age'
2025-03-02 00:10:23,375 - ERROR - Error getting file info for C:\Appz\Quantum\Bravo\virtu\lib\python3.10\site-packages\pip\_internal\commands\__pycache__\check.cpython-310.pyc: 'TempFileFinder' object has no attribute 'get_file_age'
2025-03-02 00:10:23,375 - ERROR - Error getting file info for C:\Appz\Quantum\Bravo\virtu\lib\python3.10\site-packages\pip\_internal\commands\__pycache__\completion.cpython-310.pyc: 'TempFileFinder' object has no attribute 'get_file_age'
2025-03-02 00:10:23,375 - ERROR - Error getting file info for C:\Appz\Quantum\Bravo\virtu\lib\python3.10\site-packages\pip\_internal\commands\__pycache__\configuration.cpython-310.pyc: 'TempFileFinder' object has no attribute 'get_file_age'
2025-03-02 00:10:23,376 - ERROR - Error getting file info for C:\Appz\Quantum\Bravo\virtu\lib\python3.10\site-packages\pip\_internal\commands\__pycache__\debug.cpython-310.pyc: 'TempFileFinder' object has no attribute 'get_file_age'
2025-03-02 00:10:23,376 - ERROR - Error getting file info for C:\Appz\Quantum\Bravo\virtu\lib\python3.10\site-packages\pip\_internal\commands\__pycache__\download.cpython-310.pyc: 'TempFileFinder' object has no attribute 'get_file_age'
2025-03-02 00:10:23,376 - ERROR - Error getting file info for C:\Appz\Quantum\Bravo\virtu\lib\python3.10\site-packages\pip\_internal\commands\__pycache__\freeze.cpython-310.pyc: 'TempFileFinder' object has no attribute 'get_file_age'
2025-03-02 00:10:23,376 - ERROR - Error getting file info for C:\Appz\Quantum\Bravo\virtu\lib\python3.10\site-packages\pip\_internal\commands\__pycache__\hash.cpython-310.pyc: 'TempFileFinder' object has no attribute 'get_file_age'
2025-03-02 00:10:23,377 - ERROR - Error getting file info for C:\Appz\Quantum\Bravo\virtu\lib\python3.10\site-packages\pip\_internal\commands\__pycache__\help.cpython-310.pyc: 'TempFileFinder' object has no attribute 'get_file_age'
2025-03-02 00:10:23,377 - ERROR - Error getting file info for C:\Appz\Quantum\Bravo\virtu\lib\python3.10\site-packages\pip\_internal\commands\__pycache__\index.cpython-310.pyc: 'TempFileFinder' object has no attribute 'get_file_age'
2025-03-02 00:10:23,377 - ERROR - Error getting file info for C:\Appz\Quantum\Bravo\virtu\lib\python3.10\site-packages\pip\_internal\commands\__pycache__\install.cpython-310.pyc: 'TempFileFinder' object has no attribute 'get_file_age'
2025-03-02 00:10:23,377 - ERROR - Error getting file info for C:\Appz\Quantum\Bravo\virtu\lib\python3.10\site-packages\pip\_internal\commands\__pycache__\list.cpython-310.pyc: 'TempFileFinder' object has no attribute 'get_file_age'
2025-03-02 00:10:23,378 - ERROR - Error getting file info for C:\Appz\Quantum\Bravo\virtu\lib\python3.10\site-packages\pip\_internal\commands\__pycache__\search.cpython-310.pyc: 'TempFileFinder' object has no attribute 'get_file_age'
2025-03-02 00:10:23,378 - ERROR - Error getting file info for C:\Appz\Quantum\Bravo\virtu\lib\python3.10\site-packages\pip\_internal\commands\__pycache__\show.cpython-310.pyc: 'TempFileFinder' object has no attribute 'get_file_age'
2025-03-02 00:10:23,378 - ERROR - Error getting file info for C:\Appz\Quantum\Bravo\virtu\lib\python3.10\site-packages\pip\_internal\commands\__pycache__\uninstall.cpython-310.pyc: 'TempFileFinder' object has no attribute 'get_file_age'
2025-03-02 00:10:23,378 - ERROR - Error getting file info for C:\Appz\Quantum\Bravo\virtu\lib\python3.10\site-packages\pip\_internal\commands\__pycache__\wheel.cpython-310.pyc: 'TempFileFinder' object has no attribute 'get_file_age'
2025-03-02 00:10:23,378 - ERROR - Error getting file info for C:\Appz\Quantum\Bravo\virtu\lib\python3.10\site-packages\pip\_internal\commands\__pycache__\__init__.cpython-310.pyc: 'TempFileFinder' object has no attribute 'get_file_age'
2025-03-02 00:10:23,387 - ERROR - Error getting file info for C:\Appz\Quantum\Bravo\virtu\lib\python3.10\site-packages\pip\_internal\distributions\__pycache__\base.cpython-310.pyc: 'TempFileFinder' object has no attribute 'get_file_age'
2025-03-02 00:10:23,387 - ERROR - Error getting file info for C:\Appz\Quantum\Bravo\virtu\lib\python3.10\site-packages\pip\_internal\distributions\__pycache__\installed.cpython-310.pyc: 'TempFileFinder' object has no attribute 'get_file_age'
2025-03-02 00:10:23,388 - ERROR - Error getting file info for C:\Appz\Quantum\Bravo\virtu\lib\python3.10\site-packages\pip\_internal\distributions\__pycache__\sdist.cpython-310.pyc: 'TempFileFinder' object has no attribute 'get_file_age'
2025-03-02 00:10:23,388 - ERROR - Error getting file info for C:\Appz\Quantum\Bravo\virtu\lib\python3.10\site-packages\pip\_internal\distributions\__pycache__\wheel.cpython-310.pyc: 'TempFileFinder' object has no attribute 'get_file_age'
2025-03-02 00:10:23,388 - ERROR - Error getting file info for C:\Appz\Quantum\Bravo\virtu\lib\python3.10\site-packages\pip\_internal\distributions\__pycache__\__init__.cpython-310.pyc: 'TempFileFinder' object has no attribute 'get_file_age'
2025-03-02 00:10:23,395 - ERROR - Error getting file info for C:\Appz\Quantum\Bravo\virtu\lib\python3.10\site-packages\pip\_internal\index\__pycache__\collector.cpython-310.pyc: 'TempFileFinder' object has no attribute 'get_file_age'
2025-03-02 00:10:23,396 - ERROR - Error getting file info for C:\Appz\Quantum\Bravo\virtu\lib\python3.10\site-packages\pip\_internal\index\__pycache__\package_finder.cpython-310.pyc: 'TempFileFinder' object has no attribute 'get_file_age'
2025-03-02 00:10:23,396 - ERROR - Error getting file info for C:\Appz\Quantum\Bravo\virtu\lib\python3.10\site-packages\pip\_internal\index\__pycache__\sources.cpython-310.pyc: 'TempFileFinder' object has no attribute 'get_file_age'
2025-03-02 00:10:23,396 - ERROR - Error getting file info for C:\Appz\Quantum\Bravo\virtu\lib\python3.10\site-packages\pip\_internal\index\__pycache__\__init__.cpython-310.pyc: 'TempFileFinder' object has no attribute 'get_file_age'
2025-03-02 00:10:23,404 - ERROR - Error getting file info for C:\Appz\Quantum\Bravo\virtu\lib\python3.10\site-packages\pip\_internal\locations\__pycache__\base.cpython-310.pyc: 'TempFileFinder' object has no attribute 'get_file_age'
2025-03-02 00:10:23,405 - ERROR - Error getting file info for C:\Appz\Quantum\Bravo\virtu\lib\python3.10\site-packages\pip\_internal\locations\__pycache__\_distutils.cpython-310.pyc: 'TempFileFinder' object has no attribute 'get_file_age'
2025-03-02 00:10:23,405 - ERROR - Error getting file info for C:\Appz\Quantum\Bravo\virtu\lib\python3.10\site-packages\pip\_internal\locations\__pycache__\_sysconfig.cpython-310.pyc: 'TempFileFinder' object has no attribute 'get_file_age'
2025-03-02 00:10:23,405 - ERROR - Error getting file info for C:\Appz\Quantum\Bravo\virtu\lib\python3.10\site-packages\pip\_internal\locations\__pycache__\__init__.cpython-310.pyc: 'TempFileFinder' object has no attribute 'get_file_age'
2025-03-02 00:10:23,413 - ERROR - Error getting file info for C:\Appz\Quantum\Bravo\virtu\lib\python3.10\site-packages\pip\_internal\metadata\__pycache__\base.cpython-310.pyc: 'TempFileFinder' object has no attribute 'get_file_age'
2025-03-02 00:10:23,413 - ERROR - Error getting file info for C:\Appz\Quantum\Bravo\virtu\lib\python3.10\site-packages\pip\_internal\metadata\__pycache__\pkg_resources.cpython-310.pyc: 'TempFileFinder' object has no attribute 'get_file_age'
2025-03-02 00:10:23,413 - ERROR - Error getting file info for C:\Appz\Quantum\Bravo\virtu\lib\python3.10\site-packages\pip\_internal\metadata\__pycache__\__init__.cpython-310.pyc: 'TempFileFinder' object has no attribute 'get_file_age'
2025-03-02 00:10:23,421 - ERROR - Error getting file info for C:\Appz\Quantum\Bravo\virtu\lib\python3.10\site-packages\pip\_internal\models\__pycache__\candidate.cpython-310.pyc: 'TempFileFinder' object has no attribute 'get_file_age'
2025-03-02 00:10:23,421 - ERROR - Error getting file info for C:\Appz\Quantum\Bravo\virtu\lib\python3.10\site-packages\pip\_internal\models\__pycache__\direct_url.cpython-310.pyc: 'TempFileFinder' object has no attribute 'get_file_age'
2025-03-02 00:10:23,421 - ERROR - Error getting file info for C:\Appz\Quantum\Bravo\virtu\lib\python3.10\site-packages\pip\_internal\models\__pycache__\format_control.cpython-310.pyc: 'TempFileFinder' object has no attribute 'get_file_age'
2025-03-02 00:10:23,421 - ERROR - Error getting file info for C:\Appz\Quantum\Bravo\virtu\lib\python3.10\site-packages\pip\_internal\models\__pycache__\index.cpython-310.pyc: 'TempFileFinder' object has no attribute 'get_file_age'
2025-03-02 00:10:23,421 - ERROR - Error getting file info for C:\Appz\Quantum\Bravo\virtu\lib\python3.10\site-packages\pip\_internal\models\__pycache__\link.cpython-310.pyc: 'TempFileFinder' object has no attribute 'get_file_age'
2025-03-02 00:10:23,422 - ERROR - Error getting file info for C:\Appz\Quantum\Bravo\virtu\lib\python3.10\site-packages\pip\_internal\models\__pycache__\scheme.cpython-310.pyc: 'TempFileFinder' object has no attribute 'get_file_age'
2025-03-02 00:10:23,422 - ERROR - Error getting file info for C:\Appz\Quantum\Bravo\virtu\lib\python3.10\site-packages\pip\_internal\models\__pycache__\search_scope.cpython-310.pyc: 'TempFileFinder' object has no attribute 'get_file_age'
2025-03-02 00:10:23,422 - ERROR - Error getting file info for C:\Appz\Quantum\Bravo\virtu\lib\python3.10\site-packages\pip\_internal\models\__pycache__\selection_prefs.cpython-310.pyc: 'TempFileFinder' object has no attribute 'get_file_age'
2025-03-02 00:10:23,422 - ERROR - Error getting file info for C:\Appz\Quantum\Bravo\virtu\lib\python3.10\site-packages\pip\_internal\models\__pycache__\target_python.cpython-310.pyc: 'TempFileFinder' object has no attribute 'get_file_age'
2025-03-02 00:10:23,422 - ERROR - Error getting file info for C:\Appz\Quantum\Bravo\virtu\lib\python3.10\site-packages\pip\_internal\models\__pycache__\wheel.cpython-310.pyc: 'TempFileFinder' object has no attribute 'get_file_age'
2025-03-02 00:10:23,422 - ERROR - Error getting file info for C:\Appz\Quantum\Bravo\virtu\lib\python3.10\site-packages\pip\_internal\models\__pycache__\__init__.cpython-310.pyc: 'TempFileFinder' object has no attribute 'get_file_age'
2025-03-02 00:10:23,436 - ERROR - Error getting file info for C:\Appz\Quantum\Bravo\virtu\lib\python3.10\site-packages\pip\_internal\network\__pycache__\auth.cpython-310.pyc: 'TempFileFinder' object has no attribute 'get_file_age'
2025-03-02 00:10:23,437 - ERROR - Error getting file info for C:\Appz\Quantum\Bravo\virtu\lib\python3.10\site-packages\pip\_internal\network\__pycache__\cache.cpython-310.pyc: 'TempFileFinder' object has no attribute 'get_file_age'
2025-03-02 00:10:23,438 - ERROR - Error getting file info for C:\Appz\Quantum\Bravo\virtu\lib\python3.10\site-packages\pip\_internal\network\__pycache__\download.cpython-310.pyc: 'TempFileFinder' object has no attribute 'get_file_age'
2025-03-02 00:10:23,438 - ERROR - Error getting file info for C:\Appz\Quantum\Bravo\virtu\lib\python3.10\site-packages\pip\_internal\network\__pycache__\lazy_wheel.cpython-310.pyc: 'TempFileFinder' object has no attribute 'get_file_age'
2025-03-02 00:10:23,438 - ERROR - Error getting file info for C:\Appz\Quantum\Bravo\virtu\lib\python3.10\site-packages\pip\_internal\network\__pycache__\session.cpython-310.pyc: 'TempFileFinder' object has no attribute 'get_file_age'
2025-03-02 00:10:23,439 - ERROR - Error getting file info for C:\Appz\Quantum\Bravo\virtu\lib\python3.10\site-packages\pip\_internal\network\__pycache__\utils.cpython-310.pyc: 'TempFileFinder' object has no attribute 'get_file_age'
2025-03-02 00:10:23,439 - ERROR - Error getting file info for C:\Appz\Quantum\Bravo\virtu\lib\python3.10\site-packages\pip\_internal\network\__pycache__\xmlrpc.cpython-310.pyc: 'TempFileFinder' object has no attribute 'get_file_age'
2025-03-02 00:10:23,439 - ERROR - Error getting file info for C:\Appz\Quantum\Bravo\virtu\lib\python3.10\site-packages\pip\_internal\network\__pycache__\__init__.cpython-310.pyc: 'TempFileFinder' object has no attribute 'get_file_age'
2025-03-02 00:10:23,445 - ERROR - Error getting file info for C:\Appz\Quantum\Bravo\virtu\lib\python3.10\site-packages\pip\_internal\operations\build\metadata.py: 'TempFileFinder' object has no attribute 'get_file_age'
2025-03-02 00:10:23,446 - ERROR - Error getting file info for C:\Appz\Quantum\Bravo\virtu\lib\python3.10\site-packages\pip\_internal\operations\build\metadata_editable.py: 'TempFileFinder' object has no attribute 'get_file_age'
2025-03-02 00:10:23,446 - ERROR - Error getting file info for C:\Appz\Quantum\Bravo\virtu\lib\python3.10\site-packages\pip\_internal\operations\build\metadata_legacy.py: 'TempFileFinder' object has no attribute 'get_file_age'
2025-03-02 00:10:23,446 - ERROR - Error getting file info for C:\Appz\Quantum\Bravo\virtu\lib\python3.10\site-packages\pip\_internal\operations\build\wheel.py: 'TempFileFinder' object has no attribute 'get_file_age'
2025-03-02 00:10:23,446 - ERROR - Error getting file info for C:\Appz\Quantum\Bravo\virtu\lib\python3.10\site-packages\pip\_internal\operations\build\wheel_editable.py: 'TempFileFinder' object has no attribute 'get_file_age'
2025-03-02 00:10:23,447 - ERROR - Error getting file info for C:\Appz\Quantum\Bravo\virtu\lib\python3.10\site-packages\pip\_internal\operations\build\wheel_legacy.py: 'TempFileFinder' object has no attribute 'get_file_age'
2025-03-02 00:10:23,447 - ERROR - Error getting file info for C:\Appz\Quantum\Bravo\virtu\lib\python3.10\site-packages\pip\_internal\operations\build\__init__.py: 'TempFileFinder' object has no attribute 'get_file_age'
2025-03-02 00:10:23,457 - ERROR - Error getting file info for C:\Appz\Quantum\Bravo\virtu\lib\python3.10\site-packages\pip\_internal\operations\build\__pycache__\metadata.cpython-310.pyc: 'TempFileFinder' object has no attribute 'get_file_age'
2025-03-02 00:10:23,458 - ERROR - Error getting file info for C:\Appz\Quantum\Bravo\virtu\lib\python3.10\site-packages\pip\_internal\operations\build\__pycache__\metadata_editable.cpython-310.pyc: 'TempFileFinder' object has no attribute 'get_file_age'
2025-03-02 00:10:23,458 - ERROR - Error getting file info for C:\Appz\Quantum\Bravo\virtu\lib\python3.10\site-packages\pip\_internal\operations\build\__pycache__\metadata_legacy.cpython-310.pyc: 'TempFileFinder' object has no attribute 'get_file_age'
2025-03-02 00:10:23,459 - ERROR - Error getting file info for C:\Appz\Quantum\Bravo\virtu\lib\python3.10\site-packages\pip\_internal\operations\build\__pycache__\wheel.cpython-310.pyc: 'TempFileFinder' object has no attribute 'get_file_age'
2025-03-02 00:10:23,459 - ERROR - Error getting file info for C:\Appz\Quantum\Bravo\virtu\lib\python3.10\site-packages\pip\_internal\operations\build\__pycache__\wheel_editable.cpython-310.pyc: 'TempFileFinder' object has no attribute 'get_file_age'
2025-03-02 00:10:23,459 - ERROR - Error getting file info for C:\Appz\Quantum\Bravo\virtu\lib\python3.10\site-packages\pip\_internal\operations\build\__pycache__\wheel_legacy.cpython-310.pyc: 'TempFileFinder' object has no attribute 'get_file_age'
2025-03-02 00:10:23,459 - ERROR - Error getting file info for C:\Appz\Quantum\Bravo\virtu\lib\python3.10\site-packages\pip\_internal\operations\build\__pycache__\__init__.cpython-310.pyc: 'TempFileFinder' object has no attribute 'get_file_age'
2025-03-02 00:10:23,470 - ERROR - Error getting file info for C:\Appz\Quantum\Bravo\virtu\lib\python3.10\site-packages\pip\_internal\operations\install\__pycache__\editable_legacy.cpython-310.pyc: 'TempFileFinder' object has no attribute 'get_file_age'
2025-03-02 00:10:23,470 - ERROR - Error getting file info for C:\Appz\Quantum\Bravo\virtu\lib\python3.10\site-packages\pip\_internal\operations\install\__pycache__\legacy.cpython-310.pyc: 'TempFileFinder' object has no attribute 'get_file_age'
2025-03-02 00:10:23,470 - ERROR - Error getting file info for C:\Appz\Quantum\Bravo\virtu\lib\python3.10\site-packages\pip\_internal\operations\install\__pycache__\wheel.cpython-310.pyc: 'TempFileFinder' object has no attribute 'get_file_age'
2025-03-02 00:10:23,471 - ERROR - Error getting file info for C:\Appz\Quantum\Bravo\virtu\lib\python3.10\site-packages\pip\_internal\operations\install\__pycache__\__init__.cpython-310.pyc: 'TempFileFinder' object has no attribute 'get_file_age'
2025-03-02 00:10:23,473 - ERROR - Error getting file info for C:\Appz\Quantum\Bravo\virtu\lib\python3.10\site-packages\pip\_internal\operations\__pycache__\check.cpython-310.pyc: 'TempFileFinder' object has no attribute 'get_file_age'
2025-03-02 00:10:23,475 - ERROR - Error getting file info for C:\Appz\Quantum\Bravo\virtu\lib\python3.10\site-packages\pip\_internal\operations\__pycache__\freeze.cpython-310.pyc: 'TempFileFinder' object has no attribute 'get_file_age'
2025-03-02 00:10:23,475 - ERROR - Error getting file info for C:\Appz\Quantum\Bravo\virtu\lib\python3.10\site-packages\pip\_internal\operations\__pycache__\prepare.cpython-310.pyc: 'TempFileFinder' object has no attribute 'get_file_age'
2025-03-02 00:10:23,475 - ERROR - Error getting file info for C:\Appz\Quantum\Bravo\virtu\lib\python3.10\site-packages\pip\_internal\operations\__pycache__\__init__.cpython-310.pyc: 'TempFileFinder' object has no attribute 'get_file_age'
2025-03-02 00:10:23,482 - ERROR - Error getting file info for C:\Appz\Quantum\Bravo\virtu\lib\python3.10\site-packages\pip\_internal\req\__pycache__\constructors.cpython-310.pyc: 'TempFileFinder' object has no attribute 'get_file_age'
2025-03-02 00:10:23,483 - ERROR - Error getting file info for C:\Appz\Quantum\Bravo\virtu\lib\python3.10\site-packages\pip\_internal\req\__pycache__\req_file.cpython-310.pyc: 'TempFileFinder' object has no attribute 'get_file_age'
2025-03-02 00:10:23,483 - ERROR - Error getting file info for C:\Appz\Quantum\Bravo\virtu\lib\python3.10\site-packages\pip\_internal\req\__pycache__\req_install.cpython-310.pyc: 'TempFileFinder' object has no attribute 'get_file_age'
2025-03-02 00:10:23,483 - ERROR - Error getting file info for C:\Appz\Quantum\Bravo\virtu\lib\python3.10\site-packages\pip\_internal\req\__pycache__\req_set.cpython-310.pyc: 'TempFileFinder' object has no attribute 'get_file_age'
2025-03-02 00:10:23,483 - ERROR - Error getting file info for C:\Appz\Quantum\Bravo\virtu\lib\python3.10\site-packages\pip\_internal\req\__pycache__\req_tracker.cpython-310.pyc: 'TempFileFinder' object has no attribute 'get_file_age'
2025-03-02 00:10:23,483 - ERROR - Error getting file info for C:\Appz\Quantum\Bravo\virtu\lib\python3.10\site-packages\pip\_internal\req\__pycache__\req_uninstall.cpython-310.pyc: 'TempFileFinder' object has no attribute 'get_file_age'
2025-03-02 00:10:23,484 - ERROR - Error getting file info for C:\Appz\Quantum\Bravo\virtu\lib\python3.10\site-packages\pip\_internal\req\__pycache__\__init__.cpython-310.pyc: 'TempFileFinder' object has no attribute 'get_file_age'
2025-03-02 00:10:23,495 - ERROR - Error getting file info for C:\Appz\Quantum\Bravo\virtu\lib\python3.10\site-packages\pip\_internal\resolution\legacy\__pycache__\resolver.cpython-310.pyc: 'TempFileFinder' object has no attribute 'get_file_age'
2025-03-02 00:10:23,496 - ERROR - Error getting file info for C:\Appz\Quantum\Bravo\virtu\lib\python3.10\site-packages\pip\_internal\resolution\legacy\__pycache__\__init__.cpython-310.pyc: 'TempFileFinder' object has no attribute 'get_file_age'
2025-03-02 00:10:23,508 - ERROR - Error getting file info for C:\Appz\Quantum\Bravo\virtu\lib\python3.10\site-packages\pip\_internal\resolution\resolvelib\__pycache__\base.cpython-310.pyc: 'TempFileFinder' object has no attribute 'get_file_age'
2025-03-02 00:10:23,508 - ERROR - Error getting file info for C:\Appz\Quantum\Bravo\virtu\lib\python3.10\site-packages\pip\_internal\resolution\resolvelib\__pycache__\candidates.cpython-310.pyc: 'TempFileFinder' object has no attribute 'get_file_age'
2025-03-02 00:10:23,508 - ERROR - Error getting file info for C:\Appz\Quantum\Bravo\virtu\lib\python3.10\site-packages\pip\_internal\resolution\resolvelib\__pycache__\factory.cpython-310.pyc: 'TempFileFinder' object has no attribute 'get_file_age'
2025-03-02 00:10:23,509 - ERROR - Error getting file info for C:\Appz\Quantum\Bravo\virtu\lib\python3.10\site-packages\pip\_internal\resolution\resolvelib\__pycache__\found_candidates.cpython-310.pyc: 'TempFileFinder' object has no attribute 'get_file_age'
2025-03-02 00:10:23,509 - ERROR - Error getting file info for C:\Appz\Quantum\Bravo\virtu\lib\python3.10\site-packages\pip\_internal\resolution\resolvelib\__pycache__\provider.cpython-310.pyc: 'TempFileFinder' object has no attribute 'get_file_age'
2025-03-02 00:10:23,509 - ERROR - Error getting file info for C:\Appz\Quantum\Bravo\virtu\lib\python3.10\site-packages\pip\_internal\resolution\resolvelib\__pycache__\reporter.cpython-310.pyc: 'TempFileFinder' object has no attribute 'get_file_age'
2025-03-02 00:10:23,509 - ERROR - Error getting file info for C:\Appz\Quantum\Bravo\virtu\lib\python3.10\site-packages\pip\_internal\resolution\resolvelib\__pycache__\requirements.cpython-310.pyc: 'TempFileFinder' object has no attribute 'get_file_age'
2025-03-02 00:10:23,509 - ERROR - Error getting file info for C:\Appz\Quantum\Bravo\virtu\lib\python3.10\site-packages\pip\_internal\resolution\resolvelib\__pycache__\resolver.cpython-310.pyc: 'TempFileFinder' object has no attribute 'get_file_age'
2025-03-02 00:10:23,510 - ERROR - Error getting file info for C:\Appz\Quantum\Bravo\virtu\lib\python3.10\site-packages\pip\_internal\resolution\resolvelib\__pycache__\__init__.cpython-310.pyc: 'TempFileFinder' object has no attribute 'get_file_age'
2025-03-02 00:10:23,514 - ERROR - Error getting file info for C:\Appz\Quantum\Bravo\virtu\lib\python3.10\site-packages\pip\_internal\resolution\__pycache__\base.cpython-310.pyc: 'TempFileFinder' object has no attribute 'get_file_age'
2025-03-02 00:10:23,514 - ERROR - Error getting file info for C:\Appz\Quantum\Bravo\virtu\lib\python3.10\site-packages\pip\_internal\resolution\__pycache__\__init__.cpython-310.pyc: 'TempFileFinder' object has no attribute 'get_file_age'
2025-03-02 00:10:23,530 - ERROR - Error getting file info for C:\Appz\Quantum\Bravo\virtu\lib\python3.10\site-packages\pip\_internal\utils\__pycache__\appdirs.cpython-310.pyc: 'TempFileFinder' object has no attribute 'get_file_age'
2025-03-02 00:10:23,530 - ERROR - Error getting file info for C:\Appz\Quantum\Bravo\virtu\lib\python3.10\site-packages\pip\_internal\utils\__pycache__\compat.cpython-310.pyc: 'TempFileFinder' object has no attribute 'get_file_age'
2025-03-02 00:10:23,531 - ERROR - Error getting file info for C:\Appz\Quantum\Bravo\virtu\lib\python3.10\site-packages\pip\_internal\utils\__pycache__\compatibility_tags.cpython-310.pyc: 'TempFileFinder' object has no attribute 'get_file_age'
2025-03-02 00:10:23,532 - ERROR - Error getting file info for C:\Appz\Quantum\Bravo\virtu\lib\python3.10\site-packages\pip\_internal\utils\__pycache__\datetime.cpython-310.pyc: 'TempFileFinder' object has no attribute 'get_file_age'
2025-03-02 00:10:23,532 - ERROR - Error getting file info for C:\Appz\Quantum\Bravo\virtu\lib\python3.10\site-packages\pip\_internal\utils\__pycache__\deprecation.cpython-310.pyc: 'TempFileFinder' object has no attribute 'get_file_age'
2025-03-02 00:10:23,532 - ERROR - Error getting file info for C:\Appz\Quantum\Bravo\virtu\lib\python3.10\site-packages\pip\_internal\utils\__pycache__\direct_url_helpers.cpython-310.pyc: 'TempFileFinder' object has no attribute 'get_file_age'
2025-03-02 00:10:23,533 - ERROR - Error getting file info for C:\Appz\Quantum\Bravo\virtu\lib\python3.10\site-packages\pip\_internal\utils\__pycache__\distutils_args.cpython-310.pyc: 'TempFileFinder' object has no attribute 'get_file_age'
2025-03-02 00:10:23,533 - ERROR - Error getting file info for C:\Appz\Quantum\Bravo\virtu\lib\python3.10\site-packages\pip\_internal\utils\__pycache__\egg_link.cpython-310.pyc: 'TempFileFinder' object has no attribute 'get_file_age'
2025-03-02 00:10:23,533 - ERROR - Error getting file info for C:\Appz\Quantum\Bravo\virtu\lib\python3.10\site-packages\pip\_internal\utils\__pycache__\encoding.cpython-310.pyc: 'TempFileFinder' object has no attribute 'get_file_age'
2025-03-02 00:10:23,534 - ERROR - Error getting file info for C:\Appz\Quantum\Bravo\virtu\lib\python3.10\site-packages\pip\_internal\utils\__pycache__\entrypoints.cpython-310.pyc: 'TempFileFinder' object has no attribute 'get_file_age'
2025-03-02 00:10:23,534 - ERROR - Error getting file info for C:\Appz\Quantum\Bravo\virtu\lib\python3.10\site-packages\pip\_internal\utils\__pycache__\filesystem.cpython-310.pyc: 'TempFileFinder' object has no attribute 'get_file_age'
2025-03-02 00:10:23,534 - ERROR - Error getting file info for C:\Appz\Quantum\Bravo\virtu\lib\python3.10\site-packages\pip\_internal\utils\__pycache__\filetypes.cpython-310.pyc: 'TempFileFinder' object has no attribute 'get_file_age'
2025-03-02 00:10:23,534 - ERROR - Error getting file info for C:\Appz\Quantum\Bravo\virtu\lib\python3.10\site-packages\pip\_internal\utils\__pycache__\glibc.cpython-310.pyc: 'TempFileFinder' object has no attribute 'get_file_age'
2025-03-02 00:10:23,535 - ERROR - Error getting file info for C:\Appz\Quantum\Bravo\virtu\lib\python3.10\site-packages\pip\_internal\utils\__pycache__\hashes.cpython-310.pyc: 'TempFileFinder' object has no attribute 'get_file_age'
2025-03-02 00:10:23,535 - ERROR - Error getting file info for C:\Appz\Quantum\Bravo\virtu\lib\python3.10\site-packages\pip\_internal\utils\__pycache__\inject_securetransport.cpython-310.pyc: 'TempFileFinder' object has no attribute 'get_file_age'
2025-03-02 00:10:23,535 - ERROR - Error getting file info for C:\Appz\Quantum\Bravo\virtu\lib\python3.10\site-packages\pip\_internal\utils\__pycache__\logging.cpython-310.pyc: 'TempFileFinder' object has no attribute 'get_file_age'
2025-03-02 00:10:23,535 - ERROR - Error getting file info for C:\Appz\Quantum\Bravo\virtu\lib\python3.10\site-packages\pip\_internal\utils\__pycache__\misc.cpython-310.pyc: 'TempFileFinder' object has no attribute 'get_file_age'
2025-03-02 00:10:23,536 - ERROR - Error getting file info for C:\Appz\Quantum\Bravo\virtu\lib\python3.10\site-packages\pip\_internal\utils\__pycache__\models.cpython-310.pyc: 'TempFileFinder' object has no attribute 'get_file_age'
2025-03-02 00:10:23,536 - ERROR - Error getting file info for C:\Appz\Quantum\Bravo\virtu\lib\python3.10\site-packages\pip\_internal\utils\__pycache__\packaging.cpython-310.pyc: 'TempFileFinder' object has no attribute 'get_file_age'
2025-03-02 00:10:23,536 - ERROR - Error getting file info for C:\Appz\Quantum\Bravo\virtu\lib\python3.10\site-packages\pip\_internal\utils\__pycache__\setuptools_build.cpython-310.pyc: 'TempFileFinder' object has no attribute 'get_file_age'
2025-03-02 00:10:23,536 - ERROR - Error getting file info for C:\Appz\Quantum\Bravo\virtu\lib\python3.10\site-packages\pip\_internal\utils\__pycache__\subprocess.cpython-310.pyc: 'TempFileFinder' object has no attribute 'get_file_age'
2025-03-02 00:10:23,537 - ERROR - Error getting file info for C:\Appz\Quantum\Bravo\virtu\lib\python3.10\site-packages\pip\_internal\utils\__pycache__\temp_dir.cpython-310.pyc: 'TempFileFinder' object has no attribute 'get_file_age'
2025-03-02 00:10:23,537 - ERROR - Error getting file info for C:\Appz\Quantum\Bravo\virtu\lib\python3.10\site-packages\pip\_internal\utils\__pycache__\unpacking.cpython-310.pyc: 'TempFileFinder' object has no attribute 'get_file_age'
2025-03-02 00:10:23,537 - ERROR - Error getting file info for C:\Appz\Quantum\Bravo\virtu\lib\python3.10\site-packages\pip\_internal\utils\__pycache__\urls.cpython-310.pyc: 'TempFileFinder' object has no attribute 'get_file_age'
2025-03-02 00:10:23,538 - ERROR - Error getting file info for C:\Appz\Quantum\Bravo\virtu\lib\python3.10\site-packages\pip\_internal\utils\__pycache__\virtualenv.cpython-310.pyc: 'TempFileFinder' object has no attribute 'get_file_age'
2025-03-02 00:10:23,538 - ERROR - Error getting file info for C:\Appz\Quantum\Bravo\virtu\lib\python3.10\site-packages\pip\_internal\utils\__pycache__\wheel.cpython-310.pyc: 'TempFileFinder' object has no attribute 'get_file_age'
2025-03-02 00:10:23,538 - ERROR - Error getting file info for C:\Appz\Quantum\Bravo\virtu\lib\python3.10\site-packages\pip\_internal\utils\__pycache__\_log.cpython-310.pyc: 'TempFileFinder' object has no attribute 'get_file_age'
2025-03-02 00:10:23,538 - ERROR - Error getting file info for C:\Appz\Quantum\Bravo\virtu\lib\python3.10\site-packages\pip\_internal\utils\__pycache__\__init__.cpython-310.pyc: 'TempFileFinder' object has no attribute 'get_file_age'
2025-03-02 00:10:23,547 - ERROR - Error getting file info for C:\Appz\Quantum\Bravo\virtu\lib\python3.10\site-packages\pip\_internal\vcs\__pycache__\bazaar.cpython-310.pyc: 'TempFileFinder' object has no attribute 'get_file_age'
2025-03-02 00:10:23,548 - ERROR - Error getting file info for C:\Appz\Quantum\Bravo\virtu\lib\python3.10\site-packages\pip\_internal\vcs\__pycache__\git.cpython-310.pyc: 'TempFileFinder' object has no attribute 'get_file_age'
2025-03-02 00:10:23,549 - ERROR - Error getting file info for C:\Appz\Quantum\Bravo\virtu\lib\python3.10\site-packages\pip\_internal\vcs\__pycache__\mercurial.cpython-310.pyc: 'TempFileFinder' object has no attribute 'get_file_age'
2025-03-02 00:10:23,549 - ERROR - Error getting file info for C:\Appz\Quantum\Bravo\virtu\lib\python3.10\site-packages\pip\_internal\vcs\__pycache__\subversion.cpython-310.pyc: 'TempFileFinder' object has no attribute 'get_file_age'
2025-03-02 00:10:23,549 - ERROR - Error getting file info for C:\Appz\Quantum\Bravo\virtu\lib\python3.10\site-packages\pip\_internal\vcs\__pycache__\versioncontrol.cpython-310.pyc: 'TempFileFinder' object has no attribute 'get_file_age'
2025-03-02 00:10:23,549 - ERROR - Error getting file info for C:\Appz\Quantum\Bravo\virtu\lib\python3.10\site-packages\pip\_internal\vcs\__pycache__\__init__.cpython-310.pyc: 'TempFileFinder' object has no attribute 'get_file_age'
2025-03-02 00:10:23,557 - ERROR - Error getting file info for C:\Appz\Quantum\Bravo\virtu\lib\python3.10\site-packages\pip\_internal\__pycache__\build_env.cpython-310.pyc: 'TempFileFinder' object has no attribute 'get_file_age'
2025-03-02 00:10:23,557 - ERROR - Error getting file info for C:\Appz\Quantum\Bravo\virtu\lib\python3.10\site-packages\pip\_internal\__pycache__\cache.cpython-310.pyc: 'TempFileFinder' object has no attribute 'get_file_age'
2025-03-02 00:10:23,557 - ERROR - Error getting file info for C:\Appz\Quantum\Bravo\virtu\lib\python3.10\site-packages\pip\_internal\__pycache__\configuration.cpython-310.pyc: 'TempFileFinder' object has no attribute 'get_file_age'
2025-03-02 00:10:23,558 - ERROR - Error getting file info for C:\Appz\Quantum\Bravo\virtu\lib\python3.10\site-packages\pip\_internal\__pycache__\exceptions.cpython-310.pyc: 'TempFileFinder' object has no attribute 'get_file_age'
2025-03-02 00:10:23,558 - ERROR - Error getting file info for C:\Appz\Quantum\Bravo\virtu\lib\python3.10\site-packages\pip\_internal\__pycache__\main.cpython-310.pyc: 'TempFileFinder' object has no attribute 'get_file_age'
2025-03-02 00:10:23,558 - ERROR - Error getting file info for C:\Appz\Quantum\Bravo\virtu\lib\python3.10\site-packages\pip\_internal\__pycache__\pyproject.cpython-310.pyc: 'TempFileFinder' object has no attribute 'get_file_age'
2025-03-02 00:10:23,558 - ERROR - Error getting file info for C:\Appz\Quantum\Bravo\virtu\lib\python3.10\site-packages\pip\_internal\__pycache__\self_outdated_check.cpython-310.pyc: 'TempFileFinder' object has no attribute 'get_file_age'
2025-03-02 00:10:23,559 - ERROR - Error getting file info for C:\Appz\Quantum\Bravo\virtu\lib\python3.10\site-packages\pip\_internal\__pycache__\wheel_builder.cpython-310.pyc: 'TempFileFinder' object has no attribute 'get_file_age'
2025-03-02 00:10:23,559 - ERROR - Error getting file info for C:\Appz\Quantum\Bravo\virtu\lib\python3.10\site-packages\pip\_internal\__pycache__\__init__.cpython-310.pyc: 'TempFileFinder' object has no attribute 'get_file_age'
2025-03-02 00:10:23,580 - ERROR - Error getting file info for C:\Appz\Quantum\Bravo\virtu\lib\python3.10\site-packages\pip\_vendor\cachecontrol\caches\__pycache__\file_cache.cpython-310.pyc: 'TempFileFinder' object has no attribute 'get_file_age'
2025-03-02 00:10:23,580 - ERROR - Error getting file info for C:\Appz\Quantum\Bravo\virtu\lib\python3.10\site-packages\pip\_vendor\cachecontrol\caches\__pycache__\redis_cache.cpython-310.pyc: 'TempFileFinder' object has no attribute 'get_file_age'
2025-03-02 00:10:23,580 - ERROR - Error getting file info for C:\Appz\Quantum\Bravo\virtu\lib\python3.10\site-packages\pip\_vendor\cachecontrol\caches\__pycache__\__init__.cpython-310.pyc: 'TempFileFinder' object has no attribute 'get_file_age'
2025-03-02 00:10:23,585 - ERROR - Error getting file info for C:\Appz\Quantum\Bravo\virtu\lib\python3.10\site-packages\pip\_vendor\cachecontrol\__pycache__\adapter.cpython-310.pyc: 'TempFileFinder' object has no attribute 'get_file_age'
2025-03-02 00:10:23,585 - ERROR - Error getting file info for C:\Appz\Quantum\Bravo\virtu\lib\python3.10\site-packages\pip\_vendor\cachecontrol\__pycache__\cache.cpython-310.pyc: 'TempFileFinder' object has no attribute 'get_file_age'
2025-03-02 00:10:23,586 - ERROR - Error getting file info for C:\Appz\Quantum\Bravo\virtu\lib\python3.10\site-packages\pip\_vendor\cachecontrol\__pycache__\compat.cpython-310.pyc: 'TempFileFinder' object has no attribute 'get_file_age'
2025-03-02 00:10:23,586 - ERROR - Error getting file info for C:\Appz\Quantum\Bravo\virtu\lib\python3.10\site-packages\pip\_vendor\cachecontrol\__pycache__\controller.cpython-310.pyc: 'TempFileFinder' object has no attribute 'get_file_age'
2025-03-02 00:10:23,586 - ERROR - Error getting file info for C:\Appz\Quantum\Bravo\virtu\lib\python3.10\site-packages\pip\_vendor\cachecontrol\__pycache__\filewrapper.cpython-310.pyc: 'TempFileFinder' object has no attribute 'get_file_age'
2025-03-02 00:10:23,586 - ERROR - Error getting file info for C:\Appz\Quantum\Bravo\virtu\lib\python3.10\site-packages\pip\_vendor\cachecontrol\__pycache__\heuristics.cpython-310.pyc: 'TempFileFinder' object has no attribute 'get_file_age'
2025-03-02 00:10:23,587 - ERROR - Error getting file info for C:\Appz\Quantum\Bravo\virtu\lib\python3.10\site-packages\pip\_vendor\cachecontrol\__pycache__\serialize.cpython-310.pyc: 'TempFileFinder' object has no attribute 'get_file_age'
2025-03-02 00:10:23,587 - ERROR - Error getting file info for C:\Appz\Quantum\Bravo\virtu\lib\python3.10\site-packages\pip\_vendor\cachecontrol\__pycache__\wrapper.cpython-310.pyc: 'TempFileFinder' object has no attribute 'get_file_age'
2025-03-02 00:10:23,587 - ERROR - Error getting file info for C:\Appz\Quantum\Bravo\virtu\lib\python3.10\site-packages\pip\_vendor\cachecontrol\__pycache__\_cmd.cpython-310.pyc: 'TempFileFinder' object has no attribute 'get_file_age'
2025-03-02 00:10:23,587 - ERROR - Error getting file info for C:\Appz\Quantum\Bravo\virtu\lib\python3.10\site-packages\pip\_vendor\cachecontrol\__pycache__\__init__.cpython-310.pyc: 'TempFileFinder' object has no attribute 'get_file_age'
2025-03-02 00:10:23,595 - ERROR - Error getting file info for C:\Appz\Quantum\Bravo\virtu\lib\python3.10\site-packages\pip\_vendor\certifi\__pycache__\core.cpython-310.pyc: 'TempFileFinder' object has no attribute 'get_file_age'
2025-03-02 00:10:23,595 - ERROR - Error getting file info for C:\Appz\Quantum\Bravo\virtu\lib\python3.10\site-packages\pip\_vendor\certifi\__pycache__\__init__.cpython-310.pyc: 'TempFileFinder' object has no attribute 'get_file_age'
2025-03-02 00:10:23,596 - ERROR - Error getting file info for C:\Appz\Quantum\Bravo\virtu\lib\python3.10\site-packages\pip\_vendor\certifi\__pycache__\__main__.cpython-310.pyc: 'TempFileFinder' object has no attribute 'get_file_age'
2025-03-02 00:10:23,610 - ERROR - Error getting file info for C:\Appz\Quantum\Bravo\virtu\lib\python3.10\site-packages\pip\_vendor\chardet\cli\__pycache__\chardetect.cpython-310.pyc: 'TempFileFinder' object has no attribute 'get_file_age'
2025-03-02 00:10:23,610 - ERROR - Error getting file info for C:\Appz\Quantum\Bravo\virtu\lib\python3.10\site-packages\pip\_vendor\chardet\cli\__pycache__\__init__.cpython-310.pyc: 'TempFileFinder' object has no attribute 'get_file_age'
2025-03-02 00:10:23,618 - ERROR - Error getting file info for C:\Appz\Quantum\Bravo\virtu\lib\python3.10\site-packages\pip\_vendor\chardet\metadata\__pycache__\languages.cpython-310.pyc: 'TempFileFinder' object has no attribute 'get_file_age'
2025-03-02 00:10:23,618 - ERROR - Error getting file info for C:\Appz\Quantum\Bravo\virtu\lib\python3.10\site-packages\pip\_vendor\chardet\metadata\__pycache__\__init__.cpython-310.pyc: 'TempFileFinder' object has no attribute 'get_file_age'
2025-03-02 00:10:23,620 - ERROR - Error getting file info for C:\Appz\Quantum\Bravo\virtu\lib\python3.10\site-packages\pip\_vendor\chardet\__pycache__\big5freq.cpython-310.pyc: 'TempFileFinder' object has no attribute 'get_file_age'
2025-03-02 00:10:23,620 - ERROR - Error getting file info for C:\Appz\Quantum\Bravo\virtu\lib\python3.10\site-packages\pip\_vendor\chardet\__pycache__\big5prober.cpython-310.pyc: 'TempFileFinder' object has no attribute 'get_file_age'
2025-03-02 00:10:23,620 - ERROR - Error getting file info for C:\Appz\Quantum\Bravo\virtu\lib\python3.10\site-packages\pip\_vendor\chardet\__pycache__\chardistribution.cpython-310.pyc: 'TempFileFinder' object has no attribute 'get_file_age'
2025-03-02 00:10:23,620 - ERROR - Error getting file info for C:\Appz\Quantum\Bravo\virtu\lib\python3.10\site-packages\pip\_vendor\chardet\__pycache__\charsetgroupprober.cpython-310.pyc: 'TempFileFinder' object has no attribute 'get_file_age'
2025-03-02 00:10:23,620 - ERROR - Error getting file info for C:\Appz\Quantum\Bravo\virtu\lib\python3.10\site-packages\pip\_vendor\chardet\__pycache__\charsetprober.cpython-310.pyc: 'TempFileFinder' object has no attribute 'get_file_age'
2025-03-02 00:10:23,620 - ERROR - Error getting file info for C:\Appz\Quantum\Bravo\virtu\lib\python3.10\site-packages\pip\_vendor\chardet\__pycache__\codingstatemachine.cpython-310.pyc: 'TempFileFinder' object has no attribute 'get_file_age'
2025-03-02 00:10:23,620 - ERROR - Error getting file info for C:\Appz\Quantum\Bravo\virtu\lib\python3.10\site-packages\pip\_vendor\chardet\__pycache__\compat.cpython-310.pyc: 'TempFileFinder' object has no attribute 'get_file_age'
2025-03-02 00:10:23,620 - ERROR - Error getting file info for C:\Appz\Quantum\Bravo\virtu\lib\python3.10\site-packages\pip\_vendor\chardet\__pycache__\cp949prober.cpython-310.pyc: 'TempFileFinder' object has no attribute 'get_file_age'
2025-03-02 00:10:23,620 - ERROR - Error getting file info for C:\Appz\Quantum\Bravo\virtu\lib\python3.10\site-packages\pip\_vendor\chardet\__pycache__\enums.cpython-310.pyc: 'TempFileFinder' object has no attribute 'get_file_age'
2025-03-02 00:10:23,620 - ERROR - Error getting file info for C:\Appz\Quantum\Bravo\virtu\lib\python3.10\site-packages\pip\_vendor\chardet\__pycache__\escprober.cpython-310.pyc: 'TempFileFinder' object has no attribute 'get_file_age'
2025-03-02 00:10:23,620 - ERROR - Error getting file info for C:\Appz\Quantum\Bravo\virtu\lib\python3.10\site-packages\pip\_vendor\chardet\__pycache__\escsm.cpython-310.pyc: 'TempFileFinder' object has no attribute 'get_file_age'
2025-03-02 00:10:23,620 - ERROR - Error getting file info for C:\Appz\Quantum\Bravo\virtu\lib\python3.10\site-packages\pip\_vendor\chardet\__pycache__\eucjpprober.cpython-310.pyc: 'TempFileFinder' object has no attribute 'get_file_age'
2025-03-02 00:10:23,620 - ERROR - Error getting file info for C:\Appz\Quantum\Bravo\virtu\lib\python3.10\site-packages\pip\_vendor\chardet\__pycache__\euckrfreq.cpython-310.pyc: 'TempFileFinder' object has no attribute 'get_file_age'
2025-03-02 00:10:23,620 - ERROR - Error getting file info for C:\Appz\Quantum\Bravo\virtu\lib\python3.10\site-packages\pip\_vendor\chardet\__pycache__\euckrprober.cpython-310.pyc: 'TempFileFinder' object has no attribute 'get_file_age'
2025-03-02 00:10:23,632 - ERROR - Error getting file info for C:\Appz\Quantum\Bravo\virtu\lib\python3.10\site-packages\pip\_vendor\chardet\__pycache__\euctwfreq.cpython-310.pyc: 'TempFileFinder' object has no attribute 'get_file_age'
2025-03-02 00:10:23,633 - ERROR - Error getting file info for C:\Appz\Quantum\Bravo\virtu\lib\python3.10\site-packages\pip\_vendor\chardet\__pycache__\euctwprober.cpython-310.pyc: 'TempFileFinder' object has no attribute 'get_file_age'
2025-03-02 00:10:23,633 - ERROR - Error getting file info for C:\Appz\Quantum\Bravo\virtu\lib\python3.10\site-packages\pip\_vendor\chardet\__pycache__\gb2312freq.cpython-310.pyc: 'TempFileFinder' object has no attribute 'get_file_age'
2025-03-02 00:10:23,634 - ERROR - Error getting file info for C:\Appz\Quantum\Bravo\virtu\lib\python3.10\site-packages\pip\_vendor\chardet\__pycache__\gb2312prober.cpython-310.pyc: 'TempFileFinder' object has no attribute 'get_file_age'
2025-03-02 00:10:23,634 - ERROR - Error getting file info for C:\Appz\Quantum\Bravo\virtu\lib\python3.10\site-packages\pip\_vendor\chardet\__pycache__\hebrewprober.cpython-310.pyc: 'TempFileFinder' object has no attribute 'get_file_age'
2025-03-02 00:10:23,635 - ERROR - Error getting file info for C:\Appz\Quantum\Bravo\virtu\lib\python3.10\site-packages\pip\_vendor\chardet\__pycache__\jisfreq.cpython-310.pyc: 'TempFileFinder' object has no attribute 'get_file_age'
2025-03-02 00:10:23,635 - ERROR - Error getting file info for C:\Appz\Quantum\Bravo\virtu\lib\python3.10\site-packages\pip\_vendor\chardet\__pycache__\jpcntx.cpython-310.pyc: 'TempFileFinder' object has no attribute 'get_file_age'
2025-03-02 00:10:23,635 - ERROR - Error getting file info for C:\Appz\Quantum\Bravo\virtu\lib\python3.10\site-packages\pip\_vendor\chardet\__pycache__\langbulgarianmodel.cpython-310.pyc: 'TempFileFinder' object has no attribute 'get_file_age'
2025-03-02 00:10:23,636 - ERROR - Error getting file info for C:\Appz\Quantum\Bravo\virtu\lib\python3.10\site-packages\pip\_vendor\chardet\__pycache__\langgreekmodel.cpython-310.pyc: 'TempFileFinder' object has no attribute 'get_file_age'
2025-03-02 00:10:23,636 - ERROR - Error getting file info for C:\Appz\Quantum\Bravo\virtu\lib\python3.10\site-packages\pip\_vendor\chardet\__pycache__\langhebrewmodel.cpython-310.pyc: 'TempFileFinder' object has no attribute 'get_file_age'
2025-03-02 00:10:23,637 - ERROR - Error getting file info for C:\Appz\Quantum\Bravo\virtu\lib\python3.10\site-packages\pip\_vendor\chardet\__pycache__\langhungarianmodel.cpython-310.pyc: 'TempFileFinder' object has no attribute 'get_file_age'
2025-03-02 00:10:23,637 - ERROR - Error getting file info for C:\Appz\Quantum\Bravo\virtu\lib\python3.10\site-packages\pip\_vendor\chardet\__pycache__\langrussianmodel.cpython-310.pyc: 'TempFileFinder' object has no attribute 'get_file_age'
2025-03-02 00:10:23,638 - ERROR - Error getting file info for C:\Appz\Quantum\Bravo\virtu\lib\python3.10\site-packages\pip\_vendor\chardet\__pycache__\langthaimodel.cpython-310.pyc: 'TempFileFinder' object has no attribute 'get_file_age'
2025-03-02 00:10:23,638 - ERROR - Error getting file info for C:\Appz\Quantum\Bravo\virtu\lib\python3.10\site-packages\pip\_vendor\chardet\__pycache__\langturkishmodel.cpython-310.pyc: 'TempFileFinder' object has no attribute 'get_file_age'
2025-03-02 00:10:23,638 - ERROR - Error getting file info for C:\Appz\Quantum\Bravo\virtu\lib\python3.10\site-packages\pip\_vendor\chardet\__pycache__\latin1prober.cpython-310.pyc: 'TempFileFinder' object has no attribute 'get_file_age'
2025-03-02 00:10:23,638 - ERROR - Error getting file info for C:\Appz\Quantum\Bravo\virtu\lib\python3.10\site-packages\pip\_vendor\chardet\__pycache__\mbcharsetprober.cpython-310.pyc: 'TempFileFinder' object has no attribute 'get_file_age'
2025-03-02 00:10:23,639 - ERROR - Error getting file info for C:\Appz\Quantum\Bravo\virtu\lib\python3.10\site-packages\pip\_vendor\chardet\__pycache__\mbcsgroupprober.cpython-310.pyc: 'TempFileFinder' object has no attribute 'get_file_age'
2025-03-02 00:10:23,639 - ERROR - Error getting file info for C:\Appz\Quantum\Bravo\virtu\lib\python3.10\site-packages\pip\_vendor\chardet\__pycache__\mbcssm.cpython-310.pyc: 'TempFileFinder' object has no attribute 'get_file_age'
2025-03-02 00:10:23,639 - ERROR - Error getting file info for C:\Appz\Quantum\Bravo\virtu\lib\python3.10\site-packages\pip\_vendor\chardet\__pycache__\sbcharsetprober.cpython-310.pyc: 'TempFileFinder' object has no attribute 'get_file_age'
2025-03-02 00:10:23,639 - ERROR - Error getting file info for C:\Appz\Quantum\Bravo\virtu\lib\python3.10\site-packages\pip\_vendor\chardet\__pycache__\sbcsgroupprober.cpython-310.pyc: 'TempFileFinder' object has no attribute 'get_file_age'
2025-03-02 00:10:23,639 - ERROR - Error getting file info for C:\Appz\Quantum\Bravo\virtu\lib\python3.10\site-packages\pip\_vendor\chardet\__pycache__\sjisprober.cpython-310.pyc: 'TempFileFinder' object has no attribute 'get_file_age'
2025-03-02 00:10:23,639 - ERROR - Error getting file info for C:\Appz\Quantum\Bravo\virtu\lib\python3.10\site-packages\pip\_vendor\chardet\__pycache__\universaldetector.cpython-310.pyc: 'TempFileFinder' object has no attribute 'get_file_age'
2025-03-02 00:10:23,640 - ERROR - Error getting file info for C:\Appz\Quantum\Bravo\virtu\lib\python3.10\site-packages\pip\_vendor\chardet\__pycache__\utf8prober.cpython-310.pyc: 'TempFileFinder' object has no attribute 'get_file_age'
2025-03-02 00:10:23,640 - ERROR - Error getting file info for C:\Appz\Quantum\Bravo\virtu\lib\python3.10\site-packages\pip\_vendor\chardet\__pycache__\version.cpython-310.pyc: 'TempFileFinder' object has no attribute 'get_file_age'
2025-03-02 00:10:23,640 - ERROR - Error getting file info for C:\Appz\Quantum\Bravo\virtu\lib\python3.10\site-packages\pip\_vendor\chardet\__pycache__\__init__.cpython-310.pyc: 'TempFileFinder' object has no attribute 'get_file_age'
2025-03-02 00:10:23,652 - ERROR - Error getting file info for C:\Appz\Quantum\Bravo\virtu\lib\python3.10\site-packages\pip\_vendor\colorama\__pycache__\ansi.cpython-310.pyc: 'TempFileFinder' object has no attribute 'get_file_age'
2025-03-02 00:10:23,652 - ERROR - Error getting file info for C:\Appz\Quantum\Bravo\virtu\lib\python3.10\site-packages\pip\_vendor\colorama\__pycache__\ansitowin32.cpython-310.pyc: 'TempFileFinder' object has no attribute 'get_file_age'
2025-03-02 00:10:23,653 - ERROR - Error getting file info for C:\Appz\Quantum\Bravo\virtu\lib\python3.10\site-packages\pip\_vendor\colorama\__pycache__\initialise.cpython-310.pyc: 'TempFileFinder' object has no attribute 'get_file_age'
2025-03-02 00:10:23,653 - ERROR - Error getting file info for C:\Appz\Quantum\Bravo\virtu\lib\python3.10\site-packages\pip\_vendor\colorama\__pycache__\win32.cpython-310.pyc: 'TempFileFinder' object has no attribute 'get_file_age'
2025-03-02 00:10:23,653 - ERROR - Error getting file info for C:\Appz\Quantum\Bravo\virtu\lib\python3.10\site-packages\pip\_vendor\colorama\__pycache__\winterm.cpython-310.pyc: 'TempFileFinder' object has no attribute 'get_file_age'
2025-03-02 00:10:23,654 - ERROR - Error getting file info for C:\Appz\Quantum\Bravo\virtu\lib\python3.10\site-packages\pip\_vendor\colorama\__pycache__\__init__.cpython-310.pyc: 'TempFileFinder' object has no attribute 'get_file_age'
2025-03-02 00:10:23,665 - ERROR - Error getting file info for C:\Appz\Quantum\Bravo\virtu\lib\python3.10\site-packages\pip\_vendor\distlib\__pycache__\compat.cpython-310.pyc: 'TempFileFinder' object has no attribute 'get_file_age'
2025-03-02 00:10:23,666 - ERROR - Error getting file info for C:\Appz\Quantum\Bravo\virtu\lib\python3.10\site-packages\pip\_vendor\distlib\__pycache__\database.cpython-310.pyc: 'TempFileFinder' object has no attribute 'get_file_age'
2025-03-02 00:10:23,666 - ERROR - Error getting file info for C:\Appz\Quantum\Bravo\virtu\lib\python3.10\site-packages\pip\_vendor\distlib\__pycache__\index.cpython-310.pyc: 'TempFileFinder' object has no attribute 'get_file_age'
2025-03-02 00:10:23,666 - ERROR - Error getting file info for C:\Appz\Quantum\Bravo\virtu\lib\python3.10\site-packages\pip\_vendor\distlib\__pycache__\locators.cpython-310.pyc: 'TempFileFinder' object has no attribute 'get_file_age'
2025-03-02 00:10:23,666 - ERROR - Error getting file info for C:\Appz\Quantum\Bravo\virtu\lib\python3.10\site-packages\pip\_vendor\distlib\__pycache__\manifest.cpython-310.pyc: 'TempFileFinder' object has no attribute 'get_file_age'
2025-03-02 00:10:23,666 - ERROR - Error getting file info for C:\Appz\Quantum\Bravo\virtu\lib\python3.10\site-packages\pip\_vendor\distlib\__pycache__\markers.cpython-310.pyc: 'TempFileFinder' object has no attribute 'get_file_age'
2025-03-02 00:10:23,667 - ERROR - Error getting file info for C:\Appz\Quantum\Bravo\virtu\lib\python3.10\site-packages\pip\_vendor\distlib\__pycache__\metadata.cpython-310.pyc: 'TempFileFinder' object has no attribute 'get_file_age'
2025-03-02 00:10:23,667 - ERROR - Error getting file info for C:\Appz\Quantum\Bravo\virtu\lib\python3.10\site-packages\pip\_vendor\distlib\__pycache__\resources.cpython-310.pyc: 'TempFileFinder' object has no attribute 'get_file_age'
2025-03-02 00:10:23,667 - ERROR - Error getting file info for C:\Appz\Quantum\Bravo\virtu\lib\python3.10\site-packages\pip\_vendor\distlib\__pycache__\scripts.cpython-310.pyc: 'TempFileFinder' object has no attribute 'get_file_age'
2025-03-02 00:10:23,667 - ERROR - Error getting file info for C:\Appz\Quantum\Bravo\virtu\lib\python3.10\site-packages\pip\_vendor\distlib\__pycache__\util.cpython-310.pyc: 'TempFileFinder' object has no attribute 'get_file_age'
2025-03-02 00:10:23,667 - ERROR - Error getting file info for C:\Appz\Quantum\Bravo\virtu\lib\python3.10\site-packages\pip\_vendor\distlib\__pycache__\version.cpython-310.pyc: 'TempFileFinder' object has no attribute 'get_file_age'
2025-03-02 00:10:23,668 - ERROR - Error getting file info for C:\Appz\Quantum\Bravo\virtu\lib\python3.10\site-packages\pip\_vendor\distlib\__pycache__\wheel.cpython-310.pyc: 'TempFileFinder' object has no attribute 'get_file_age'
2025-03-02 00:10:23,668 - ERROR - Error getting file info for C:\Appz\Quantum\Bravo\virtu\lib\python3.10\site-packages\pip\_vendor\distlib\__pycache__\__init__.cpython-310.pyc: 'TempFileFinder' object has no attribute 'get_file_age'
2025-03-02 00:10:23,683 - ERROR - Error getting file info for C:\Appz\Quantum\Bravo\virtu\lib\python3.10\site-packages\pip\_vendor\html5lib\filters\__pycache__\alphabeticalattributes.cpython-310.pyc: 'TempFileFinder' object has no attribute 'get_file_age'
2025-03-02 00:10:23,684 - ERROR - Error getting file info for C:\Appz\Quantum\Bravo\virtu\lib\python3.10\site-packages\pip\_vendor\html5lib\filters\__pycache__\base.cpython-310.pyc: 'TempFileFinder' object has no attribute 'get_file_age'
2025-03-02 00:10:23,684 - ERROR - Error getting file info for C:\Appz\Quantum\Bravo\virtu\lib\python3.10\site-packages\pip\_vendor\html5lib\filters\__pycache__\inject_meta_charset.cpython-310.pyc: 'TempFileFinder' object has no attribute 'get_file_age'
2025-03-02 00:10:23,684 - ERROR - Error getting file info for C:\Appz\Quantum\Bravo\virtu\lib\python3.10\site-packages\pip\_vendor\html5lib\filters\__pycache__\lint.cpython-310.pyc: 'TempFileFinder' object has no attribute 'get_file_age'
2025-03-02 00:10:23,684 - ERROR - Error getting file info for C:\Appz\Quantum\Bravo\virtu\lib\python3.10\site-packages\pip\_vendor\html5lib\filters\__pycache__\optionaltags.cpython-310.pyc: 'TempFileFinder' object has no attribute 'get_file_age'
2025-03-02 00:10:23,684 - ERROR - Error getting file info for C:\Appz\Quantum\Bravo\virtu\lib\python3.10\site-packages\pip\_vendor\html5lib\filters\__pycache__\sanitizer.cpython-310.pyc: 'TempFileFinder' object has no attribute 'get_file_age'
2025-03-02 00:10:23,685 - ERROR - Error getting file info for C:\Appz\Quantum\Bravo\virtu\lib\python3.10\site-packages\pip\_vendor\html5lib\filters\__pycache__\whitespace.cpython-310.pyc: 'TempFileFinder' object has no attribute 'get_file_age'
2025-03-02 00:10:23,685 - ERROR - Error getting file info for C:\Appz\Quantum\Bravo\virtu\lib\python3.10\site-packages\pip\_vendor\html5lib\filters\__pycache__\__init__.cpython-310.pyc: 'TempFileFinder' object has no attribute 'get_file_age'
2025-03-02 00:10:23,693 - ERROR - Error getting file info for C:\Appz\Quantum\Bravo\virtu\lib\python3.10\site-packages\pip\_vendor\html5lib\treeadapters\__pycache__\genshi.cpython-310.pyc: 'TempFileFinder' object has no attribute 'get_file_age'
2025-03-02 00:10:23,693 - ERROR - Error getting file info for C:\Appz\Quantum\Bravo\virtu\lib\python3.10\site-packages\pip\_vendor\html5lib\treeadapters\__pycache__\sax.cpython-310.pyc: 'TempFileFinder' object has no attribute 'get_file_age'
2025-03-02 00:10:23,694 - ERROR - Error getting file info for C:\Appz\Quantum\Bravo\virtu\lib\python3.10\site-packages\pip\_vendor\html5lib\treeadapters\__pycache__\__init__.cpython-310.pyc: 'TempFileFinder' object has no attribute 'get_file_age'
2025-03-02 00:10:23,705 - ERROR - Error getting file info for C:\Appz\Quantum\Bravo\virtu\lib\python3.10\site-packages\pip\_vendor\html5lib\treebuilders\__pycache__\base.cpython-310.pyc: 'TempFileFinder' object has no attribute 'get_file_age'
2025-03-02 00:10:23,705 - ERROR - Error getting file info for C:\Appz\Quantum\Bravo\virtu\lib\python3.10\site-packages\pip\_vendor\html5lib\treebuilders\__pycache__\dom.cpython-310.pyc: 'TempFileFinder' object has no attribute 'get_file_age'
2025-03-02 00:10:23,705 - ERROR - Error getting file info for C:\Appz\Quantum\Bravo\virtu\lib\python3.10\site-packages\pip\_vendor\html5lib\treebuilders\__pycache__\etree.cpython-310.pyc: 'TempFileFinder' object has no attribute 'get_file_age'
2025-03-02 00:10:23,706 - ERROR - Error getting file info for C:\Appz\Quantum\Bravo\virtu\lib\python3.10\site-packages\pip\_vendor\html5lib\treebuilders\__pycache__\etree_lxml.cpython-310.pyc: 'TempFileFinder' object has no attribute 'get_file_age'
2025-03-02 00:10:23,706 - ERROR - Error getting file info for C:\Appz\Quantum\Bravo\virtu\lib\python3.10\site-packages\pip\_vendor\html5lib\treebuilders\__pycache__\__init__.cpython-310.pyc: 'TempFileFinder' object has no attribute 'get_file_age'
2025-03-02 00:10:23,715 - ERROR - Error getting file info for C:\Appz\Quantum\Bravo\virtu\lib\python3.10\site-packages\pip\_vendor\html5lib\treewalkers\__pycache__\base.cpython-310.pyc: 'TempFileFinder' object has no attribute 'get_file_age'
2025-03-02 00:10:23,717 - ERROR - Error getting file info for C:\Appz\Quantum\Bravo\virtu\lib\python3.10\site-packages\pip\_vendor\html5lib\treewalkers\__pycache__\dom.cpython-310.pyc: 'TempFileFinder' object has no attribute 'get_file_age'
2025-03-02 00:10:23,717 - ERROR - Error getting file info for C:\Appz\Quantum\Bravo\virtu\lib\python3.10\site-packages\pip\_vendor\html5lib\treewalkers\__pycache__\etree.cpython-310.pyc: 'TempFileFinder' object has no attribute 'get_file_age'
2025-03-02 00:10:23,717 - ERROR - Error getting file info for C:\Appz\Quantum\Bravo\virtu\lib\python3.10\site-packages\pip\_vendor\html5lib\treewalkers\__pycache__\etree_lxml.cpython-310.pyc: 'TempFileFinder' object has no attribute 'get_file_age'
2025-03-02 00:10:23,717 - ERROR - Error getting file info for C:\Appz\Quantum\Bravo\virtu\lib\python3.10\site-packages\pip\_vendor\html5lib\treewalkers\__pycache__\genshi.cpython-310.pyc: 'TempFileFinder' object has no attribute 'get_file_age'
2025-03-02 00:10:23,718 - ERROR - Error getting file info for C:\Appz\Quantum\Bravo\virtu\lib\python3.10\site-packages\pip\_vendor\html5lib\treewalkers\__pycache__\__init__.cpython-310.pyc: 'TempFileFinder' object has no attribute 'get_file_age'
2025-03-02 00:10:23,726 - ERROR - Error getting file info for C:\Appz\Quantum\Bravo\virtu\lib\python3.10\site-packages\pip\_vendor\html5lib\_trie\__pycache__\py.cpython-310.pyc: 'TempFileFinder' object has no attribute 'get_file_age'
2025-03-02 00:10:23,727 - ERROR - Error getting file info for C:\Appz\Quantum\Bravo\virtu\lib\python3.10\site-packages\pip\_vendor\html5lib\_trie\__pycache__\_base.cpython-310.pyc: 'TempFileFinder' object has no attribute 'get_file_age'
2025-03-02 00:10:23,727 - ERROR - Error getting file info for C:\Appz\Quantum\Bravo\virtu\lib\python3.10\site-packages\pip\_vendor\html5lib\_trie\__pycache__\__init__.cpython-310.pyc: 'TempFileFinder' object has no attribute 'get_file_age'
2025-03-02 00:10:23,732 - ERROR - Error getting file info for C:\Appz\Quantum\Bravo\virtu\lib\python3.10\site-packages\pip\_vendor\html5lib\__pycache__\constants.cpython-310.pyc: 'TempFileFinder' object has no attribute 'get_file_age'
2025-03-02 00:10:23,732 - ERROR - Error getting file info for C:\Appz\Quantum\Bravo\virtu\lib\python3.10\site-packages\pip\_vendor\html5lib\__pycache__\html5parser.cpython-310.pyc: 'TempFileFinder' object has no attribute 'get_file_age'
2025-03-02 00:10:23,732 - ERROR - Error getting file info for C:\Appz\Quantum\Bravo\virtu\lib\python3.10\site-packages\pip\_vendor\html5lib\__pycache__\serializer.cpython-310.pyc: 'TempFileFinder' object has no attribute 'get_file_age'
2025-03-02 00:10:23,732 - ERROR - Error getting file info for C:\Appz\Quantum\Bravo\virtu\lib\python3.10\site-packages\pip\_vendor\html5lib\__pycache__\_ihatexml.cpython-310.pyc: 'TempFileFinder' object has no attribute 'get_file_age'
2025-03-02 00:10:23,732 - ERROR - Error getting file info for C:\Appz\Quantum\Bravo\virtu\lib\python3.10\site-packages\pip\_vendor\html5lib\__pycache__\_inputstream.cpython-310.pyc: 'TempFileFinder' object has no attribute 'get_file_age'
2025-03-02 00:10:23,732 - ERROR - Error getting file info for C:\Appz\Quantum\Bravo\virtu\lib\python3.10\site-packages\pip\_vendor\html5lib\__pycache__\_tokenizer.cpython-310.pyc: 'TempFileFinder' object has no attribute 'get_file_age'
2025-03-02 00:10:23,733 - ERROR - Error getting file info for C:\Appz\Quantum\Bravo\virtu\lib\python3.10\site-packages\pip\_vendor\html5lib\__pycache__\_utils.cpython-310.pyc: 'TempFileFinder' object has no attribute 'get_file_age'
2025-03-02 00:10:23,733 - ERROR - Error getting file info for C:\Appz\Quantum\Bravo\virtu\lib\python3.10\site-packages\pip\_vendor\html5lib\__pycache__\__init__.cpython-310.pyc: 'TempFileFinder' object has no attribute 'get_file_age'
2025-03-02 00:10:23,742 - ERROR - Error getting file info for C:\Appz\Quantum\Bravo\virtu\lib\python3.10\site-packages\pip\_vendor\idna\__pycache__\codec.cpython-310.pyc: 'TempFileFinder' object has no attribute 'get_file_age'
2025-03-02 00:10:23,742 - ERROR - Error getting file info for C:\Appz\Quantum\Bravo\virtu\lib\python3.10\site-packages\pip\_vendor\idna\__pycache__\compat.cpython-310.pyc: 'TempFileFinder' object has no attribute 'get_file_age'
2025-03-02 00:10:23,742 - ERROR - Error getting file info for C:\Appz\Quantum\Bravo\virtu\lib\python3.10\site-packages\pip\_vendor\idna\__pycache__\core.cpython-310.pyc: 'TempFileFinder' object has no attribute 'get_file_age'
2025-03-02 00:10:23,743 - ERROR - Error getting file info for C:\Appz\Quantum\Bravo\virtu\lib\python3.10\site-packages\pip\_vendor\idna\__pycache__\idnadata.cpython-310.pyc: 'TempFileFinder' object has no attribute 'get_file_age'
2025-03-02 00:10:23,743 - ERROR - Error getting file info for C:\Appz\Quantum\Bravo\virtu\lib\python3.10\site-packages\pip\_vendor\idna\__pycache__\intranges.cpython-310.pyc: 'TempFileFinder' object has no attribute 'get_file_age'
2025-03-02 00:10:23,743 - ERROR - Error getting file info for C:\Appz\Quantum\Bravo\virtu\lib\python3.10\site-packages\pip\_vendor\idna\__pycache__\package_data.cpython-310.pyc: 'TempFileFinder' object has no attribute 'get_file_age'
2025-03-02 00:10:23,743 - ERROR - Error getting file info for C:\Appz\Quantum\Bravo\virtu\lib\python3.10\site-packages\pip\_vendor\idna\__pycache__\uts46data.cpython-310.pyc: 'TempFileFinder' object has no attribute 'get_file_age'
2025-03-02 00:10:23,743 - ERROR - Error getting file info for C:\Appz\Quantum\Bravo\virtu\lib\python3.10\site-packages\pip\_vendor\idna\__pycache__\__init__.cpython-310.pyc: 'TempFileFinder' object has no attribute 'get_file_age'
2025-03-02 00:10:23,752 - ERROR - Error getting file info for C:\Appz\Quantum\Bravo\virtu\lib\python3.10\site-packages\pip\_vendor\msgpack\__pycache__\exceptions.cpython-310.pyc: 'TempFileFinder' object has no attribute 'get_file_age'
2025-03-02 00:10:23,752 - ERROR - Error getting file info for C:\Appz\Quantum\Bravo\virtu\lib\python3.10\site-packages\pip\_vendor\msgpack\__pycache__\ext.cpython-310.pyc: 'TempFileFinder' object has no attribute 'get_file_age'
2025-03-02 00:10:23,752 - ERROR - Error getting file info for C:\Appz\Quantum\Bravo\virtu\lib\python3.10\site-packages\pip\_vendor\msgpack\__pycache__\fallback.cpython-310.pyc: 'TempFileFinder' object has no attribute 'get_file_age'
2025-03-02 00:10:23,752 - ERROR - Error getting file info for C:\Appz\Quantum\Bravo\virtu\lib\python3.10\site-packages\pip\_vendor\msgpack\__pycache__\_version.cpython-310.pyc: 'TempFileFinder' object has no attribute 'get_file_age'
2025-03-02 00:10:23,753 - ERROR - Error getting file info for C:\Appz\Quantum\Bravo\virtu\lib\python3.10\site-packages\pip\_vendor\msgpack\__pycache__\__init__.cpython-310.pyc: 'TempFileFinder' object has no attribute 'get_file_age'
2025-03-02 00:10:23,761 - ERROR - Error getting file info for C:\Appz\Quantum\Bravo\virtu\lib\python3.10\site-packages\pip\_vendor\packaging\__pycache__\markers.cpython-310.pyc: 'TempFileFinder' object has no attribute 'get_file_age'
2025-03-02 00:10:23,762 - ERROR - Error getting file info for C:\Appz\Quantum\Bravo\virtu\lib\python3.10\site-packages\pip\_vendor\packaging\__pycache__\requirements.cpython-310.pyc: 'TempFileFinder' object has no attribute 'get_file_age'
2025-03-02 00:10:23,762 - ERROR - Error getting file info for C:\Appz\Quantum\Bravo\virtu\lib\python3.10\site-packages\pip\_vendor\packaging\__pycache__\specifiers.cpython-310.pyc: 'TempFileFinder' object has no attribute 'get_file_age'
2025-03-02 00:10:23,762 - ERROR - Error getting file info for C:\Appz\Quantum\Bravo\virtu\lib\python3.10\site-packages\pip\_vendor\packaging\__pycache__\tags.cpython-310.pyc: 'TempFileFinder' object has no attribute 'get_file_age'
2025-03-02 00:10:23,762 - ERROR - Error getting file info for C:\Appz\Quantum\Bravo\virtu\lib\python3.10\site-packages\pip\_vendor\packaging\__pycache__\utils.cpython-310.pyc: 'TempFileFinder' object has no attribute 'get_file_age'
2025-03-02 00:10:23,762 - ERROR - Error getting file info for C:\Appz\Quantum\Bravo\virtu\lib\python3.10\site-packages\pip\_vendor\packaging\__pycache__\version.cpython-310.pyc: 'TempFileFinder' object has no attribute 'get_file_age'
2025-03-02 00:10:23,763 - ERROR - Error getting file info for C:\Appz\Quantum\Bravo\virtu\lib\python3.10\site-packages\pip\_vendor\packaging\__pycache__\_manylinux.cpython-310.pyc: 'TempFileFinder' object has no attribute 'get_file_age'
2025-03-02 00:10:23,763 - ERROR - Error getting file info for C:\Appz\Quantum\Bravo\virtu\lib\python3.10\site-packages\pip\_vendor\packaging\__pycache__\_musllinux.cpython-310.pyc: 'TempFileFinder' object has no attribute 'get_file_age'
2025-03-02 00:10:23,763 - ERROR - Error getting file info for C:\Appz\Quantum\Bravo\virtu\lib\python3.10\site-packages\pip\_vendor\packaging\__pycache__\_structures.cpython-310.pyc: 'TempFileFinder' object has no attribute 'get_file_age'
2025-03-02 00:10:23,763 - ERROR - Error getting file info for C:\Appz\Quantum\Bravo\virtu\lib\python3.10\site-packages\pip\_vendor\packaging\__pycache__\__about__.cpython-310.pyc: 'TempFileFinder' object has no attribute 'get_file_age'
2025-03-02 00:10:23,763 - ERROR - Error getting file info for C:\Appz\Quantum\Bravo\virtu\lib\python3.10\site-packages\pip\_vendor\packaging\__pycache__\__init__.cpython-310.pyc: 'TempFileFinder' object has no attribute 'get_file_age'
2025-03-02 00:10:23,775 - ERROR - Error getting file info for C:\Appz\Quantum\Bravo\virtu\lib\python3.10\site-packages\pip\_vendor\pep517\in_process\__pycache__\_in_process.cpython-310.pyc: 'TempFileFinder' object has no attribute 'get_file_age'
2025-03-02 00:10:23,775 - ERROR - Error getting file info for C:\Appz\Quantum\Bravo\virtu\lib\python3.10\site-packages\pip\_vendor\pep517\in_process\__pycache__\__init__.cpython-310.pyc: 'TempFileFinder' object has no attribute 'get_file_age'
2025-03-02 00:10:23,780 - ERROR - Error getting file info for C:\Appz\Quantum\Bravo\virtu\lib\python3.10\site-packages\pip\_vendor\pep517\__pycache__\build.cpython-310.pyc: 'TempFileFinder' object has no attribute 'get_file_age'
2025-03-02 00:10:23,782 - ERROR - Error getting file info for C:\Appz\Quantum\Bravo\virtu\lib\python3.10\site-packages\pip\_vendor\pep517\__pycache__\check.cpython-310.pyc: 'TempFileFinder' object has no attribute 'get_file_age'
2025-03-02 00:10:23,782 - ERROR - Error getting file info for C:\Appz\Quantum\Bravo\virtu\lib\python3.10\site-packages\pip\_vendor\pep517\__pycache__\colorlog.cpython-310.pyc: 'TempFileFinder' object has no attribute 'get_file_age'
2025-03-02 00:10:23,782 - ERROR - Error getting file info for C:\Appz\Quantum\Bravo\virtu\lib\python3.10\site-packages\pip\_vendor\pep517\__pycache__\compat.cpython-310.pyc: 'TempFileFinder' object has no attribute 'get_file_age'
2025-03-02 00:10:23,783 - ERROR - Error getting file info for C:\Appz\Quantum\Bravo\virtu\lib\python3.10\site-packages\pip\_vendor\pep517\__pycache__\dirtools.cpython-310.pyc: 'TempFileFinder' object has no attribute 'get_file_age'
2025-03-02 00:10:23,784 - ERROR - Error getting file info for C:\Appz\Quantum\Bravo\virtu\lib\python3.10\site-packages\pip\_vendor\pep517\__pycache__\envbuild.cpython-310.pyc: 'TempFileFinder' object has no attribute 'get_file_age'
2025-03-02 00:10:23,784 - ERROR - Error getting file info for C:\Appz\Quantum\Bravo\virtu\lib\python3.10\site-packages\pip\_vendor\pep517\__pycache__\meta.cpython-310.pyc: 'TempFileFinder' object has no attribute 'get_file_age'
2025-03-02 00:10:23,785 - ERROR - Error getting file info for C:\Appz\Quantum\Bravo\virtu\lib\python3.10\site-packages\pip\_vendor\pep517\__pycache__\wrappers.cpython-310.pyc: 'TempFileFinder' object has no attribute 'get_file_age'
2025-03-02 00:10:23,786 - ERROR - Error getting file info for C:\Appz\Quantum\Bravo\virtu\lib\python3.10\site-packages\pip\_vendor\pep517\__pycache__\__init__.cpython-310.pyc: 'TempFileFinder' object has no attribute 'get_file_age'
2025-03-02 00:10:23,798 - ERROR - Error getting file info for C:\Appz\Quantum\Bravo\virtu\lib\python3.10\site-packages\pip\_vendor\pkg_resources\__pycache__\py31compat.cpython-310.pyc: 'TempFileFinder' object has no attribute 'get_file_age'
2025-03-02 00:10:23,799 - ERROR - Error getting file info for C:\Appz\Quantum\Bravo\virtu\lib\python3.10\site-packages\pip\_vendor\pkg_resources\__pycache__\__init__.cpython-310.pyc: 'TempFileFinder' object has no attribute 'get_file_age'
2025-03-02 00:10:23,809 - ERROR - Error getting file info for C:\Appz\Quantum\Bravo\virtu\lib\python3.10\site-packages\pip\_vendor\platformdirs\__pycache__\android.cpython-310.pyc: 'TempFileFinder' object has no attribute 'get_file_age'
2025-03-02 00:10:23,809 - ERROR - Error getting file info for C:\Appz\Quantum\Bravo\virtu\lib\python3.10\site-packages\pip\_vendor\platformdirs\__pycache__\api.cpython-310.pyc: 'TempFileFinder' object has no attribute 'get_file_age'
2025-03-02 00:10:23,810 - ERROR - Error getting file info for C:\Appz\Quantum\Bravo\virtu\lib\python3.10\site-packages\pip\_vendor\platformdirs\__pycache__\macos.cpython-310.pyc: 'TempFileFinder' object has no attribute 'get_file_age'
2025-03-02 00:10:23,810 - ERROR - Error getting file info for C:\Appz\Quantum\Bravo\virtu\lib\python3.10\site-packages\pip\_vendor\platformdirs\__pycache__\unix.cpython-310.pyc: 'TempFileFinder' object has no attribute 'get_file_age'
2025-03-02 00:10:23,810 - ERROR - Error getting file info for C:\Appz\Quantum\Bravo\virtu\lib\python3.10\site-packages\pip\_vendor\platformdirs\__pycache__\version.cpython-310.pyc: 'TempFileFinder' object has no attribute 'get_file_age'
2025-03-02 00:10:23,810 - ERROR - Error getting file info for C:\Appz\Quantum\Bravo\virtu\lib\python3.10\site-packages\pip\_vendor\platformdirs\__pycache__\windows.cpython-310.pyc: 'TempFileFinder' object has no attribute 'get_file_age'
2025-03-02 00:10:23,811 - ERROR - Error getting file info for C:\Appz\Quantum\Bravo\virtu\lib\python3.10\site-packages\pip\_vendor\platformdirs\__pycache__\__init__.cpython-310.pyc: 'TempFileFinder' object has no attribute 'get_file_age'
2025-03-02 00:10:23,811 - ERROR - Error getting file info for C:\Appz\Quantum\Bravo\virtu\lib\python3.10\site-packages\pip\_vendor\platformdirs\__pycache__\__main__.cpython-310.pyc: 'TempFileFinder' object has no attribute 'get_file_age'
2025-03-02 00:10:23,821 - ERROR - Error getting file info for C:\Appz\Quantum\Bravo\virtu\lib\python3.10\site-packages\pip\_vendor\progress\__pycache__\bar.cpython-310.pyc: 'TempFileFinder' object has no attribute 'get_file_age'
2025-03-02 00:10:23,821 - ERROR - Error getting file info for C:\Appz\Quantum\Bravo\virtu\lib\python3.10\site-packages\pip\_vendor\progress\__pycache__\colors.cpython-310.pyc: 'TempFileFinder' object has no attribute 'get_file_age'
2025-03-02 00:10:23,821 - ERROR - Error getting file info for C:\Appz\Quantum\Bravo\virtu\lib\python3.10\site-packages\pip\_vendor\progress\__pycache__\counter.cpython-310.pyc: 'TempFileFinder' object has no attribute 'get_file_age'
2025-03-02 00:10:23,821 - ERROR - Error getting file info for C:\Appz\Quantum\Bravo\virtu\lib\python3.10\site-packages\pip\_vendor\progress\__pycache__\spinner.cpython-310.pyc: 'TempFileFinder' object has no attribute 'get_file_age'
2025-03-02 00:10:23,822 - ERROR - Error getting file info for C:\Appz\Quantum\Bravo\virtu\lib\python3.10\site-packages\pip\_vendor\progress\__pycache__\__init__.cpython-310.pyc: 'TempFileFinder' object has no attribute 'get_file_age'
2025-03-02 00:10:23,838 - ERROR - Error getting file info for C:\Appz\Quantum\Bravo\virtu\lib\python3.10\site-packages\pip\_vendor\pygments\filters\__pycache__\__init__.cpython-310.pyc: 'TempFileFinder' object has no attribute 'get_file_age'
2025-03-02 00:10:23,914 - ERROR - Error getting file info for C:\Appz\Quantum\Bravo\virtu\lib\python3.10\site-packages\pip\_vendor\pygments\formatters\__pycache__\bbcode.cpython-310.pyc: 'TempFileFinder' object has no attribute 'get_file_age'
2025-03-02 00:10:23,915 - ERROR - Error getting file info for C:\Appz\Quantum\Bravo\virtu\lib\python3.10\site-packages\pip\_vendor\pygments\formatters\__pycache__\groff.cpython-310.pyc: 'TempFileFinder' object has no attribute 'get_file_age'
2025-03-02 00:10:23,915 - ERROR - Error getting file info for C:\Appz\Quantum\Bravo\virtu\lib\python3.10\site-packages\pip\_vendor\pygments\formatters\__pycache__\html.cpython-310.pyc: 'TempFileFinder' object has no attribute 'get_file_age'
2025-03-02 00:10:23,915 - ERROR - Error getting file info for C:\Appz\Quantum\Bravo\virtu\lib\python3.10\site-packages\pip\_vendor\pygments\formatters\__pycache__\img.cpython-310.pyc: 'TempFileFinder' object has no attribute 'get_file_age'
2025-03-02 00:10:23,915 - ERROR - Error getting file info for C:\Appz\Quantum\Bravo\virtu\lib\python3.10\site-packages\pip\_vendor\pygments\formatters\__pycache__\irc.cpython-310.pyc: 'TempFileFinder' object has no attribute 'get_file_age'
2025-03-02 00:10:23,916 - ERROR - Error getting file info for C:\Appz\Quantum\Bravo\virtu\lib\python3.10\site-packages\pip\_vendor\pygments\formatters\__pycache__\latex.cpython-310.pyc: 'TempFileFinder' object has no attribute 'get_file_age'
2025-03-02 00:10:23,917 - ERROR - Error getting file info for C:\Appz\Quantum\Bravo\virtu\lib\python3.10\site-packages\pip\_vendor\pygments\formatters\__pycache__\other.cpython-310.pyc: 'TempFileFinder' object has no attribute 'get_file_age'
2025-03-02 00:10:23,918 - ERROR - Error getting file info for C:\Appz\Quantum\Bravo\virtu\lib\python3.10\site-packages\pip\_vendor\pygments\formatters\__pycache__\pangomarkup.cpython-310.pyc: 'TempFileFinder' object has no attribute 'get_file_age'
2025-03-02 00:10:23,918 - ERROR - Error getting file info for C:\Appz\Quantum\Bravo\virtu\lib\python3.10\site-packages\pip\_vendor\pygments\formatters\__pycache__\rtf.cpython-310.pyc: 'TempFileFinder' object has no attribute 'get_file_age'
2025-03-02 00:10:23,918 - ERROR - Error getting file info for C:\Appz\Quantum\Bravo\virtu\lib\python3.10\site-packages\pip\_vendor\pygments\formatters\__pycache__\svg.cpython-310.pyc: 'TempFileFinder' object has no attribute 'get_file_age'
2025-03-02 00:10:23,919 - ERROR - Error getting file info for C:\Appz\Quantum\Bravo\virtu\lib\python3.10\site-packages\pip\_vendor\pygments\formatters\__pycache__\terminal.cpython-310.pyc: 'TempFileFinder' object has no attribute 'get_file_age'
2025-03-02 00:10:23,919 - ERROR - Error getting file info for C:\Appz\Quantum\Bravo\virtu\lib\python3.10\site-packages\pip\_vendor\pygments\formatters\__pycache__\terminal256.cpython-310.pyc: 'TempFileFinder' object has no attribute 'get_file_age'
2025-03-02 00:10:23,920 - ERROR - Error getting file info for C:\Appz\Quantum\Bravo\virtu\lib\python3.10\site-packages\pip\_vendor\pygments\formatters\__pycache__\_mapping.cpython-310.pyc: 'TempFileFinder' object has no attribute 'get_file_age'
2025-03-02 00:10:23,920 - ERROR - Error getting file info for C:\Appz\Quantum\Bravo\virtu\lib\python3.10\site-packages\pip\_vendor\pygments\formatters\__pycache__\__init__.cpython-310.pyc: 'TempFileFinder' object has no attribute 'get_file_age'
2025-03-02 00:10:23,932 - ERROR - Error getting file info for C:\Appz\Quantum\Bravo\virtu\lib\python3.10\site-packages\pip\_vendor\pygments\lexers\__pycache__\python.cpython-310.pyc: 'TempFileFinder' object has no attribute 'get_file_age'
2025-03-02 00:10:23,932 - ERROR - Error getting file info for C:\Appz\Quantum\Bravo\virtu\lib\python3.10\site-packages\pip\_vendor\pygments\lexers\__pycache__\_mapping.cpython-310.pyc: 'TempFileFinder' object has no attribute 'get_file_age'
2025-03-02 00:10:23,932 - ERROR - Error getting file info for C:\Appz\Quantum\Bravo\virtu\lib\python3.10\site-packages\pip\_vendor\pygments\lexers\__pycache__\__init__.cpython-310.pyc: 'TempFileFinder' object has no attribute 'get_file_age'
2025-03-02 00:10:23,979 - ERROR - Error getting file info for C:\Appz\Quantum\Bravo\virtu\lib\python3.10\site-packages\pip\_vendor\pygments\styles\__pycache__\__init__.cpython-310.pyc: 'TempFileFinder' object has no attribute 'get_file_age'
2025-03-02 00:10:23,987 - ERROR - Error getting file info for C:\Appz\Quantum\Bravo\virtu\lib\python3.10\site-packages\pip\_vendor\pygments\__pycache__\cmdline.cpython-310.pyc: 'TempFileFinder' object has no attribute 'get_file_age'
2025-03-02 00:10:23,987 - ERROR - Error getting file info for C:\Appz\Quantum\Bravo\virtu\lib\python3.10\site-packages\pip\_vendor\pygments\__pycache__\console.cpython-310.pyc: 'TempFileFinder' object has no attribute 'get_file_age'
2025-03-02 00:10:23,988 - ERROR - Error getting file info for C:\Appz\Quantum\Bravo\virtu\lib\python3.10\site-packages\pip\_vendor\pygments\__pycache__\filter.cpython-310.pyc: 'TempFileFinder' object has no attribute 'get_file_age'
2025-03-02 00:10:23,988 - ERROR - Error getting file info for C:\Appz\Quantum\Bravo\virtu\lib\python3.10\site-packages\pip\_vendor\pygments\__pycache__\formatter.cpython-310.pyc: 'TempFileFinder' object has no attribute 'get_file_age'
2025-03-02 00:10:23,988 - ERROR - Error getting file info for C:\Appz\Quantum\Bravo\virtu\lib\python3.10\site-packages\pip\_vendor\pygments\__pycache__\lexer.cpython-310.pyc: 'TempFileFinder' object has no attribute 'get_file_age'
2025-03-02 00:10:23,989 - ERROR - Error getting file info for C:\Appz\Quantum\Bravo\virtu\lib\python3.10\site-packages\pip\_vendor\pygments\__pycache__\modeline.cpython-310.pyc: 'TempFileFinder' object has no attribute 'get_file_age'
2025-03-02 00:10:23,989 - ERROR - Error getting file info for C:\Appz\Quantum\Bravo\virtu\lib\python3.10\site-packages\pip\_vendor\pygments\__pycache__\plugin.cpython-310.pyc: 'TempFileFinder' object has no attribute 'get_file_age'
2025-03-02 00:10:23,990 - ERROR - Error getting file info for C:\Appz\Quantum\Bravo\virtu\lib\python3.10\site-packages\pip\_vendor\pygments\__pycache__\regexopt.cpython-310.pyc: 'TempFileFinder' object has no attribute 'get_file_age'
2025-03-02 00:10:23,990 - ERROR - Error getting file info for C:\Appz\Quantum\Bravo\virtu\lib\python3.10\site-packages\pip\_vendor\pygments\__pycache__\scanner.cpython-310.pyc: 'TempFileFinder' object has no attribute 'get_file_age'
2025-03-02 00:10:23,990 - ERROR - Error getting file info for C:\Appz\Quantum\Bravo\virtu\lib\python3.10\site-packages\pip\_vendor\pygments\__pycache__\sphinxext.cpython-310.pyc: 'TempFileFinder' object has no attribute 'get_file_age'
2025-03-02 00:10:23,991 - ERROR - Error getting file info for C:\Appz\Quantum\Bravo\virtu\lib\python3.10\site-packages\pip\_vendor\pygments\__pycache__\style.cpython-310.pyc: 'TempFileFinder' object has no attribute 'get_file_age'
2025-03-02 00:10:23,991 - ERROR - Error getting file info for C:\Appz\Quantum\Bravo\virtu\lib\python3.10\site-packages\pip\_vendor\pygments\__pycache__\token.cpython-310.pyc: 'TempFileFinder' object has no attribute 'get_file_age'
2025-03-02 00:10:23,991 - ERROR - Error getting file info for C:\Appz\Quantum\Bravo\virtu\lib\python3.10\site-packages\pip\_vendor\pygments\__pycache__\unistring.cpython-310.pyc: 'TempFileFinder' object has no attribute 'get_file_age'
2025-03-02 00:10:23,992 - ERROR - Error getting file info for C:\Appz\Quantum\Bravo\virtu\lib\python3.10\site-packages\pip\_vendor\pygments\__pycache__\util.cpython-310.pyc: 'TempFileFinder' object has no attribute 'get_file_age'
2025-03-02 00:10:23,992 - ERROR - Error getting file info for C:\Appz\Quantum\Bravo\virtu\lib\python3.10\site-packages\pip\_vendor\pygments\__pycache__\__init__.cpython-310.pyc: 'TempFileFinder' object has no attribute 'get_file_age'
2025-03-02 00:10:23,992 - ERROR - Error getting file info for C:\Appz\Quantum\Bravo\virtu\lib\python3.10\site-packages\pip\_vendor\pygments\__pycache__\__main__.cpython-310.pyc: 'TempFileFinder' object has no attribute 'get_file_age'
2025-03-02 00:10:24,174 - ERROR - Error getting file info for C:\Appz\Quantum\Bravo\virtu\lib\python3.10\site-packages\pip\_vendor\pyparsing\diagram\__pycache__\__init__.cpython-310.pyc: 'TempFileFinder' object has no attribute 'get_file_age'
2025-03-02 00:10:24,243 - ERROR - Error getting file info for C:\Appz\Quantum\Bravo\virtu\lib\python3.10\site-packages\pip\_vendor\pyparsing\__pycache__\actions.cpython-310.pyc: 'TempFileFinder' object has no attribute 'get_file_age'
2025-03-02 00:10:24,244 - ERROR - Error getting file info for C:\Appz\Quantum\Bravo\virtu\lib\python3.10\site-packages\pip\_vendor\pyparsing\__pycache__\common.cpython-310.pyc: 'TempFileFinder' object has no attribute 'get_file_age'
2025-03-02 00:10:24,249 - ERROR - Error getting file info for C:\Appz\Quantum\Bravo\virtu\lib\python3.10\site-packages\pip\_vendor\pyparsing\__pycache__\core.cpython-310.pyc: 'TempFileFinder' object has no attribute 'get_file_age'
2025-03-02 00:10:24,249 - ERROR - Error getting file info for C:\Appz\Quantum\Bravo\virtu\lib\python3.10\site-packages\pip\_vendor\pyparsing\__pycache__\exceptions.cpython-310.pyc: 'TempFileFinder' object has no attribute 'get_file_age'
2025-03-02 00:10:24,249 - ERROR - Error getting file info for C:\Appz\Quantum\Bravo\virtu\lib\python3.10\site-packages\pip\_vendor\pyparsing\__pycache__\helpers.cpython-310.pyc: 'TempFileFinder' object has no attribute 'get_file_age'
2025-03-02 00:10:24,249 - ERROR - Error getting file info for C:\Appz\Quantum\Bravo\virtu\lib\python3.10\site-packages\pip\_vendor\pyparsing\__pycache__\results.cpython-310.pyc: 'TempFileFinder' object has no attribute 'get_file_age'
2025-03-02 00:10:24,249 - ERROR - Error getting file info for C:\Appz\Quantum\Bravo\virtu\lib\python3.10\site-packages\pip\_vendor\pyparsing\__pycache__\testing.cpython-310.pyc: 'TempFileFinder' object has no attribute 'get_file_age'
2025-03-02 00:10:24,267 - ERROR - Error getting file info for C:\Appz\Quantum\Bravo\virtu\lib\python3.10\site-packages\pip\_vendor\pyparsing\__pycache__\unicode.cpython-310.pyc: 'TempFileFinder' object has no attribute 'get_file_age'
2025-03-02 00:10:24,269 - ERROR - Error getting file info for C:\Appz\Quantum\Bravo\virtu\lib\python3.10\site-packages\pip\_vendor\pyparsing\__pycache__\util.cpython-310.pyc: 'TempFileFinder' object has no attribute 'get_file_age'
2025-03-02 00:10:24,271 - ERROR - Error getting file info for C:\Appz\Quantum\Bravo\virtu\lib\python3.10\site-packages\pip\_vendor\pyparsing\__pycache__\__init__.cpython-310.pyc: 'TempFileFinder' object has no attribute 'get_file_age'
2025-03-02 00:10:24,407 - ERROR - Error getting file info for C:\Appz\Quantum\Bravo\virtu\lib\python3.10\site-packages\pip\_vendor\requests\__pycache__\adapters.cpython-310.pyc: 'TempFileFinder' object has no attribute 'get_file_age'
2025-03-02 00:10:24,410 - ERROR - Error getting file info for C:\Appz\Quantum\Bravo\virtu\lib\python3.10\site-packages\pip\_vendor\requests\__pycache__\api.cpython-310.pyc: 'TempFileFinder' object has no attribute 'get_file_age'
2025-03-02 00:10:24,413 - ERROR - Error getting file info for C:\Appz\Quantum\Bravo\virtu\lib\python3.10\site-packages\pip\_vendor\requests\__pycache__\auth.cpython-310.pyc: 'TempFileFinder' object has no attribute 'get_file_age'
2025-03-02 00:10:24,416 - ERROR - Error getting file info for C:\Appz\Quantum\Bravo\virtu\lib\python3.10\site-packages\pip\_vendor\requests\__pycache__\certs.cpython-310.pyc: 'TempFileFinder' object has no attribute 'get_file_age'
2025-03-02 00:10:24,417 - ERROR - Error getting file info for C:\Appz\Quantum\Bravo\virtu\lib\python3.10\site-packages\pip\_vendor\requests\__pycache__\compat.cpython-310.pyc: 'TempFileFinder' object has no attribute 'get_file_age'
2025-03-02 00:10:24,429 - ERROR - Error getting file info for C:\Appz\Quantum\Bravo\virtu\lib\python3.10\site-packages\pip\_vendor\requests\__pycache__\cookies.cpython-310.pyc: 'TempFileFinder' object has no attribute 'get_file_age'
2025-03-02 00:10:24,433 - ERROR - Error getting file info for C:\Appz\Quantum\Bravo\virtu\lib\python3.10\site-packages\pip\_vendor\requests\__pycache__\exceptions.cpython-310.pyc: 'TempFileFinder' object has no attribute 'get_file_age'
2025-03-02 00:10:24,435 - ERROR - Error getting file info for C:\Appz\Quantum\Bravo\virtu\lib\python3.10\site-packages\pip\_vendor\requests\__pycache__\help.cpython-310.pyc: 'TempFileFinder' object has no attribute 'get_file_age'
2025-03-02 00:10:24,437 - ERROR - Error getting file info for C:\Appz\Quantum\Bravo\virtu\lib\python3.10\site-packages\pip\_vendor\requests\__pycache__\hooks.cpython-310.pyc: 'TempFileFinder' object has no attribute 'get_file_age'
2025-03-02 00:10:24,439 - ERROR - Error getting file info for C:\Appz\Quantum\Bravo\virtu\lib\python3.10\site-packages\pip\_vendor\requests\__pycache__\models.cpython-310.pyc: 'TempFileFinder' object has no attribute 'get_file_age'
2025-03-02 00:10:24,441 - ERROR - Error getting file info for C:\Appz\Quantum\Bravo\virtu\lib\python3.10\site-packages\pip\_vendor\requests\__pycache__\packages.cpython-310.pyc: 'TempFileFinder' object has no attribute 'get_file_age'
2025-03-02 00:10:24,443 - ERROR - Error getting file info for C:\Appz\Quantum\Bravo\virtu\lib\python3.10\site-packages\pip\_vendor\requests\__pycache__\sessions.cpython-310.pyc: 'TempFileFinder' object has no attribute 'get_file_age'
2025-03-02 00:10:24,473 - ERROR - Error getting file info for C:\Appz\Quantum\Bravo\virtu\lib\python3.10\site-packages\pip\_vendor\requests\__pycache__\status_codes.cpython-310.pyc: 'TempFileFinder' object has no attribute 'get_file_age'
2025-03-02 00:10:24,476 - ERROR - Error getting file info for C:\Appz\Quantum\Bravo\virtu\lib\python3.10\site-packages\pip\_vendor\requests\__pycache__\structures.cpython-310.pyc: 'TempFileFinder' object has no attribute 'get_file_age'
2025-03-02 00:10:24,478 - ERROR - Error getting file info for C:\Appz\Quantum\Bravo\virtu\lib\python3.10\site-packages\pip\_vendor\requests\__pycache__\utils.cpython-310.pyc: 'TempFileFinder' object has no attribute 'get_file_age'
2025-03-02 00:10:24,480 - ERROR - Error getting file info for C:\Appz\Quantum\Bravo\virtu\lib\python3.10\site-packages\pip\_vendor\requests\__pycache__\_internal_utils.cpython-310.pyc: 'TempFileFinder' object has no attribute 'get_file_age'
2025-03-02 00:10:24,484 - ERROR - Error getting file info for C:\Appz\Quantum\Bravo\virtu\lib\python3.10\site-packages\pip\_vendor\requests\__pycache__\__init__.cpython-310.pyc: 'TempFileFinder' object has no attribute 'get_file_age'
2025-03-02 00:10:24,486 - ERROR - Error getting file info for C:\Appz\Quantum\Bravo\virtu\lib\python3.10\site-packages\pip\_vendor\requests\__pycache__\__version__.cpython-310.pyc: 'TempFileFinder' object has no attribute 'get_file_age'
2025-03-02 00:10:24,661 - ERROR - Error getting file info for C:\Appz\Quantum\Bravo\virtu\lib\python3.10\site-packages\pip\_vendor\resolvelib\compat\__pycache__\collections_abc.cpython-310.pyc: 'TempFileFinder' object has no attribute 'get_file_age'
2025-03-02 00:10:24,663 - ERROR - Error getting file info for C:\Appz\Quantum\Bravo\virtu\lib\python3.10\site-packages\pip\_vendor\resolvelib\compat\__pycache__\__init__.cpython-310.pyc: 'TempFileFinder' object has no attribute 'get_file_age'
2025-03-02 00:10:24,706 - ERROR - Error getting file info for C:\Appz\Quantum\Bravo\virtu\lib\python3.10\site-packages\pip\_vendor\resolvelib\__pycache__\providers.cpython-310.pyc: 'TempFileFinder' object has no attribute 'get_file_age'
2025-03-02 00:10:24,709 - ERROR - Error getting file info for C:\Appz\Quantum\Bravo\virtu\lib\python3.10\site-packages\pip\_vendor\resolvelib\__pycache__\reporters.cpython-310.pyc: 'TempFileFinder' object has no attribute 'get_file_age'
2025-03-02 00:10:24,710 - ERROR - Error getting file info for C:\Appz\Quantum\Bravo\virtu\lib\python3.10\site-packages\pip\_vendor\resolvelib\__pycache__\resolvers.cpython-310.pyc: 'TempFileFinder' object has no attribute 'get_file_age'
2025-03-02 00:10:24,712 - ERROR - Error getting file info for C:\Appz\Quantum\Bravo\virtu\lib\python3.10\site-packages\pip\_vendor\resolvelib\__pycache__\structs.cpython-310.pyc: 'TempFileFinder' object has no attribute 'get_file_age'
2025-03-02 00:10:24,713 - ERROR - Error getting file info for C:\Appz\Quantum\Bravo\virtu\lib\python3.10\site-packages\pip\_vendor\resolvelib\__pycache__\__init__.cpython-310.pyc: 'TempFileFinder' object has no attribute 'get_file_age'
2025-03-02 00:10:24,875 - ERROR - Error getting file info for C:\Appz\Quantum\Bravo\virtu\lib\python3.10\site-packages\pip\_vendor\rich\__pycache__\abc.cpython-310.pyc: 'TempFileFinder' object has no attribute 'get_file_age'
2025-03-02 00:10:24,876 - ERROR - Error getting file info for C:\Appz\Quantum\Bravo\virtu\lib\python3.10\site-packages\pip\_vendor\rich\__pycache__\align.cpython-310.pyc: 'TempFileFinder' object has no attribute 'get_file_age'
2025-03-02 00:10:24,878 - ERROR - Error getting file info for C:\Appz\Quantum\Bravo\virtu\lib\python3.10\site-packages\pip\_vendor\rich\__pycache__\ansi.cpython-310.pyc: 'TempFileFinder' object has no attribute 'get_file_age'
2025-03-02 00:10:24,880 - ERROR - Error getting file info for C:\Appz\Quantum\Bravo\virtu\lib\python3.10\site-packages\pip\_vendor\rich\__pycache__\bar.cpython-310.pyc: 'TempFileFinder' object has no attribute 'get_file_age'
2025-03-02 00:10:24,883 - ERROR - Error getting file info for C:\Appz\Quantum\Bravo\virtu\lib\python3.10\site-packages\pip\_vendor\rich\__pycache__\box.cpython-310.pyc: 'TempFileFinder' object has no attribute 'get_file_age'
2025-03-02 00:10:24,884 - ERROR - Error getting file info for C:\Appz\Quantum\Bravo\virtu\lib\python3.10\site-packages\pip\_vendor\rich\__pycache__\cells.cpython-310.pyc: 'TempFileFinder' object has no attribute 'get_file_age'
2025-03-02 00:10:24,886 - ERROR - Error getting file info for C:\Appz\Quantum\Bravo\virtu\lib\python3.10\site-packages\pip\_vendor\rich\__pycache__\color.cpython-310.pyc: 'TempFileFinder' object has no attribute 'get_file_age'
2025-03-02 00:10:24,888 - ERROR - Error getting file info for C:\Appz\Quantum\Bravo\virtu\lib\python3.10\site-packages\pip\_vendor\rich\__pycache__\color_triplet.cpython-310.pyc: 'TempFileFinder' object has no attribute 'get_file_age'
2025-03-02 00:10:24,889 - ERROR - Error getting file info for C:\Appz\Quantum\Bravo\virtu\lib\python3.10\site-packages\pip\_vendor\rich\__pycache__\columns.cpython-310.pyc: 'TempFileFinder' object has no attribute 'get_file_age'
2025-03-02 00:10:24,891 - ERROR - Error getting file info for C:\Appz\Quantum\Bravo\virtu\lib\python3.10\site-packages\pip\_vendor\rich\__pycache__\console.cpython-310.pyc: 'TempFileFinder' object has no attribute 'get_file_age'
2025-03-02 00:10:24,893 - ERROR - Error getting file info for C:\Appz\Quantum\Bravo\virtu\lib\python3.10\site-packages\pip\_vendor\rich\__pycache__\constrain.cpython-310.pyc: 'TempFileFinder' object has no attribute 'get_file_age'
2025-03-02 00:10:24,895 - ERROR - Error getting file info for C:\Appz\Quantum\Bravo\virtu\lib\python3.10\site-packages\pip\_vendor\rich\__pycache__\containers.cpython-310.pyc: 'TempFileFinder' object has no attribute 'get_file_age'
2025-03-02 00:10:24,896 - ERROR - Error getting file info for C:\Appz\Quantum\Bravo\virtu\lib\python3.10\site-packages\pip\_vendor\rich\__pycache__\control.cpython-310.pyc: 'TempFileFinder' object has no attribute 'get_file_age'
2025-03-02 00:10:24,897 - ERROR - Error getting file info for C:\Appz\Quantum\Bravo\virtu\lib\python3.10\site-packages\pip\_vendor\rich\__pycache__\default_styles.cpython-310.pyc: 'TempFileFinder' object has no attribute 'get_file_age'
2025-03-02 00:10:24,900 - ERROR - Error getting file info for C:\Appz\Quantum\Bravo\virtu\lib\python3.10\site-packages\pip\_vendor\rich\__pycache__\diagnose.cpython-310.pyc: 'TempFileFinder' object has no attribute 'get_file_age'
2025-03-02 00:10:24,901 - ERROR - Error getting file info for C:\Appz\Quantum\Bravo\virtu\lib\python3.10\site-packages\pip\_vendor\rich\__pycache__\emoji.cpython-310.pyc: 'TempFileFinder' object has no attribute 'get_file_age'
2025-03-02 00:10:24,903 - ERROR - Error getting file info for C:\Appz\Quantum\Bravo\virtu\lib\python3.10\site-packages\pip\_vendor\rich\__pycache__\errors.cpython-310.pyc: 'TempFileFinder' object has no attribute 'get_file_age'
2025-03-02 00:10:24,905 - ERROR - Error getting file info for C:\Appz\Quantum\Bravo\virtu\lib\python3.10\site-packages\pip\_vendor\rich\__pycache__\filesize.cpython-310.pyc: 'TempFileFinder' object has no attribute 'get_file_age'
2025-03-02 00:10:24,906 - ERROR - Error getting file info for C:\Appz\Quantum\Bravo\virtu\lib\python3.10\site-packages\pip\_vendor\rich\__pycache__\file_proxy.cpython-310.pyc: 'TempFileFinder' object has no attribute 'get_file_age'
2025-03-02 00:10:24,908 - ERROR - Error getting file info for C:\Appz\Quantum\Bravo\virtu\lib\python3.10\site-packages\pip\_vendor\rich\__pycache__\highlighter.cpython-310.pyc: 'TempFileFinder' object has no attribute 'get_file_age'
2025-03-02 00:10:24,909 - ERROR - Error getting file info for C:\Appz\Quantum\Bravo\virtu\lib\python3.10\site-packages\pip\_vendor\rich\__pycache__\json.cpython-310.pyc: 'TempFileFinder' object has no attribute 'get_file_age'
2025-03-02 00:10:24,910 - ERROR - Error getting file info for C:\Appz\Quantum\Bravo\virtu\lib\python3.10\site-packages\pip\_vendor\rich\__pycache__\jupyter.cpython-310.pyc: 'TempFileFinder' object has no attribute 'get_file_age'
2025-03-02 00:10:24,912 - ERROR - Error getting file info for C:\Appz\Quantum\Bravo\virtu\lib\python3.10\site-packages\pip\_vendor\rich\__pycache__\layout.cpython-310.pyc: 'TempFileFinder' object has no attribute 'get_file_age'
2025-03-02 00:10:24,915 - ERROR - Error getting file info for C:\Appz\Quantum\Bravo\virtu\lib\python3.10\site-packages\pip\_vendor\rich\__pycache__\live.cpython-310.pyc: 'TempFileFinder' object has no attribute 'get_file_age'
2025-03-02 00:10:24,916 - ERROR - Error getting file info for C:\Appz\Quantum\Bravo\virtu\lib\python3.10\site-packages\pip\_vendor\rich\__pycache__\live_render.cpython-310.pyc: 'TempFileFinder' object has no attribute 'get_file_age'
2025-03-02 00:10:24,919 - ERROR - Error getting file info for C:\Appz\Quantum\Bravo\virtu\lib\python3.10\site-packages\pip\_vendor\rich\__pycache__\logging.cpython-310.pyc: 'TempFileFinder' object has no attribute 'get_file_age'
2025-03-02 00:10:24,922 - ERROR - Error getting file info for C:\Appz\Quantum\Bravo\virtu\lib\python3.10\site-packages\pip\_vendor\rich\__pycache__\markup.cpython-310.pyc: 'TempFileFinder' object has no attribute 'get_file_age'
2025-03-02 00:10:24,923 - ERROR - Error getting file info for C:\Appz\Quantum\Bravo\virtu\lib\python3.10\site-packages\pip\_vendor\rich\__pycache__\measure.cpython-310.pyc: 'TempFileFinder' object has no attribute 'get_file_age'
2025-03-02 00:10:24,925 - ERROR - Error getting file info for C:\Appz\Quantum\Bravo\virtu\lib\python3.10\site-packages\pip\_vendor\rich\__pycache__\padding.cpython-310.pyc: 'TempFileFinder' object has no attribute 'get_file_age'
2025-03-02 00:10:24,926 - ERROR - Error getting file info for C:\Appz\Quantum\Bravo\virtu\lib\python3.10\site-packages\pip\_vendor\rich\__pycache__\pager.cpython-310.pyc: 'TempFileFinder' object has no attribute 'get_file_age'
2025-03-02 00:10:24,928 - ERROR - Error getting file info for C:\Appz\Quantum\Bravo\virtu\lib\python3.10\site-packages\pip\_vendor\rich\__pycache__\palette.cpython-310.pyc: 'TempFileFinder' object has no attribute 'get_file_age'
2025-03-02 00:10:24,930 - ERROR - Error getting file info for C:\Appz\Quantum\Bravo\virtu\lib\python3.10\site-packages\pip\_vendor\rich\__pycache__\panel.cpython-310.pyc: 'TempFileFinder' object has no attribute 'get_file_age'
2025-03-02 00:10:24,932 - ERROR - Error getting file info for C:\Appz\Quantum\Bravo\virtu\lib\python3.10\site-packages\pip\_vendor\rich\__pycache__\pretty.cpython-310.pyc: 'TempFileFinder' object has no attribute 'get_file_age'
2025-03-02 00:10:24,935 - ERROR - Error getting file info for C:\Appz\Quantum\Bravo\virtu\lib\python3.10\site-packages\pip\_vendor\rich\__pycache__\progress.cpython-310.pyc: 'TempFileFinder' object has no attribute 'get_file_age'
2025-03-02 00:10:24,937 - ERROR - Error getting file info for C:\Appz\Quantum\Bravo\virtu\lib\python3.10\site-packages\pip\_vendor\rich\__pycache__\progress_bar.cpython-310.pyc: 'TempFileFinder' object has no attribute 'get_file_age'
2025-03-02 00:10:24,940 - ERROR - Error getting file info for C:\Appz\Quantum\Bravo\virtu\lib\python3.10\site-packages\pip\_vendor\rich\__pycache__\prompt.cpython-310.pyc: 'TempFileFinder' object has no attribute 'get_file_age'
2025-03-02 00:10:24,943 - ERROR - Error getting file info for C:\Appz\Quantum\Bravo\virtu\lib\python3.10\site-packages\pip\_vendor\rich\__pycache__\protocol.cpython-310.pyc: 'TempFileFinder' object has no attribute 'get_file_age'
2025-03-02 00:10:24,945 - ERROR - Error getting file info for C:\Appz\Quantum\Bravo\virtu\lib\python3.10\site-packages\pip\_vendor\rich\__pycache__\region.cpython-310.pyc: 'TempFileFinder' object has no attribute 'get_file_age'
2025-03-02 00:10:24,949 - ERROR - Error getting file info for C:\Appz\Quantum\Bravo\virtu\lib\python3.10\site-packages\pip\_vendor\rich\__pycache__\repr.cpython-310.pyc: 'TempFileFinder' object has no attribute 'get_file_age'
2025-03-02 00:10:24,952 - ERROR - Error getting file info for C:\Appz\Quantum\Bravo\virtu\lib\python3.10\site-packages\pip\_vendor\rich\__pycache__\rule.cpython-310.pyc: 'TempFileFinder' object has no attribute 'get_file_age'
2025-03-02 00:10:24,954 - ERROR - Error getting file info for C:\Appz\Quantum\Bravo\virtu\lib\python3.10\site-packages\pip\_vendor\rich\__pycache__\scope.cpython-310.pyc: 'TempFileFinder' object has no attribute 'get_file_age'
2025-03-02 00:10:24,956 - ERROR - Error getting file info for C:\Appz\Quantum\Bravo\virtu\lib\python3.10\site-packages\pip\_vendor\rich\__pycache__\screen.cpython-310.pyc: 'TempFileFinder' object has no attribute 'get_file_age'
2025-03-02 00:10:24,958 - ERROR - Error getting file info for C:\Appz\Quantum\Bravo\virtu\lib\python3.10\site-packages\pip\_vendor\rich\__pycache__\segment.cpython-310.pyc: 'TempFileFinder' object has no attribute 'get_file_age'
2025-03-02 00:10:24,959 - ERROR - Error getting file info for C:\Appz\Quantum\Bravo\virtu\lib\python3.10\site-packages\pip\_vendor\rich\__pycache__\spinner.cpython-310.pyc: 'TempFileFinder' object has no attribute 'get_file_age'
2025-03-02 00:10:24,961 - ERROR - Error getting file info for C:\Appz\Quantum\Bravo\virtu\lib\python3.10\site-packages\pip\_vendor\rich\__pycache__\status.cpython-310.pyc: 'TempFileFinder' object has no attribute 'get_file_age'
2025-03-02 00:10:24,962 - ERROR - Error getting file info for C:\Appz\Quantum\Bravo\virtu\lib\python3.10\site-packages\pip\_vendor\rich\__pycache__\style.cpython-310.pyc: 'TempFileFinder' object has no attribute 'get_file_age'
2025-03-02 00:10:24,964 - ERROR - Error getting file info for C:\Appz\Quantum\Bravo\virtu\lib\python3.10\site-packages\pip\_vendor\rich\__pycache__\styled.cpython-310.pyc: 'TempFileFinder' object has no attribute 'get_file_age'
2025-03-02 00:10:24,966 - ERROR - Error getting file info for C:\Appz\Quantum\Bravo\virtu\lib\python3.10\site-packages\pip\_vendor\rich\__pycache__\syntax.cpython-310.pyc: 'TempFileFinder' object has no attribute 'get_file_age'
2025-03-02 00:10:24,968 - ERROR - Error getting file info for C:\Appz\Quantum\Bravo\virtu\lib\python3.10\site-packages\pip\_vendor\rich\__pycache__\table.cpython-310.pyc: 'TempFileFinder' object has no attribute 'get_file_age'
2025-03-02 00:10:24,970 - ERROR - Error getting file info for C:\Appz\Quantum\Bravo\virtu\lib\python3.10\site-packages\pip\_vendor\rich\__pycache__\tabulate.cpython-310.pyc: 'TempFileFinder' object has no attribute 'get_file_age'
2025-03-02 00:10:24,972 - ERROR - Error getting file info for C:\Appz\Quantum\Bravo\virtu\lib\python3.10\site-packages\pip\_vendor\rich\__pycache__\terminal_theme.cpython-310.pyc: 'TempFileFinder' object has no attribute 'get_file_age'
2025-03-02 00:10:24,975 - ERROR - Error getting file info for C:\Appz\Quantum\Bravo\virtu\lib\python3.10\site-packages\pip\_vendor\rich\__pycache__\text.cpython-310.pyc: 'TempFileFinder' object has no attribute 'get_file_age'
2025-03-02 00:10:24,975 - ERROR - Error getting file info for C:\Appz\Quantum\Bravo\virtu\lib\python3.10\site-packages\pip\_vendor\rich\__pycache__\theme.cpython-310.pyc: 'TempFileFinder' object has no attribute 'get_file_age'
2025-03-02 00:10:24,975 - ERROR - Error getting file info for C:\Appz\Quantum\Bravo\virtu\lib\python3.10\site-packages\pip\_vendor\rich\__pycache__\themes.cpython-310.pyc: 'TempFileFinder' object has no attribute 'get_file_age'
2025-03-02 00:10:24,984 - ERROR - Error getting file info for C:\Appz\Quantum\Bravo\virtu\lib\python3.10\site-packages\pip\_vendor\rich\__pycache__\traceback.cpython-310.pyc: 'TempFileFinder' object has no attribute 'get_file_age'
2025-03-02 00:10:24,986 - ERROR - Error getting file info for C:\Appz\Quantum\Bravo\virtu\lib\python3.10\site-packages\pip\_vendor\rich\__pycache__\tree.cpython-310.pyc: 'TempFileFinder' object has no attribute 'get_file_age'
2025-03-02 00:10:24,990 - ERROR - Error getting file info for C:\Appz\Quantum\Bravo\virtu\lib\python3.10\site-packages\pip\_vendor\rich\__pycache__\_cell_widths.cpython-310.pyc: 'TempFileFinder' object has no attribute 'get_file_age'
2025-03-02 00:10:24,992 - ERROR - Error getting file info for C:\Appz\Quantum\Bravo\virtu\lib\python3.10\site-packages\pip\_vendor\rich\__pycache__\_emoji_codes.cpython-310.pyc: 'TempFileFinder' object has no attribute 'get_file_age'
2025-03-02 00:10:24,995 - ERROR - Error getting file info for C:\Appz\Quantum\Bravo\virtu\lib\python3.10\site-packages\pip\_vendor\rich\__pycache__\_emoji_replace.cpython-310.pyc: 'TempFileFinder' object has no attribute 'get_file_age'
2025-03-02 00:10:24,998 - ERROR - Error getting file info for C:\Appz\Quantum\Bravo\virtu\lib\python3.10\site-packages\pip\_vendor\rich\__pycache__\_extension.cpython-310.pyc: 'TempFileFinder' object has no attribute 'get_file_age'
2025-03-02 00:10:25,000 - ERROR - Error getting file info for C:\Appz\Quantum\Bravo\virtu\lib\python3.10\site-packages\pip\_vendor\rich\__pycache__\_inspect.cpython-310.pyc: 'TempFileFinder' object has no attribute 'get_file_age'
2025-03-02 00:10:25,002 - ERROR - Error getting file info for C:\Appz\Quantum\Bravo\virtu\lib\python3.10\site-packages\pip\_vendor\rich\__pycache__\_log_render.cpython-310.pyc: 'TempFileFinder' object has no attribute 'get_file_age'
2025-03-02 00:10:25,005 - ERROR - Error getting file info for C:\Appz\Quantum\Bravo\virtu\lib\python3.10\site-packages\pip\_vendor\rich\__pycache__\_loop.cpython-310.pyc: 'TempFileFinder' object has no attribute 'get_file_age'
2025-03-02 00:10:25,007 - ERROR - Error getting file info for C:\Appz\Quantum\Bravo\virtu\lib\python3.10\site-packages\pip\_vendor\rich\__pycache__\_lru_cache.cpython-310.pyc: 'TempFileFinder' object has no attribute 'get_file_age'
2025-03-02 00:10:25,009 - ERROR - Error getting file info for C:\Appz\Quantum\Bravo\virtu\lib\python3.10\site-packages\pip\_vendor\rich\__pycache__\_palettes.cpython-310.pyc: 'TempFileFinder' object has no attribute 'get_file_age'
2025-03-02 00:10:25,010 - ERROR - Error getting file info for C:\Appz\Quantum\Bravo\virtu\lib\python3.10\site-packages\pip\_vendor\rich\__pycache__\_pick.cpython-310.pyc: 'TempFileFinder' object has no attribute 'get_file_age'
2025-03-02 00:10:25,012 - ERROR - Error getting file info for C:\Appz\Quantum\Bravo\virtu\lib\python3.10\site-packages\pip\_vendor\rich\__pycache__\_ratio.cpython-310.pyc: 'TempFileFinder' object has no attribute 'get_file_age'
2025-03-02 00:10:25,014 - ERROR - Error getting file info for C:\Appz\Quantum\Bravo\virtu\lib\python3.10\site-packages\pip\_vendor\rich\__pycache__\_spinners.cpython-310.pyc: 'TempFileFinder' object has no attribute 'get_file_age'
2025-03-02 00:10:25,016 - ERROR - Error getting file info for C:\Appz\Quantum\Bravo\virtu\lib\python3.10\site-packages\pip\_vendor\rich\__pycache__\_stack.cpython-310.pyc: 'TempFileFinder' object has no attribute 'get_file_age'
2025-03-02 00:10:25,019 - ERROR - Error getting file info for C:\Appz\Quantum\Bravo\virtu\lib\python3.10\site-packages\pip\_vendor\rich\__pycache__\_timer.cpython-310.pyc: 'TempFileFinder' object has no attribute 'get_file_age'
2025-03-02 00:10:25,021 - ERROR - Error getting file info for C:\Appz\Quantum\Bravo\virtu\lib\python3.10\site-packages\pip\_vendor\rich\__pycache__\_windows.cpython-310.pyc: 'TempFileFinder' object has no attribute 'get_file_age'
2025-03-02 00:10:25,023 - ERROR - Error getting file info for C:\Appz\Quantum\Bravo\virtu\lib\python3.10\site-packages\pip\_vendor\rich\__pycache__\_wrap.cpython-310.pyc: 'TempFileFinder' object has no attribute 'get_file_age'
2025-03-02 00:10:25,026 - ERROR - Error getting file info for C:\Appz\Quantum\Bravo\virtu\lib\python3.10\site-packages\pip\_vendor\rich\__pycache__\__init__.cpython-310.pyc: 'TempFileFinder' object has no attribute 'get_file_age'
2025-03-02 00:10:25,028 - ERROR - Error getting file info for C:\Appz\Quantum\Bravo\virtu\lib\python3.10\site-packages\pip\_vendor\rich\__pycache__\__main__.cpython-310.pyc: 'TempFileFinder' object has no attribute 'get_file_age'
2025-03-02 00:10:25,181 - ERROR - Error getting file info for C:\Appz\Quantum\Bravo\virtu\lib\python3.10\site-packages\pip\_vendor\tenacity\__pycache__\after.cpython-310.pyc: 'TempFileFinder' object has no attribute 'get_file_age'
2025-03-02 00:10:25,185 - ERROR - Error getting file info for C:\Appz\Quantum\Bravo\virtu\lib\python3.10\site-packages\pip\_vendor\tenacity\__pycache__\before.cpython-310.pyc: 'TempFileFinder' object has no attribute 'get_file_age'
2025-03-02 00:10:25,186 - ERROR - Error getting file info for C:\Appz\Quantum\Bravo\virtu\lib\python3.10\site-packages\pip\_vendor\tenacity\__pycache__\before_sleep.cpython-310.pyc: 'TempFileFinder' object has no attribute 'get_file_age'
2025-03-02 00:10:25,188 - ERROR - Error getting file info for C:\Appz\Quantum\Bravo\virtu\lib\python3.10\site-packages\pip\_vendor\tenacity\__pycache__\nap.cpython-310.pyc: 'TempFileFinder' object has no attribute 'get_file_age'
2025-03-02 00:10:25,190 - ERROR - Error getting file info for C:\Appz\Quantum\Bravo\virtu\lib\python3.10\site-packages\pip\_vendor\tenacity\__pycache__\retry.cpython-310.pyc: 'TempFileFinder' object has no attribute 'get_file_age'
2025-03-02 00:10:25,191 - ERROR - Error getting file info for C:\Appz\Quantum\Bravo\virtu\lib\python3.10\site-packages\pip\_vendor\tenacity\__pycache__\stop.cpython-310.pyc: 'TempFileFinder' object has no attribute 'get_file_age'
2025-03-02 00:10:25,192 - ERROR - Error getting file info for C:\Appz\Quantum\Bravo\virtu\lib\python3.10\site-packages\pip\_vendor\tenacity\__pycache__\tornadoweb.cpython-310.pyc: 'TempFileFinder' object has no attribute 'get_file_age'
2025-03-02 00:10:25,194 - ERROR - Error getting file info for C:\Appz\Quantum\Bravo\virtu\lib\python3.10\site-packages\pip\_vendor\tenacity\__pycache__\wait.cpython-310.pyc: 'TempFileFinder' object has no attribute 'get_file_age'
2025-03-02 00:10:25,196 - ERROR - Error getting file info for C:\Appz\Quantum\Bravo\virtu\lib\python3.10\site-packages\pip\_vendor\tenacity\__pycache__\_asyncio.cpython-310.pyc: 'TempFileFinder' object has no attribute 'get_file_age'
2025-03-02 00:10:25,197 - ERROR - Error getting file info for C:\Appz\Quantum\Bravo\virtu\lib\python3.10\site-packages\pip\_vendor\tenacity\__pycache__\_utils.cpython-310.pyc: 'TempFileFinder' object has no attribute 'get_file_age'
2025-03-02 00:10:25,199 - ERROR - Error getting file info for C:\Appz\Quantum\Bravo\virtu\lib\python3.10\site-packages\pip\_vendor\tenacity\__pycache__\__init__.cpython-310.pyc: 'TempFileFinder' object has no attribute 'get_file_age'
2025-03-02 00:10:25,295 - ERROR - Error getting file info for C:\Appz\Quantum\Bravo\virtu\lib\python3.10\site-packages\pip\_vendor\tomli\__pycache__\_parser.cpython-310.pyc: 'TempFileFinder' object has no attribute 'get_file_age'
2025-03-02 00:10:25,297 - ERROR - Error getting file info for C:\Appz\Quantum\Bravo\virtu\lib\python3.10\site-packages\pip\_vendor\tomli\__pycache__\_re.cpython-310.pyc: 'TempFileFinder' object has no attribute 'get_file_age'
2025-03-02 00:10:25,298 - ERROR - Error getting file info for C:\Appz\Quantum\Bravo\virtu\lib\python3.10\site-packages\pip\_vendor\tomli\__pycache__\__init__.cpython-310.pyc: 'TempFileFinder' object has no attribute 'get_file_age'
2025-03-02 00:10:25,524 - ERROR - Error getting file info for C:\Appz\Quantum\Bravo\virtu\lib\python3.10\site-packages\pip\_vendor\urllib3\contrib\_securetransport\__pycache__\bindings.cpython-310.pyc: 'TempFileFinder' object has no attribute 'get_file_age'
2025-03-02 00:10:25,528 - ERROR - Error getting file info for C:\Appz\Quantum\Bravo\virtu\lib\python3.10\site-packages\pip\_vendor\urllib3\contrib\_securetransport\__pycache__\low_level.cpython-310.pyc: 'TempFileFinder' object has no attribute 'get_file_age'
2025-03-02 00:10:25,531 - ERROR - Error getting file info for C:\Appz\Quantum\Bravo\virtu\lib\python3.10\site-packages\pip\_vendor\urllib3\contrib\_securetransport\__pycache__\__init__.cpython-310.pyc: 'TempFileFinder' object has no attribute 'get_file_age'
2025-03-02 00:10:25,591 - ERROR - Error getting file info for C:\Appz\Quantum\Bravo\virtu\lib\python3.10\site-packages\pip\_vendor\urllib3\contrib\__pycache__\appengine.cpython-310.pyc: 'TempFileFinder' object has no attribute 'get_file_age'
2025-03-02 00:10:25,594 - ERROR - Error getting file info for C:\Appz\Quantum\Bravo\virtu\lib\python3.10\site-packages\pip\_vendor\urllib3\contrib\__pycache__\ntlmpool.cpython-310.pyc: 'TempFileFinder' object has no attribute 'get_file_age'
2025-03-02 00:10:25,596 - ERROR - Error getting file info for C:\Appz\Quantum\Bravo\virtu\lib\python3.10\site-packages\pip\_vendor\urllib3\contrib\__pycache__\pyopenssl.cpython-310.pyc: 'TempFileFinder' object has no attribute 'get_file_age'
2025-03-02 00:10:25,601 - ERROR - Error getting file info for C:\Appz\Quantum\Bravo\virtu\lib\python3.10\site-packages\pip\_vendor\urllib3\contrib\__pycache__\securetransport.cpython-310.pyc: 'TempFileFinder' object has no attribute 'get_file_age'
2025-03-02 00:10:25,603 - ERROR - Error getting file info for C:\Appz\Quantum\Bravo\virtu\lib\python3.10\site-packages\pip\_vendor\urllib3\contrib\__pycache__\socks.cpython-310.pyc: 'TempFileFinder' object has no attribute 'get_file_age'
2025-03-02 00:10:25,605 - ERROR - Error getting file info for C:\Appz\Quantum\Bravo\virtu\lib\python3.10\site-packages\pip\_vendor\urllib3\contrib\__pycache__\_appengine_environ.cpython-310.pyc: 'TempFileFinder' object has no attribute 'get_file_age'
2025-03-02 00:10:25,607 - ERROR - Error getting file info for C:\Appz\Quantum\Bravo\virtu\lib\python3.10\site-packages\pip\_vendor\urllib3\contrib\__pycache__\__init__.cpython-310.pyc: 'TempFileFinder' object has no attribute 'get_file_age'
2025-03-02 00:10:25,752 - ERROR - Error getting file info for C:\Appz\Quantum\Bravo\virtu\lib\python3.10\site-packages\pip\_vendor\urllib3\packages\backports\__pycache__\makefile.cpython-310.pyc: 'TempFileFinder' object has no attribute 'get_file_age'
2025-03-02 00:10:25,755 - ERROR - Error getting file info for C:\Appz\Quantum\Bravo\virtu\lib\python3.10\site-packages\pip\_vendor\urllib3\packages\backports\__pycache__\__init__.cpython-310.pyc: 'TempFileFinder' object has no attribute 'get_file_age'
2025-03-02 00:10:25,795 - ERROR - Error getting file info for C:\Appz\Quantum\Bravo\virtu\lib\python3.10\site-packages\pip\_vendor\urllib3\packages\__pycache__\six.cpython-310.pyc: 'TempFileFinder' object has no attribute 'get_file_age'
2025-03-02 00:10:25,796 - ERROR - Error getting file info for C:\Appz\Quantum\Bravo\virtu\lib\python3.10\site-packages\pip\_vendor\urllib3\packages\__pycache__\__init__.cpython-310.pyc: 'TempFileFinder' object has no attribute 'get_file_age'
2025-03-02 00:10:25,892 - ERROR - Error getting file info for C:\Appz\Quantum\Bravo\virtu\lib\python3.10\site-packages\pip\_vendor\urllib3\util\__pycache__\connection.cpython-310.pyc: 'TempFileFinder' object has no attribute 'get_file_age'
2025-03-02 00:10:25,894 - ERROR - Error getting file info for C:\Appz\Quantum\Bravo\virtu\lib\python3.10\site-packages\pip\_vendor\urllib3\util\__pycache__\proxy.cpython-310.pyc: 'TempFileFinder' object has no attribute 'get_file_age'
2025-03-02 00:10:25,895 - ERROR - Error getting file info for C:\Appz\Quantum\Bravo\virtu\lib\python3.10\site-packages\pip\_vendor\urllib3\util\__pycache__\queue.cpython-310.pyc: 'TempFileFinder' object has no attribute 'get_file_age'
2025-03-02 00:10:25,896 - ERROR - Error getting file info for C:\Appz\Quantum\Bravo\virtu\lib\python3.10\site-packages\pip\_vendor\urllib3\util\__pycache__\request.cpython-310.pyc: 'TempFileFinder' object has no attribute 'get_file_age'
2025-03-02 00:10:25,900 - ERROR - Error getting file info for C:\Appz\Quantum\Bravo\virtu\lib\python3.10\site-packages\pip\_vendor\urllib3\util\__pycache__\response.cpython-310.pyc: 'TempFileFinder' object has no attribute 'get_file_age'
2025-03-02 00:10:25,902 - ERROR - Error getting file info for C:\Appz\Quantum\Bravo\virtu\lib\python3.10\site-packages\pip\_vendor\urllib3\util\__pycache__\retry.cpython-310.pyc: 'TempFileFinder' object has no attribute 'get_file_age'
2025-03-02 00:10:25,905 - ERROR - Error getting file info for C:\Appz\Quantum\Bravo\virtu\lib\python3.10\site-packages\pip\_vendor\urllib3\util\__pycache__\ssltransport.cpython-310.pyc: 'TempFileFinder' object has no attribute 'get_file_age'
2025-03-02 00:10:25,907 - ERROR - Error getting file info for C:\Appz\Quantum\Bravo\virtu\lib\python3.10\site-packages\pip\_vendor\urllib3\util\__pycache__\ssl_.cpython-310.pyc: 'TempFileFinder' object has no attribute 'get_file_age'
2025-03-02 00:10:25,908 - ERROR - Error getting file info for C:\Appz\Quantum\Bravo\virtu\lib\python3.10\site-packages\pip\_vendor\urllib3\util\__pycache__\ssl_match_hostname.cpython-310.pyc: 'TempFileFinder' object has no attribute 'get_file_age'
2025-03-02 00:10:25,910 - ERROR - Error getting file info for C:\Appz\Quantum\Bravo\virtu\lib\python3.10\site-packages\pip\_vendor\urllib3\util\__pycache__\timeout.cpython-310.pyc: 'TempFileFinder' object has no attribute 'get_file_age'
2025-03-02 00:10:25,911 - ERROR - Error getting file info for C:\Appz\Quantum\Bravo\virtu\lib\python3.10\site-packages\pip\_vendor\urllib3\util\__pycache__\url.cpython-310.pyc: 'TempFileFinder' object has no attribute 'get_file_age'
2025-03-02 00:10:25,911 - ERROR - Error getting file info for C:\Appz\Quantum\Bravo\virtu\lib\python3.10\site-packages\pip\_vendor\urllib3\util\__pycache__\wait.cpython-310.pyc: 'TempFileFinder' object has no attribute 'get_file_age'
2025-03-02 00:10:25,917 - ERROR - Error getting file info for C:\Appz\Quantum\Bravo\virtu\lib\python3.10\site-packages\pip\_vendor\urllib3\util\__pycache__\__init__.cpython-310.pyc: 'TempFileFinder' object has no attribute 'get_file_age'
2025-03-02 00:10:25,970 - ERROR - Error getting file info for C:\Appz\Quantum\Bravo\virtu\lib\python3.10\site-packages\pip\_vendor\urllib3\__pycache__\connection.cpython-310.pyc: 'TempFileFinder' object has no attribute 'get_file_age'
2025-03-02 00:10:25,972 - ERROR - Error getting file info for C:\Appz\Quantum\Bravo\virtu\lib\python3.10\site-packages\pip\_vendor\urllib3\__pycache__\connectionpool.cpython-310.pyc: 'TempFileFinder' object has no attribute 'get_file_age'
2025-03-02 00:10:25,974 - ERROR - Error getting file info for C:\Appz\Quantum\Bravo\virtu\lib\python3.10\site-packages\pip\_vendor\urllib3\__pycache__\exceptions.cpython-310.pyc: 'TempFileFinder' object has no attribute 'get_file_age'
2025-03-02 00:10:25,977 - ERROR - Error getting file info for C:\Appz\Quantum\Bravo\virtu\lib\python3.10\site-packages\pip\_vendor\urllib3\__pycache__\fields.cpython-310.pyc: 'TempFileFinder' object has no attribute 'get_file_age'
2025-03-02 00:10:25,979 - ERROR - Error getting file info for C:\Appz\Quantum\Bravo\virtu\lib\python3.10\site-packages\pip\_vendor\urllib3\__pycache__\filepost.cpython-310.pyc: 'TempFileFinder' object has no attribute 'get_file_age'
2025-03-02 00:10:25,980 - ERROR - Error getting file info for C:\Appz\Quantum\Bravo\virtu\lib\python3.10\site-packages\pip\_vendor\urllib3\__pycache__\poolmanager.cpython-310.pyc: 'TempFileFinder' object has no attribute 'get_file_age'
2025-03-02 00:10:25,984 - ERROR - Error getting file info for C:\Appz\Quantum\Bravo\virtu\lib\python3.10\site-packages\pip\_vendor\urllib3\__pycache__\request.cpython-310.pyc: 'TempFileFinder' object has no attribute 'get_file_age'
2025-03-02 00:10:25,986 - ERROR - Error getting file info for C:\Appz\Quantum\Bravo\virtu\lib\python3.10\site-packages\pip\_vendor\urllib3\__pycache__\response.cpython-310.pyc: 'TempFileFinder' object has no attribute 'get_file_age'
2025-03-02 00:10:25,988 - ERROR - Error getting file info for C:\Appz\Quantum\Bravo\virtu\lib\python3.10\site-packages\pip\_vendor\urllib3\__pycache__\_collections.cpython-310.pyc: 'TempFileFinder' object has no attribute 'get_file_age'
2025-03-02 00:10:25,990 - ERROR - Error getting file info for C:\Appz\Quantum\Bravo\virtu\lib\python3.10\site-packages\pip\_vendor\urllib3\__pycache__\_version.cpython-310.pyc: 'TempFileFinder' object has no attribute 'get_file_age'
2025-03-02 00:10:25,991 - ERROR - Error getting file info for C:\Appz\Quantum\Bravo\virtu\lib\python3.10\site-packages\pip\_vendor\urllib3\__pycache__\__init__.cpython-310.pyc: 'TempFileFinder' object has no attribute 'get_file_age'
2025-03-02 00:10:26,079 - ERROR - Error getting file info for C:\Appz\Quantum\Bravo\virtu\lib\python3.10\site-packages\pip\_vendor\webencodings\__pycache__\labels.cpython-310.pyc: 'TempFileFinder' object has no attribute 'get_file_age'
2025-03-02 00:10:26,084 - ERROR - Error getting file info for C:\Appz\Quantum\Bravo\virtu\lib\python3.10\site-packages\pip\_vendor\webencodings\__pycache__\mklabels.cpython-310.pyc: 'TempFileFinder' object has no attribute 'get_file_age'
2025-03-02 00:10:26,088 - ERROR - Error getting file info for C:\Appz\Quantum\Bravo\virtu\lib\python3.10\site-packages\pip\_vendor\webencodings\__pycache__\tests.cpython-310.pyc: 'TempFileFinder' object has no attribute 'get_file_age'
2025-03-02 00:10:26,090 - ERROR - Error getting file info for C:\Appz\Quantum\Bravo\virtu\lib\python3.10\site-packages\pip\_vendor\webencodings\__pycache__\x_user_defined.cpython-310.pyc: 'TempFileFinder' object has no attribute 'get_file_age'
2025-03-02 00:10:26,091 - ERROR - Error getting file info for C:\Appz\Quantum\Bravo\virtu\lib\python3.10\site-packages\pip\_vendor\webencodings\__pycache__\__init__.cpython-310.pyc: 'TempFileFinder' object has no attribute 'get_file_age'
2025-03-02 00:10:26,138 - ERROR - Error getting file info for C:\Appz\Quantum\Bravo\virtu\lib\python3.10\site-packages\pip\_vendor\__pycache__\distro.cpython-310.pyc: 'TempFileFinder' object has no attribute 'get_file_age'
2025-03-02 00:10:26,140 - ERROR - Error getting file info for C:\Appz\Quantum\Bravo\virtu\lib\python3.10\site-packages\pip\_vendor\__pycache__\six.cpython-310.pyc: 'TempFileFinder' object has no attribute 'get_file_age'
2025-03-02 00:10:26,141 - ERROR - Error getting file info for C:\Appz\Quantum\Bravo\virtu\lib\python3.10\site-packages\pip\_vendor\__pycache__\typing_extensions.cpython-310.pyc: 'TempFileFinder' object has no attribute 'get_file_age'
2025-03-02 00:10:26,143 - ERROR - Error getting file info for C:\Appz\Quantum\Bravo\virtu\lib\python3.10\site-packages\pip\_vendor\__pycache__\__init__.cpython-310.pyc: 'TempFileFinder' object has no attribute 'get_file_age'
2025-03-02 00:10:26,189 - ERROR - Error getting file info for C:\Appz\Quantum\Bravo\virtu\lib\python3.10\site-packages\pip\__pycache__\__init__.cpython-310.pyc: 'TempFileFinder' object has no attribute 'get_file_age'
2025-03-02 00:10:26,191 - ERROR - Error getting file info for C:\Appz\Quantum\Bravo\virtu\lib\python3.10\site-packages\pip\__pycache__\__main__.cpython-310.pyc: 'TempFileFinder' object has no attribute 'get_file_age'
2025-03-02 00:10:26,375 - ERROR - Error getting file info for C:\Appz\Quantum\Bravo\virtu\lib\python3.10\site-packages\pkg_resources\extern\__pycache__\__init__.cpython-310.pyc: 'TempFileFinder' object has no attribute 'get_file_age'
2025-03-02 00:10:26,512 - ERROR - Error getting file info for C:\Appz\Quantum\Bravo\virtu\lib\python3.10\site-packages\pkg_resources\tests\data\my-test-package-source\__pycache__\setup.cpython-310.pyc: 'TempFileFinder' object has no attribute 'get_file_age'
2025-03-02 00:10:26,664 - ERROR - Error getting file info for C:\Appz\Quantum\Bravo\virtu\lib\python3.10\site-packages\pkg_resources\_vendor\packaging\__pycache__\markers.cpython-310.pyc: 'TempFileFinder' object has no attribute 'get_file_age'
2025-03-02 00:10:26,668 - ERROR - Error getting file info for C:\Appz\Quantum\Bravo\virtu\lib\python3.10\site-packages\pkg_resources\_vendor\packaging\__pycache__\requirements.cpython-310.pyc: 'TempFileFinder' object has no attribute 'get_file_age'
2025-03-02 00:10:26,671 - ERROR - Error getting file info for C:\Appz\Quantum\Bravo\virtu\lib\python3.10\site-packages\pkg_resources\_vendor\packaging\__pycache__\specifiers.cpython-310.pyc: 'TempFileFinder' object has no attribute 'get_file_age'
2025-03-02 00:10:26,674 - ERROR - Error getting file info for C:\Appz\Quantum\Bravo\virtu\lib\python3.10\site-packages\pkg_resources\_vendor\packaging\__pycache__\tags.cpython-310.pyc: 'TempFileFinder' object has no attribute 'get_file_age'
2025-03-02 00:10:26,676 - ERROR - Error getting file info for C:\Appz\Quantum\Bravo\virtu\lib\python3.10\site-packages\pkg_resources\_vendor\packaging\__pycache__\utils.cpython-310.pyc: 'TempFileFinder' object has no attribute 'get_file_age'
2025-03-02 00:10:26,678 - ERROR - Error getting file info for C:\Appz\Quantum\Bravo\virtu\lib\python3.10\site-packages\pkg_resources\_vendor\packaging\__pycache__\version.cpython-310.pyc: 'TempFileFinder' object has no attribute 'get_file_age'
2025-03-02 00:10:26,682 - ERROR - Error getting file info for C:\Appz\Quantum\Bravo\virtu\lib\python3.10\site-packages\pkg_resources\_vendor\packaging\__pycache__\_manylinux.cpython-310.pyc: 'TempFileFinder' object has no attribute 'get_file_age'
2025-03-02 00:10:26,685 - ERROR - Error getting file info for C:\Appz\Quantum\Bravo\virtu\lib\python3.10\site-packages\pkg_resources\_vendor\packaging\__pycache__\_musllinux.cpython-310.pyc: 'TempFileFinder' object has no attribute 'get_file_age'
2025-03-02 00:10:26,688 - ERROR - Error getting file info for C:\Appz\Quantum\Bravo\virtu\lib\python3.10\site-packages\pkg_resources\_vendor\packaging\__pycache__\_structures.cpython-310.pyc: 'TempFileFinder' object has no attribute 'get_file_age'
2025-03-02 00:10:26,690 - ERROR - Error getting file info for C:\Appz\Quantum\Bravo\virtu\lib\python3.10\site-packages\pkg_resources\_vendor\packaging\__pycache__\__about__.cpython-310.pyc: 'TempFileFinder' object has no attribute 'get_file_age'
2025-03-02 00:10:26,692 - ERROR - Error getting file info for C:\Appz\Quantum\Bravo\virtu\lib\python3.10\site-packages\pkg_resources\_vendor\packaging\__pycache__\__init__.cpython-310.pyc: 'TempFileFinder' object has no attribute 'get_file_age'
2025-03-02 00:10:26,748 - ERROR - Error getting file info for C:\Appz\Quantum\Bravo\virtu\lib\python3.10\site-packages\pkg_resources\_vendor\__pycache__\appdirs.cpython-310.pyc: 'TempFileFinder' object has no attribute 'get_file_age'
2025-03-02 00:10:26,753 - ERROR - Error getting file info for C:\Appz\Quantum\Bravo\virtu\lib\python3.10\site-packages\pkg_resources\_vendor\__pycache__\pyparsing.cpython-310.pyc: 'TempFileFinder' object has no attribute 'get_file_age'
2025-03-02 00:10:26,755 - ERROR - Error getting file info for C:\Appz\Quantum\Bravo\virtu\lib\python3.10\site-packages\pkg_resources\_vendor\__pycache__\__init__.cpython-310.pyc: 'TempFileFinder' object has no attribute 'get_file_age'
2025-03-02 00:10:26,795 - ERROR - Error getting file info for C:\Appz\Quantum\Bravo\virtu\lib\python3.10\site-packages\pkg_resources\__pycache__\__init__.cpython-310.pyc: 'TempFileFinder' object has no attribute 'get_file_age'
2025-03-02 00:10:26,979 - ERROR - Error getting file info for C:\Appz\Quantum\Bravo\virtu\lib\python3.10\site-packages\setuptools\command\__pycache__\alias.cpython-310.pyc: 'TempFileFinder' object has no attribute 'get_file_age'
2025-03-02 00:10:26,985 - ERROR - Error getting file info for C:\Appz\Quantum\Bravo\virtu\lib\python3.10\site-packages\setuptools\command\__pycache__\bdist_egg.cpython-310.pyc: 'TempFileFinder' object has no attribute 'get_file_age'
2025-03-02 00:10:26,988 - ERROR - Error getting file info for C:\Appz\Quantum\Bravo\virtu\lib\python3.10\site-packages\setuptools\command\__pycache__\bdist_rpm.cpython-310.pyc: 'TempFileFinder' object has no attribute 'get_file_age'
2025-03-02 00:10:26,989 - ERROR - Error getting file info for C:\Appz\Quantum\Bravo\virtu\lib\python3.10\site-packages\setuptools\command\__pycache__\build_clib.cpython-310.pyc: 'TempFileFinder' object has no attribute 'get_file_age'
2025-03-02 00:10:26,992 - ERROR - Error getting file info for C:\Appz\Quantum\Bravo\virtu\lib\python3.10\site-packages\setuptools\command\__pycache__\build_ext.cpython-310.pyc: 'TempFileFinder' object has no attribute 'get_file_age'
2025-03-02 00:10:26,993 - ERROR - Error getting file info for C:\Appz\Quantum\Bravo\virtu\lib\python3.10\site-packages\setuptools\command\__pycache__\build_py.cpython-310.pyc: 'TempFileFinder' object has no attribute 'get_file_age'
2025-03-02 00:10:26,995 - ERROR - Error getting file info for C:\Appz\Quantum\Bravo\virtu\lib\python3.10\site-packages\setuptools\command\__pycache__\develop.cpython-310.pyc: 'TempFileFinder' object has no attribute 'get_file_age'
2025-03-02 00:10:26,996 - ERROR - Error getting file info for C:\Appz\Quantum\Bravo\virtu\lib\python3.10\site-packages\setuptools\command\__pycache__\dist_info.cpython-310.pyc: 'TempFileFinder' object has no attribute 'get_file_age'
2025-03-02 00:10:26,996 - ERROR - Error getting file info for C:\Appz\Quantum\Bravo\virtu\lib\python3.10\site-packages\setuptools\command\__pycache__\easy_install.cpython-310.pyc: 'TempFileFinder' object has no attribute 'get_file_age'
2025-03-02 00:10:27,001 - ERROR - Error getting file info for C:\Appz\Quantum\Bravo\virtu\lib\python3.10\site-packages\setuptools\command\__pycache__\egg_info.cpython-310.pyc: 'TempFileFinder' object has no attribute 'get_file_age'
2025-03-02 00:10:27,003 - ERROR - Error getting file info for C:\Appz\Quantum\Bravo\virtu\lib\python3.10\site-packages\setuptools\command\__pycache__\install.cpython-310.pyc: 'TempFileFinder' object has no attribute 'get_file_age'
2025-03-02 00:10:27,004 - ERROR - Error getting file info for C:\Appz\Quantum\Bravo\virtu\lib\python3.10\site-packages\setuptools\command\__pycache__\install_egg_info.cpython-310.pyc: 'TempFileFinder' object has no attribute 'get_file_age'
2025-03-02 00:10:27,007 - ERROR - Error getting file info for C:\Appz\Quantum\Bravo\virtu\lib\python3.10\site-packages\setuptools\command\__pycache__\install_lib.cpython-310.pyc: 'TempFileFinder' object has no attribute 'get_file_age'
2025-03-02 00:10:27,008 - ERROR - Error getting file info for C:\Appz\Quantum\Bravo\virtu\lib\python3.10\site-packages\setuptools\command\__pycache__\install_scripts.cpython-310.pyc: 'TempFileFinder' object has no attribute 'get_file_age'
2025-03-02 00:10:27,010 - ERROR - Error getting file info for C:\Appz\Quantum\Bravo\virtu\lib\python3.10\site-packages\setuptools\command\__pycache__\py36compat.cpython-310.pyc: 'TempFileFinder' object has no attribute 'get_file_age'
2025-03-02 00:10:27,011 - ERROR - Error getting file info for C:\Appz\Quantum\Bravo\virtu\lib\python3.10\site-packages\setuptools\command\__pycache__\register.cpython-310.pyc: 'TempFileFinder' object has no attribute 'get_file_age'
2025-03-02 00:10:27,013 - ERROR - Error getting file info for C:\Appz\Quantum\Bravo\virtu\lib\python3.10\site-packages\setuptools\command\__pycache__\rotate.cpython-310.pyc: 'TempFileFinder' object has no attribute 'get_file_age'
2025-03-02 00:10:27,013 - ERROR - Error getting file info for C:\Appz\Quantum\Bravo\virtu\lib\python3.10\site-packages\setuptools\command\__pycache__\saveopts.cpython-310.pyc: 'TempFileFinder' object has no attribute 'get_file_age'
2025-03-02 00:10:27,016 - ERROR - Error getting file info for C:\Appz\Quantum\Bravo\virtu\lib\python3.10\site-packages\setuptools\command\__pycache__\sdist.cpython-310.pyc: 'TempFileFinder' object has no attribute 'get_file_age'
2025-03-02 00:10:27,018 - ERROR - Error getting file info for C:\Appz\Quantum\Bravo\virtu\lib\python3.10\site-packages\setuptools\command\__pycache__\setopt.cpython-310.pyc: 'TempFileFinder' object has no attribute 'get_file_age'
2025-03-02 00:10:27,021 - ERROR - Error getting file info for C:\Appz\Quantum\Bravo\virtu\lib\python3.10\site-packages\setuptools\command\__pycache__\test.cpython-310.pyc: 'TempFileFinder' object has no attribute 'get_file_age'
2025-03-02 00:10:27,023 - ERROR - Error getting file info for C:\Appz\Quantum\Bravo\virtu\lib\python3.10\site-packages\setuptools\command\__pycache__\upload.cpython-310.pyc: 'TempFileFinder' object has no attribute 'get_file_age'
2025-03-02 00:10:27,024 - ERROR - Error getting file info for C:\Appz\Quantum\Bravo\virtu\lib\python3.10\site-packages\setuptools\command\__pycache__\upload_docs.cpython-310.pyc: 'TempFileFinder' object has no attribute 'get_file_age'
2025-03-02 00:10:27,025 - ERROR - Error getting file info for C:\Appz\Quantum\Bravo\virtu\lib\python3.10\site-packages\setuptools\command\__pycache__\__init__.cpython-310.pyc: 'TempFileFinder' object has no attribute 'get_file_age'
2025-03-02 00:10:27,107 - ERROR - Error getting file info for C:\Appz\Quantum\Bravo\virtu\lib\python3.10\site-packages\setuptools\extern\__pycache__\__init__.cpython-310.pyc: 'TempFileFinder' object has no attribute 'get_file_age'
2025-03-02 00:10:27,269 - ERROR - Error getting file info for C:\Appz\Quantum\Bravo\virtu\lib\python3.10\site-packages\setuptools\_distutils\command\__pycache__\bdist.cpython-310.pyc: 'TempFileFinder' object has no attribute 'get_file_age'
2025-03-02 00:10:27,271 - ERROR - Error getting file info for C:\Appz\Quantum\Bravo\virtu\lib\python3.10\site-packages\setuptools\_distutils\command\__pycache__\bdist_dumb.cpython-310.pyc: 'TempFileFinder' object has no attribute 'get_file_age'
2025-03-02 00:10:27,273 - ERROR - Error getting file info for C:\Appz\Quantum\Bravo\virtu\lib\python3.10\site-packages\setuptools\_distutils\command\__pycache__\bdist_msi.cpython-310.pyc: 'TempFileFinder' object has no attribute 'get_file_age'
2025-03-02 00:10:27,274 - ERROR - Error getting file info for C:\Appz\Quantum\Bravo\virtu\lib\python3.10\site-packages\setuptools\_distutils\command\__pycache__\bdist_rpm.cpython-310.pyc: 'TempFileFinder' object has no attribute 'get_file_age'
2025-03-02 00:10:27,276 - ERROR - Error getting file info for C:\Appz\Quantum\Bravo\virtu\lib\python3.10\site-packages\setuptools\_distutils\command\__pycache__\bdist_wininst.cpython-310.pyc: 'TempFileFinder' object has no attribute 'get_file_age'
2025-03-02 00:10:27,277 - ERROR - Error getting file info for C:\Appz\Quantum\Bravo\virtu\lib\python3.10\site-packages\setuptools\_distutils\command\__pycache__\build.cpython-310.pyc: 'TempFileFinder' object has no attribute 'get_file_age'
2025-03-02 00:10:27,279 - ERROR - Error getting file info for C:\Appz\Quantum\Bravo\virtu\lib\python3.10\site-packages\setuptools\_distutils\command\__pycache__\build_clib.cpython-310.pyc: 'TempFileFinder' object has no attribute 'get_file_age'
2025-03-02 00:10:27,280 - ERROR - Error getting file info for C:\Appz\Quantum\Bravo\virtu\lib\python3.10\site-packages\setuptools\_distutils\command\__pycache__\build_ext.cpython-310.pyc: 'TempFileFinder' object has no attribute 'get_file_age'
2025-03-02 00:10:27,282 - ERROR - Error getting file info for C:\Appz\Quantum\Bravo\virtu\lib\python3.10\site-packages\setuptools\_distutils\command\__pycache__\build_py.cpython-310.pyc: 'TempFileFinder' object has no attribute 'get_file_age'
2025-03-02 00:10:27,284 - ERROR - Error getting file info for C:\Appz\Quantum\Bravo\virtu\lib\python3.10\site-packages\setuptools\_distutils\command\__pycache__\build_scripts.cpython-310.pyc: 'TempFileFinder' object has no attribute 'get_file_age'
2025-03-02 00:10:27,285 - ERROR - Error getting file info for C:\Appz\Quantum\Bravo\virtu\lib\python3.10\site-packages\setuptools\_distutils\command\__pycache__\check.cpython-310.pyc: 'TempFileFinder' object has no attribute 'get_file_age'
2025-03-02 00:10:27,287 - ERROR - Error getting file info for C:\Appz\Quantum\Bravo\virtu\lib\python3.10\site-packages\setuptools\_distutils\command\__pycache__\clean.cpython-310.pyc: 'TempFileFinder' object has no attribute 'get_file_age'
2025-03-02 00:10:27,289 - ERROR - Error getting file info for C:\Appz\Quantum\Bravo\virtu\lib\python3.10\site-packages\setuptools\_distutils\command\__pycache__\config.cpython-310.pyc: 'TempFileFinder' object has no attribute 'get_file_age'
2025-03-02 00:10:27,290 - ERROR - Error getting file info for C:\Appz\Quantum\Bravo\virtu\lib\python3.10\site-packages\setuptools\_distutils\command\__pycache__\install.cpython-310.pyc: 'TempFileFinder' object has no attribute 'get_file_age'
2025-03-02 00:10:27,292 - ERROR - Error getting file info for C:\Appz\Quantum\Bravo\virtu\lib\python3.10\site-packages\setuptools\_distutils\command\__pycache__\install_data.cpython-310.pyc: 'TempFileFinder' object has no attribute 'get_file_age'
2025-03-02 00:10:27,294 - ERROR - Error getting file info for C:\Appz\Quantum\Bravo\virtu\lib\python3.10\site-packages\setuptools\_distutils\command\__pycache__\install_egg_info.cpython-310.pyc: 'TempFileFinder' object has no attribute 'get_file_age'
2025-03-02 00:10:27,296 - ERROR - Error getting file info for C:\Appz\Quantum\Bravo\virtu\lib\python3.10\site-packages\setuptools\_distutils\command\__pycache__\install_headers.cpython-310.pyc: 'TempFileFinder' object has no attribute 'get_file_age'
2025-03-02 00:10:27,298 - ERROR - Error getting file info for C:\Appz\Quantum\Bravo\virtu\lib\python3.10\site-packages\setuptools\_distutils\command\__pycache__\install_lib.cpython-310.pyc: 'TempFileFinder' object has no attribute 'get_file_age'
2025-03-02 00:10:27,300 - ERROR - Error getting file info for C:\Appz\Quantum\Bravo\virtu\lib\python3.10\site-packages\setuptools\_distutils\command\__pycache__\install_scripts.cpython-310.pyc: 'TempFileFinder' object has no attribute 'get_file_age'
2025-03-02 00:10:27,301 - ERROR - Error getting file info for C:\Appz\Quantum\Bravo\virtu\lib\python3.10\site-packages\setuptools\_distutils\command\__pycache__\py37compat.cpython-310.pyc: 'TempFileFinder' object has no attribute 'get_file_age'
2025-03-02 00:10:27,303 - ERROR - Error getting file info for C:\Appz\Quantum\Bravo\virtu\lib\python3.10\site-packages\setuptools\_distutils\command\__pycache__\register.cpython-310.pyc: 'TempFileFinder' object has no attribute 'get_file_age'
2025-03-02 00:10:27,305 - ERROR - Error getting file info for C:\Appz\Quantum\Bravo\virtu\lib\python3.10\site-packages\setuptools\_distutils\command\__pycache__\sdist.cpython-310.pyc: 'TempFileFinder' object has no attribute 'get_file_age'
2025-03-02 00:10:27,307 - ERROR - Error getting file info for C:\Appz\Quantum\Bravo\virtu\lib\python3.10\site-packages\setuptools\_distutils\command\__pycache__\upload.cpython-310.pyc: 'TempFileFinder' object has no attribute 'get_file_age'
2025-03-02 00:10:27,307 - ERROR - Error getting file info for C:\Appz\Quantum\Bravo\virtu\lib\python3.10\site-packages\setuptools\_distutils\command\__pycache__\__init__.cpython-310.pyc: 'TempFileFinder' object has no attribute 'get_file_age'
2025-03-02 00:10:27,388 - ERROR - Error getting file info for C:\Appz\Quantum\Bravo\virtu\lib\python3.10\site-packages\setuptools\_distutils\__pycache__\archive_util.cpython-310.pyc: 'TempFileFinder' object has no attribute 'get_file_age'
2025-03-02 00:10:27,390 - ERROR - Error getting file info for C:\Appz\Quantum\Bravo\virtu\lib\python3.10\site-packages\setuptools\_distutils\__pycache__\bcppcompiler.cpython-310.pyc: 'TempFileFinder' object has no attribute 'get_file_age'
2025-03-02 00:10:27,392 - ERROR - Error getting file info for C:\Appz\Quantum\Bravo\virtu\lib\python3.10\site-packages\setuptools\_distutils\__pycache__\ccompiler.cpython-310.pyc: 'TempFileFinder' object has no attribute 'get_file_age'
2025-03-02 00:10:27,395 - ERROR - Error getting file info for C:\Appz\Quantum\Bravo\virtu\lib\python3.10\site-packages\setuptools\_distutils\__pycache__\cmd.cpython-310.pyc: 'TempFileFinder' object has no attribute 'get_file_age'
2025-03-02 00:10:27,398 - ERROR - Error getting file info for C:\Appz\Quantum\Bravo\virtu\lib\python3.10\site-packages\setuptools\_distutils\__pycache__\config.cpython-310.pyc: 'TempFileFinder' object has no attribute 'get_file_age'
2025-03-02 00:10:27,401 - ERROR - Error getting file info for C:\Appz\Quantum\Bravo\virtu\lib\python3.10\site-packages\setuptools\_distutils\__pycache__\core.cpython-310.pyc: 'TempFileFinder' object has no attribute 'get_file_age'
2025-03-02 00:10:27,404 - ERROR - Error getting file info for C:\Appz\Quantum\Bravo\virtu\lib\python3.10\site-packages\setuptools\_distutils\__pycache__\cygwinccompiler.cpython-310.pyc: 'TempFileFinder' object has no attribute 'get_file_age'
2025-03-02 00:10:27,405 - ERROR - Error getting file info for C:\Appz\Quantum\Bravo\virtu\lib\python3.10\site-packages\setuptools\_distutils\__pycache__\debug.cpython-310.pyc: 'TempFileFinder' object has no attribute 'get_file_age'
2025-03-02 00:10:27,407 - ERROR - Error getting file info for C:\Appz\Quantum\Bravo\virtu\lib\python3.10\site-packages\setuptools\_distutils\__pycache__\dep_util.cpython-310.pyc: 'TempFileFinder' object has no attribute 'get_file_age'
2025-03-02 00:10:27,410 - ERROR - Error getting file info for C:\Appz\Quantum\Bravo\virtu\lib\python3.10\site-packages\setuptools\_distutils\__pycache__\dir_util.cpython-310.pyc: 'TempFileFinder' object has no attribute 'get_file_age'
2025-03-02 00:10:27,411 - ERROR - Error getting file info for C:\Appz\Quantum\Bravo\virtu\lib\python3.10\site-packages\setuptools\_distutils\__pycache__\dist.cpython-310.pyc: 'TempFileFinder' object has no attribute 'get_file_age'
2025-03-02 00:10:27,413 - ERROR - Error getting file info for C:\Appz\Quantum\Bravo\virtu\lib\python3.10\site-packages\setuptools\_distutils\__pycache__\errors.cpython-310.pyc: 'TempFileFinder' object has no attribute 'get_file_age'
2025-03-02 00:10:27,415 - ERROR - Error getting file info for C:\Appz\Quantum\Bravo\virtu\lib\python3.10\site-packages\setuptools\_distutils\__pycache__\extension.cpython-310.pyc: 'TempFileFinder' object has no attribute 'get_file_age'
2025-03-02 00:10:27,418 - ERROR - Error getting file info for C:\Appz\Quantum\Bravo\virtu\lib\python3.10\site-packages\setuptools\_distutils\__pycache__\fancy_getopt.cpython-310.pyc: 'TempFileFinder' object has no attribute 'get_file_age'
2025-03-02 00:10:27,420 - ERROR - Error getting file info for C:\Appz\Quantum\Bravo\virtu\lib\python3.10\site-packages\setuptools\_distutils\__pycache__\filelist.cpython-310.pyc: 'TempFileFinder' object has no attribute 'get_file_age'
2025-03-02 00:10:27,422 - ERROR - Error getting file info for C:\Appz\Quantum\Bravo\virtu\lib\python3.10\site-packages\setuptools\_distutils\__pycache__\file_util.cpython-310.pyc: 'TempFileFinder' object has no attribute 'get_file_age'
2025-03-02 00:10:27,425 - ERROR - Error getting file info for C:\Appz\Quantum\Bravo\virtu\lib\python3.10\site-packages\setuptools\_distutils\__pycache__\log.cpython-310.pyc: 'TempFileFinder' object has no attribute 'get_file_age'
2025-03-02 00:10:27,428 - ERROR - Error getting file info for C:\Appz\Quantum\Bravo\virtu\lib\python3.10\site-packages\setuptools\_distutils\__pycache__\msvc9compiler.cpython-310.pyc: 'TempFileFinder' object has no attribute 'get_file_age'
2025-03-02 00:10:27,430 - ERROR - Error getting file info for C:\Appz\Quantum\Bravo\virtu\lib\python3.10\site-packages\setuptools\_distutils\__pycache__\msvccompiler.cpython-310.pyc: 'TempFileFinder' object has no attribute 'get_file_age'
2025-03-02 00:10:27,433 - ERROR - Error getting file info for C:\Appz\Quantum\Bravo\virtu\lib\python3.10\site-packages\setuptools\_distutils\__pycache__\py35compat.cpython-310.pyc: 'TempFileFinder' object has no attribute 'get_file_age'
2025-03-02 00:10:27,435 - ERROR - Error getting file info for C:\Appz\Quantum\Bravo\virtu\lib\python3.10\site-packages\setuptools\_distutils\__pycache__\py38compat.cpython-310.pyc: 'TempFileFinder' object has no attribute 'get_file_age'
2025-03-02 00:10:27,438 - ERROR - Error getting file info for C:\Appz\Quantum\Bravo\virtu\lib\python3.10\site-packages\setuptools\_distutils\__pycache__\spawn.cpython-310.pyc: 'TempFileFinder' object has no attribute 'get_file_age'
2025-03-02 00:10:27,441 - ERROR - Error getting file info for C:\Appz\Quantum\Bravo\virtu\lib\python3.10\site-packages\setuptools\_distutils\__pycache__\sysconfig.cpython-310.pyc: 'TempFileFinder' object has no attribute 'get_file_age'
2025-03-02 00:10:27,444 - ERROR - Error getting file info for C:\Appz\Quantum\Bravo\virtu\lib\python3.10\site-packages\setuptools\_distutils\__pycache__\text_file.cpython-310.pyc: 'TempFileFinder' object has no attribute 'get_file_age'
2025-03-02 00:10:27,446 - ERROR - Error getting file info for C:\Appz\Quantum\Bravo\virtu\lib\python3.10\site-packages\setuptools\_distutils\__pycache__\unixccompiler.cpython-310.pyc: 'TempFileFinder' object has no attribute 'get_file_age'
2025-03-02 00:10:27,449 - ERROR - Error getting file info for C:\Appz\Quantum\Bravo\virtu\lib\python3.10\site-packages\setuptools\_distutils\__pycache__\util.cpython-310.pyc: 'TempFileFinder' object has no attribute 'get_file_age'
2025-03-02 00:10:27,452 - ERROR - Error getting file info for C:\Appz\Quantum\Bravo\virtu\lib\python3.10\site-packages\setuptools\_distutils\__pycache__\version.cpython-310.pyc: 'TempFileFinder' object has no attribute 'get_file_age'
2025-03-02 00:10:27,454 - ERROR - Error getting file info for C:\Appz\Quantum\Bravo\virtu\lib\python3.10\site-packages\setuptools\_distutils\__pycache__\versionpredicate.cpython-310.pyc: 'TempFileFinder' object has no attribute 'get_file_age'
2025-03-02 00:10:27,456 - ERROR - Error getting file info for C:\Appz\Quantum\Bravo\virtu\lib\python3.10\site-packages\setuptools\_distutils\__pycache__\_msvccompiler.cpython-310.pyc: 'TempFileFinder' object has no attribute 'get_file_age'
2025-03-02 00:10:27,457 - ERROR - Error getting file info for C:\Appz\Quantum\Bravo\virtu\lib\python3.10\site-packages\setuptools\_distutils\__pycache__\__init__.cpython-310.pyc: 'TempFileFinder' object has no attribute 'get_file_age'
2025-03-02 00:10:27,567 - ERROR - Error getting file info for C:\Appz\Quantum\Bravo\virtu\lib\python3.10\site-packages\setuptools\_vendor\more_itertools\__pycache__\more.cpython-310.pyc: 'TempFileFinder' object has no attribute 'get_file_age'
2025-03-02 00:10:27,569 - ERROR - Error getting file info for C:\Appz\Quantum\Bravo\virtu\lib\python3.10\site-packages\setuptools\_vendor\more_itertools\__pycache__\recipes.cpython-310.pyc: 'TempFileFinder' object has no attribute 'get_file_age'
2025-03-02 00:10:27,570 - ERROR - Error getting file info for C:\Appz\Quantum\Bravo\virtu\lib\python3.10\site-packages\setuptools\_vendor\more_itertools\__pycache__\__init__.cpython-310.pyc: 'TempFileFinder' object has no attribute 'get_file_age'
2025-03-02 00:10:27,653 - ERROR - Error getting file info for C:\Appz\Quantum\Bravo\virtu\lib\python3.10\site-packages\setuptools\_vendor\packaging\__pycache__\markers.cpython-310.pyc: 'TempFileFinder' object has no attribute 'get_file_age'
2025-03-02 00:10:27,655 - ERROR - Error getting file info for C:\Appz\Quantum\Bravo\virtu\lib\python3.10\site-packages\setuptools\_vendor\packaging\__pycache__\requirements.cpython-310.pyc: 'TempFileFinder' object has no attribute 'get_file_age'
2025-03-02 00:10:27,657 - ERROR - Error getting file info for C:\Appz\Quantum\Bravo\virtu\lib\python3.10\site-packages\setuptools\_vendor\packaging\__pycache__\specifiers.cpython-310.pyc: 'TempFileFinder' object has no attribute 'get_file_age'
2025-03-02 00:10:27,659 - ERROR - Error getting file info for C:\Appz\Quantum\Bravo\virtu\lib\python3.10\site-packages\setuptools\_vendor\packaging\__pycache__\tags.cpython-310.pyc: 'TempFileFinder' object has no attribute 'get_file_age'
2025-03-02 00:10:27,660 - ERROR - Error getting file info for C:\Appz\Quantum\Bravo\virtu\lib\python3.10\site-packages\setuptools\_vendor\packaging\__pycache__\utils.cpython-310.pyc: 'TempFileFinder' object has no attribute 'get_file_age'
2025-03-02 00:10:27,662 - ERROR - Error getting file info for C:\Appz\Quantum\Bravo\virtu\lib\python3.10\site-packages\setuptools\_vendor\packaging\__pycache__\version.cpython-310.pyc: 'TempFileFinder' object has no attribute 'get_file_age'
2025-03-02 00:10:27,665 - ERROR - Error getting file info for C:\Appz\Quantum\Bravo\virtu\lib\python3.10\site-packages\setuptools\_vendor\packaging\__pycache__\_manylinux.cpython-310.pyc: 'TempFileFinder' object has no attribute 'get_file_age'
2025-03-02 00:10:27,668 - ERROR - Error getting file info for C:\Appz\Quantum\Bravo\virtu\lib\python3.10\site-packages\setuptools\_vendor\packaging\__pycache__\_musllinux.cpython-310.pyc: 'TempFileFinder' object has no attribute 'get_file_age'
2025-03-02 00:10:27,670 - ERROR - Error getting file info for C:\Appz\Quantum\Bravo\virtu\lib\python3.10\site-packages\setuptools\_vendor\packaging\__pycache__\_structures.cpython-310.pyc: 'TempFileFinder' object has no attribute 'get_file_age'
2025-03-02 00:10:27,671 - ERROR - Error getting file info for C:\Appz\Quantum\Bravo\virtu\lib\python3.10\site-packages\setuptools\_vendor\packaging\__pycache__\__about__.cpython-310.pyc: 'TempFileFinder' object has no attribute 'get_file_age'
2025-03-02 00:10:27,673 - ERROR - Error getting file info for C:\Appz\Quantum\Bravo\virtu\lib\python3.10\site-packages\setuptools\_vendor\packaging\__pycache__\__init__.cpython-310.pyc: 'TempFileFinder' object has no attribute 'get_file_age'
2025-03-02 00:10:27,733 - ERROR - Error getting file info for C:\Appz\Quantum\Bravo\virtu\lib\python3.10\site-packages\setuptools\_vendor\__pycache__\ordered_set.cpython-310.pyc: 'TempFileFinder' object has no attribute 'get_file_age'
2025-03-02 00:10:27,735 - ERROR - Error getting file info for C:\Appz\Quantum\Bravo\virtu\lib\python3.10\site-packages\setuptools\_vendor\__pycache__\pyparsing.cpython-310.pyc: 'TempFileFinder' object has no attribute 'get_file_age'
2025-03-02 00:10:27,736 - ERROR - Error getting file info for C:\Appz\Quantum\Bravo\virtu\lib\python3.10\site-packages\setuptools\_vendor\__pycache__\__init__.cpython-310.pyc: 'TempFileFinder' object has no attribute 'get_file_age'
2025-03-02 00:10:27,787 - ERROR - Error getting file info for C:\Appz\Quantum\Bravo\virtu\lib\python3.10\site-packages\setuptools\__pycache__\archive_util.cpython-310.pyc: 'TempFileFinder' object has no attribute 'get_file_age'
2025-03-02 00:10:27,789 - ERROR - Error getting file info for C:\Appz\Quantum\Bravo\virtu\lib\python3.10\site-packages\setuptools\__pycache__\build_meta.cpython-310.pyc: 'TempFileFinder' object has no attribute 'get_file_age'
2025-03-02 00:10:27,791 - ERROR - Error getting file info for C:\Appz\Quantum\Bravo\virtu\lib\python3.10\site-packages\setuptools\__pycache__\config.cpython-310.pyc: 'TempFileFinder' object has no attribute 'get_file_age'
2025-03-02 00:10:27,794 - ERROR - Error getting file info for C:\Appz\Quantum\Bravo\virtu\lib\python3.10\site-packages\setuptools\__pycache__\depends.cpython-310.pyc: 'TempFileFinder' object has no attribute 'get_file_age'
2025-03-02 00:10:27,795 - ERROR - Error getting file info for C:\Appz\Quantum\Bravo\virtu\lib\python3.10\site-packages\setuptools\__pycache__\dep_util.cpython-310.pyc: 'TempFileFinder' object has no attribute 'get_file_age'
2025-03-02 00:10:27,797 - ERROR - Error getting file info for C:\Appz\Quantum\Bravo\virtu\lib\python3.10\site-packages\setuptools\__pycache__\dist.cpython-310.pyc: 'TempFileFinder' object has no attribute 'get_file_age'
2025-03-02 00:10:27,798 - ERROR - Error getting file info for C:\Appz\Quantum\Bravo\virtu\lib\python3.10\site-packages\setuptools\__pycache__\errors.cpython-310.pyc: 'TempFileFinder' object has no attribute 'get_file_age'
2025-03-02 00:10:27,800 - ERROR - Error getting file info for C:\Appz\Quantum\Bravo\virtu\lib\python3.10\site-packages\setuptools\__pycache__\extension.cpython-310.pyc: 'TempFileFinder' object has no attribute 'get_file_age'
2025-03-02 00:10:27,801 - ERROR - Error getting file info for C:\Appz\Quantum\Bravo\virtu\lib\python3.10\site-packages\setuptools\__pycache__\glob.cpython-310.pyc: 'TempFileFinder' object has no attribute 'get_file_age'
2025-03-02 00:10:27,804 - ERROR - Error getting file info for C:\Appz\Quantum\Bravo\virtu\lib\python3.10\site-packages\setuptools\__pycache__\installer.cpython-310.pyc: 'TempFileFinder' object has no attribute 'get_file_age'
2025-03-02 00:10:27,805 - ERROR - Error getting file info for C:\Appz\Quantum\Bravo\virtu\lib\python3.10\site-packages\setuptools\__pycache__\launch.cpython-310.pyc: 'TempFileFinder' object has no attribute 'get_file_age'
2025-03-02 00:10:27,807 - ERROR - Error getting file info for C:\Appz\Quantum\Bravo\virtu\lib\python3.10\site-packages\setuptools\__pycache__\monkey.cpython-310.pyc: 'TempFileFinder' object has no attribute 'get_file_age'
2025-03-02 00:10:27,809 - ERROR - Error getting file info for C:\Appz\Quantum\Bravo\virtu\lib\python3.10\site-packages\setuptools\__pycache__\msvc.cpython-310.pyc: 'TempFileFinder' object has no attribute 'get_file_age'
2025-03-02 00:10:27,811 - ERROR - Error getting file info for C:\Appz\Quantum\Bravo\virtu\lib\python3.10\site-packages\setuptools\__pycache__\namespaces.cpython-310.pyc: 'TempFileFinder' object has no attribute 'get_file_age'
2025-03-02 00:10:27,812 - ERROR - Error getting file info for C:\Appz\Quantum\Bravo\virtu\lib\python3.10\site-packages\setuptools\__pycache__\package_index.cpython-310.pyc: 'TempFileFinder' object has no attribute 'get_file_age'
2025-03-02 00:10:27,813 - ERROR - Error getting file info for C:\Appz\Quantum\Bravo\virtu\lib\python3.10\site-packages\setuptools\__pycache__\py34compat.cpython-310.pyc: 'TempFileFinder' object has no attribute 'get_file_age'
2025-03-02 00:10:27,815 - ERROR - Error getting file info for C:\Appz\Quantum\Bravo\virtu\lib\python3.10\site-packages\setuptools\__pycache__\sandbox.cpython-310.pyc: 'TempFileFinder' object has no attribute 'get_file_age'
2025-03-02 00:10:27,818 - ERROR - Error getting file info for C:\Appz\Quantum\Bravo\virtu\lib\python3.10\site-packages\setuptools\__pycache__\unicode_utils.cpython-310.pyc: 'TempFileFinder' object has no attribute 'get_file_age'
2025-03-02 00:10:27,819 - ERROR - Error getting file info for C:\Appz\Quantum\Bravo\virtu\lib\python3.10\site-packages\setuptools\__pycache__\version.cpython-310.pyc: 'TempFileFinder' object has no attribute 'get_file_age'
2025-03-02 00:10:27,820 - ERROR - Error getting file info for C:\Appz\Quantum\Bravo\virtu\lib\python3.10\site-packages\setuptools\__pycache__\wheel.cpython-310.pyc: 'TempFileFinder' object has no attribute 'get_file_age'
2025-03-02 00:10:27,822 - ERROR - Error getting file info for C:\Appz\Quantum\Bravo\virtu\lib\python3.10\site-packages\setuptools\__pycache__\windows_support.cpython-310.pyc: 'TempFileFinder' object has no attribute 'get_file_age'
2025-03-02 00:10:27,823 - ERROR - Error getting file info for C:\Appz\Quantum\Bravo\virtu\lib\python3.10\site-packages\setuptools\__pycache__\_deprecation_warning.cpython-310.pyc: 'TempFileFinder' object has no attribute 'get_file_age'
2025-03-02 00:10:27,824 - ERROR - Error getting file info for C:\Appz\Quantum\Bravo\virtu\lib\python3.10\site-packages\setuptools\__pycache__\_imp.cpython-310.pyc: 'TempFileFinder' object has no attribute 'get_file_age'
2025-03-02 00:10:27,826 - ERROR - Error getting file info for C:\Appz\Quantum\Bravo\virtu\lib\python3.10\site-packages\setuptools\__pycache__\__init__.cpython-310.pyc: 'TempFileFinder' object has no attribute 'get_file_age'
2025-03-02 00:10:27,946 - ERROR - Error getting file info for C:\Appz\Quantum\Bravo\virtu\lib\python3.10\site-packages\_distutils_hack\__pycache__\override.cpython-310.pyc: 'TempFileFinder' object has no attribute 'get_file_age'
2025-03-02 00:10:27,948 - ERROR - Error getting file info for C:\Appz\Quantum\Bravo\virtu\lib\python3.10\site-packages\_distutils_hack\__pycache__\__init__.cpython-310.pyc: 'TempFileFinder' object has no attribute 'get_file_age'
2025-03-02 00:10:28,023 - ERROR - Error getting file info for C:\Config.Msi\PT1A2E.tmp: 'TempFileFinder' object has no attribute 'get_file_age'
2025-03-02 00:10:28,026 - ERROR - Error getting file info for C:\Config.Msi\PT1A4E.tmp: 'TempFileFinder' object has no attribute 'get_file_age'
2025-03-02 00:10:28,028 - ERROR - Error getting file info for C:\Config.Msi\PT2084.tmp: 'TempFileFinder' object has no attribute 'get_file_age'
2025-03-02 00:10:28,030 - ERROR - Error getting file info for C:\Config.Msi\PT2085.tmp: 'TempFileFinder' object has no attribute 'get_file_age'
2025-03-02 00:10:28,033 - ERROR - Error getting file info for C:\Config.Msi\PT2086.tmp: 'TempFileFinder' object has no attribute 'get_file_age'
2025-03-02 00:10:28,035 - ERROR - Error getting file info for C:\Config.Msi\PT20A6.tmp: 'TempFileFinder' object has no attribute 'get_file_age'
2025-03-02 00:10:28,038 - ERROR - Error getting file info for C:\Config.Msi\PT20B6.tmp: 'TempFileFinder' object has no attribute 'get_file_age'
2025-03-02 00:10:28,040 - ERROR - Error getting file info for C:\Config.Msi\PT20C7.tmp: 'TempFileFinder' object has no attribute 'get_file_age'
2025-03-02 00:10:28,042 - ERROR - Error getting file info for C:\Config.Msi\PT20D8.tmp: 'TempFileFinder' object has no attribute 'get_file_age'
2025-03-02 00:10:28,044 - ERROR - Error getting file info for C:\Config.Msi\PT2667.tmp: 'TempFileFinder' object has no attribute 'get_file_age'
2025-03-02 00:10:28,046 - ERROR - Error getting file info for C:\Config.Msi\PT4946.tmp: 'TempFileFinder' object has no attribute 'get_file_age'
2025-03-02 00:10:28,047 - ERROR - Error getting file info for C:\Config.Msi\PT4956.tmp: 'TempFileFinder' object has no attribute 'get_file_age'
2025-03-02 00:10:28,051 - ERROR - Error getting file info for C:\Config.Msi\PT4B6C.tmp: 'TempFileFinder' object has no attribute 'get_file_age'
2025-03-02 00:10:28,054 - ERROR - Error getting file info for C:\Config.Msi\PT4B7D.tmp: 'TempFileFinder' object has no attribute 'get_file_age'
2025-03-02 00:10:28,056 - ERROR - Error getting file info for C:\Config.Msi\PT4DC3.tmp: 'TempFileFinder' object has no attribute 'get_file_age'
2025-03-02 00:10:28,058 - ERROR - Error getting file info for C:\Config.Msi\PT4DD4.tmp: 'TempFileFinder' object has no attribute 'get_file_age'
2025-03-02 00:10:28,060 - ERROR - Error getting file info for C:\Config.Msi\PT4DD5.tmp: 'TempFileFinder' object has no attribute 'get_file_age'
2025-03-02 00:10:28,062 - ERROR - Error getting file info for C:\Config.Msi\PT4DE5.tmp: 'TempFileFinder' object has no attribute 'get_file_age'
2025-03-02 00:10:28,063 - ERROR - Error getting file info for C:\Config.Msi\PT4DE6.tmp: 'TempFileFinder' object has no attribute 'get_file_age'
2025-03-02 00:10:28,065 - ERROR - Error getting file info for C:\Config.Msi\PT4DF7.tmp: 'TempFileFinder' object has no attribute 'get_file_age'
2025-03-02 00:10:28,068 - ERROR - Error getting file info for C:\Config.Msi\PT5BEE.tmp: 'TempFileFinder' object has no attribute 'get_file_age'
2025-03-02 00:10:28,069 - ERROR - Error getting file info for C:\Config.Msi\PT5BFE.tmp: 'TempFileFinder' object has no attribute 'get_file_age'
2025-03-02 00:10:28,071 - ERROR - Error getting file info for C:\Config.Msi\PT5F9B.tmp: 'TempFileFinder' object has no attribute 'get_file_age'
2025-03-02 00:10:28,072 - ERROR - Error getting file info for C:\Config.Msi\PT77F1.tmp: 'TempFileFinder' object has no attribute 'get_file_age'
2025-03-02 00:10:28,075 - ERROR - Error getting file info for C:\Config.Msi\PT7802.tmp: 'TempFileFinder' object has no attribute 'get_file_age'
2025-03-02 00:10:28,076 - ERROR - Error getting file info for C:\Config.Msi\PT7812.tmp: 'TempFileFinder' object has no attribute 'get_file_age'
2025-03-02 00:10:28,078 - ERROR - Error getting file info for C:\Config.Msi\PT7823.tmp: 'TempFileFinder' object has no attribute 'get_file_age'
2025-03-02 00:10:28,079 - ERROR - Error getting file info for C:\Config.Msi\PT7833.tmp: 'TempFileFinder' object has no attribute 'get_file_age'
2025-03-02 00:10:28,082 - ERROR - Error getting file info for C:\Config.Msi\PT7854.tmp: 'TempFileFinder' object has no attribute 'get_file_age'
2025-03-02 00:10:28,084 - ERROR - Error getting file info for C:\Config.Msi\PT7884.tmp: 'TempFileFinder' object has no attribute 'get_file_age'
2025-03-02 00:10:28,087 - ERROR - Error getting file info for C:\Config.Msi\PT7885.tmp: 'TempFileFinder' object has no attribute 'get_file_age'
2025-03-02 00:10:28,089 - ERROR - Error getting file info for C:\Config.Msi\PT8720.tmp: 'TempFileFinder' object has no attribute 'get_file_age'
2025-03-02 00:10:28,091 - ERROR - Error getting file info for C:\Config.Msi\PT8731.tmp: 'TempFileFinder' object has no attribute 'get_file_age'
2025-03-02 00:10:28,093 - ERROR - Error getting file info for C:\Config.Msi\PT8EA9.tmp: 'TempFileFinder' object has no attribute 'get_file_age'
2025-03-02 00:10:28,095 - ERROR - Error getting file info for C:\Config.Msi\PT8EE9.tmp: 'TempFileFinder' object has no attribute 'get_file_age'
2025-03-02 00:10:28,096 - ERROR - Error getting file info for C:\Config.Msi\PT8F28.tmp: 'TempFileFinder' object has no attribute 'get_file_age'
2025-03-02 00:10:28,101 - ERROR - Error getting file info for C:\Config.Msi\PT8FA6.tmp: 'TempFileFinder' object has no attribute 'get_file_age'
2025-03-02 00:10:28,104 - ERROR - Error getting file info for C:\Config.Msi\PTC40D.tmp: 'TempFileFinder' object has no attribute 'get_file_age'
2025-03-02 00:10:28,106 - ERROR - Error getting file info for C:\Config.Msi\PTC41D.tmp: 'TempFileFinder' object has no attribute 'get_file_age'
2025-03-02 00:10:28,108 - ERROR - Error getting file info for C:\Config.Msi\PTC685.tmp: 'TempFileFinder' object has no attribute 'get_file_age'
2025-03-02 00:10:28,109 - ERROR - Error getting file info for C:\Config.Msi\PTC686.tmp: 'TempFileFinder' object has no attribute 'get_file_age'
2025-03-02 00:10:28,112 - ERROR - Error getting file info for C:\Config.Msi\PTC930.tmp: 'TempFileFinder' object has no attribute 'get_file_age'
2025-03-02 00:10:28,114 - ERROR - Error getting file info for C:\Config.Msi\PTC940.tmp: 'TempFileFinder' object has no attribute 'get_file_age'
2025-03-02 00:10:28,117 - ERROR - Error getting file info for C:\Config.Msi\PTC941.tmp: 'TempFileFinder' object has no attribute 'get_file_age'
2025-03-02 00:10:28,120 - ERROR - Error getting file info for C:\Config.Msi\PTC952.tmp: 'TempFileFinder' object has no attribute 'get_file_age'
2025-03-02 00:10:28,122 - ERROR - Error getting file info for C:\Config.Msi\PTC953.tmp: 'TempFileFinder' object has no attribute 'get_file_age'
2025-03-02 00:10:28,125 - ERROR - Error getting file info for C:\Config.Msi\PTC963.tmp: 'TempFileFinder' object has no attribute 'get_file_age'
2025-03-02 00:10:28,128 - ERROR - Error getting file info for C:\Config.Msi\PTE06D.tmp: 'TempFileFinder' object has no attribute 'get_file_age'
2025-03-02 00:10:28,129 - ERROR - Error getting file info for C:\Config.Msi\PTE0AD.tmp: 'TempFileFinder' object has no attribute 'get_file_age'
2025-03-02 00:10:28,131 - ERROR - Error getting file info for C:\Config.Msi\PTEBE0.tmp: 'TempFileFinder' object has no attribute 'get_file_age'
2025-03-02 00:10:28,133 - ERROR - Error getting file info for C:\Config.Msi\PTEBF1.tmp: 'TempFileFinder' object has no attribute 'get_file_age'
2025-03-02 00:10:28,135 - ERROR - Error getting file info for C:\Config.Msi\PTEBF2.tmp: 'TempFileFinder' object has no attribute 'get_file_age'
2025-03-02 00:10:28,137 - ERROR - Error getting file info for C:\Config.Msi\PTEC03.tmp: 'TempFileFinder' object has no attribute 'get_file_age'
2025-03-02 00:10:28,139 - ERROR - Error getting file info for C:\Config.Msi\PTEC04.tmp: 'TempFileFinder' object has no attribute 'get_file_age'
2025-03-02 00:10:28,141 - ERROR - Error getting file info for C:\Config.Msi\PTEC14.tmp: 'TempFileFinder' object has no attribute 'get_file_age'
2025-03-02 00:10:28,143 - ERROR - Error getting file info for C:\Config.Msi\PTEC25.tmp: 'TempFileFinder' object has no attribute 'get_file_age'
2025-03-02 00:10:28,144 - ERROR - Error getting file info for C:\Config.Msi\PTF117.tmp: 'TempFileFinder' object has no attribute 'get_file_age'
2025-03-02 00:10:28,957 - ERROR - Error getting file info for C:\Program Files\desktop.ini: 'TempFileFinder' object has no attribute 'get_file_age'
2025-03-02 00:10:43,833 - ERROR - Error getting file info for C:\Program Files\Adobe\Adobe Bridge 2024\desktop.ini: 'TempFileFinder' object has no attribute 'get_file_age'
2025-03-02 00:10:46,005 - ERROR - Error getting file info for C:\Program Files\Adobe\Adobe Creative Cloud\Components\UAB\dist\0734ce912a1f17956686.png: 'TempFileFinder' object has no attribute 'get_file_age'
2025-03-02 00:10:46,005 - ERROR - Error getting file info for C:\Program Files\Adobe\Adobe Creative Cloud\Components\UAB\dist\0ddf539336715a090c16.png: 'TempFileFinder' object has no attribute 'get_file_age'
2025-03-02 00:10:46,005 - ERROR - Error getting file info for C:\Program Files\Adobe\Adobe Creative Cloud\Components\UAB\dist\1086.js: 'TempFileFinder' object has no attribute 'get_file_age'
2025-03-02 00:10:46,006 - ERROR - Error getting file info for C:\Program Files\Adobe\Adobe Creative Cloud\Components\UAB\dist\1262.js: 'TempFileFinder' object has no attribute 'get_file_age'
2025-03-02 00:10:46,006 - ERROR - Error getting file info for C:\Program Files\Adobe\Adobe Creative Cloud\Components\UAB\dist\1262.js.LICENSE.txt: 'TempFileFinder' object has no attribute 'get_file_age'
2025-03-02 00:10:46,006 - ERROR - Error getting file info for C:\Program Files\Adobe\Adobe Creative Cloud\Components\UAB\dist\14.js: 'TempFileFinder' object has no attribute 'get_file_age'
2025-03-02 00:10:46,007 - ERROR - Error getting file info for C:\Program Files\Adobe\Adobe Creative Cloud\Components\UAB\dist\14.js.LICENSE.txt: 'TempFileFinder' object has no attribute 'get_file_age'
2025-03-02 00:10:46,007 - ERROR - Error getting file info for C:\Program Files\Adobe\Adobe Creative Cloud\Components\UAB\dist\1452.js: 'TempFileFinder' object has no attribute 'get_file_age'
2025-03-02 00:10:46,007 - ERROR - Error getting file info for C:\Program Files\Adobe\Adobe Creative Cloud\Components\UAB\dist\1597.js: 'TempFileFinder' object has no attribute 'get_file_age'
2025-03-02 00:10:46,008 - ERROR - Error getting file info for C:\Program Files\Adobe\Adobe Creative Cloud\Components\UAB\dist\2061.js: 'TempFileFinder' object has no attribute 'get_file_age'
2025-03-02 00:10:46,008 - ERROR - Error getting file info for C:\Program Files\Adobe\Adobe Creative Cloud\Components\UAB\dist\2081.js: 'TempFileFinder' object has no attribute 'get_file_age'
2025-03-02 00:10:46,008 - ERROR - Error getting file info for C:\Program Files\Adobe\Adobe Creative Cloud\Components\UAB\dist\2106.js: 'TempFileFinder' object has no attribute 'get_file_age'
2025-03-02 00:10:46,009 - ERROR - Error getting file info for C:\Program Files\Adobe\Adobe Creative Cloud\Components\UAB\dist\2452.js: 'TempFileFinder' object has no attribute 'get_file_age'
2025-03-02 00:10:46,009 - ERROR - Error getting file info for C:\Program Files\Adobe\Adobe Creative Cloud\Components\UAB\dist\2452.js.LICENSE.txt: 'TempFileFinder' object has no attribute 'get_file_age'
2025-03-02 00:10:46,009 - ERROR - Error getting file info for C:\Program Files\Adobe\Adobe Creative Cloud\Components\UAB\dist\258.js: 'TempFileFinder' object has no attribute 'get_file_age'
2025-03-02 00:10:46,010 - ERROR - Error getting file info for C:\Program Files\Adobe\Adobe Creative Cloud\Components\UAB\dist\2784.js: 'TempFileFinder' object has no attribute 'get_file_age'
2025-03-02 00:10:46,010 - ERROR - Error getting file info for C:\Program Files\Adobe\Adobe Creative Cloud\Components\UAB\dist\2784.js.LICENSE.txt: 'TempFileFinder' object has no attribute 'get_file_age'
2025-03-02 00:10:46,010 - ERROR - Error getting file info for C:\Program Files\Adobe\Adobe Creative Cloud\Components\UAB\dist\2822.js: 'TempFileFinder' object has no attribute 'get_file_age'
2025-03-02 00:10:46,011 - ERROR - Error getting file info for C:\Program Files\Adobe\Adobe Creative Cloud\Components\UAB\dist\2822.js.LICENSE.txt: 'TempFileFinder' object has no attribute 'get_file_age'
2025-03-02 00:10:46,011 - ERROR - Error getting file info for C:\Program Files\Adobe\Adobe Creative Cloud\Components\UAB\dist\283.js: 'TempFileFinder' object has no attribute 'get_file_age'
2025-03-02 00:10:46,011 - ERROR - Error getting file info for C:\Program Files\Adobe\Adobe Creative Cloud\Components\UAB\dist\283.js.LICENSE.txt: 'TempFileFinder' object has no attribute 'get_file_age'
2025-03-02 00:10:46,011 - ERROR - Error getting file info for C:\Program Files\Adobe\Adobe Creative Cloud\Components\UAB\dist\2bf7c7b1984f910f1722.png: 'TempFileFinder' object has no attribute 'get_file_age'
2025-03-02 00:10:46,012 - ERROR - Error getting file info for C:\Program Files\Adobe\Adobe Creative Cloud\Components\UAB\dist\3042.js: 'TempFileFinder' object has no attribute 'get_file_age'
2025-03-02 00:10:46,012 - ERROR - Error getting file info for C:\Program Files\Adobe\Adobe Creative Cloud\Components\UAB\dist\314be444c5c42b57b511.png: 'TempFileFinder' object has no attribute 'get_file_age'
2025-03-02 00:10:46,012 - ERROR - Error getting file info for C:\Program Files\Adobe\Adobe Creative Cloud\Components\UAB\dist\320.js: 'TempFileFinder' object has no attribute 'get_file_age'
2025-03-02 00:10:46,012 - ERROR - Error getting file info for C:\Program Files\Adobe\Adobe Creative Cloud\Components\UAB\dist\3680.js: 'TempFileFinder' object has no attribute 'get_file_age'
2025-03-02 00:10:46,013 - ERROR - Error getting file info for C:\Program Files\Adobe\Adobe Creative Cloud\Components\UAB\dist\3ba048d3cce52173a73f.png: 'TempFileFinder' object has no attribute 'get_file_age'
2025-03-02 00:10:46,014 - ERROR - Error getting file info for C:\Program Files\Adobe\Adobe Creative Cloud\Components\UAB\dist\401.js: 'TempFileFinder' object has no attribute 'get_file_age'
2025-03-02 00:10:46,014 - ERROR - Error getting file info for C:\Program Files\Adobe\Adobe Creative Cloud\Components\UAB\dist\4027.js: 'TempFileFinder' object has no attribute 'get_file_age'
2025-03-02 00:10:46,015 - ERROR - Error getting file info for C:\Program Files\Adobe\Adobe Creative Cloud\Components\UAB\dist\4027.js.LICENSE.txt: 'TempFileFinder' object has no attribute 'get_file_age'
2025-03-02 00:10:46,015 - ERROR - Error getting file info for C:\Program Files\Adobe\Adobe Creative Cloud\Components\UAB\dist\4211.js: 'TempFileFinder' object has no attribute 'get_file_age'
2025-03-02 00:10:46,015 - ERROR - Error getting file info for C:\Program Files\Adobe\Adobe Creative Cloud\Components\UAB\dist\426b63a903b218a39e2b.png: 'TempFileFinder' object has no attribute 'get_file_age'
2025-03-02 00:10:46,016 - ERROR - Error getting file info for C:\Program Files\Adobe\Adobe Creative Cloud\Components\UAB\dist\44b9c5bbe03a52f34c31.png: 'TempFileFinder' object has no attribute 'get_file_age'
2025-03-02 00:10:46,016 - ERROR - Error getting file info for C:\Program Files\Adobe\Adobe Creative Cloud\Components\UAB\dist\465ce8f02dd4fa4644c6.png: 'TempFileFinder' object has no attribute 'get_file_age'
2025-03-02 00:10:46,017 - ERROR - Error getting file info for C:\Program Files\Adobe\Adobe Creative Cloud\Components\UAB\dist\476.js: 'TempFileFinder' object has no attribute 'get_file_age'
2025-03-02 00:10:46,018 - ERROR - Error getting file info for C:\Program Files\Adobe\Adobe Creative Cloud\Components\UAB\dist\4766.js: 'TempFileFinder' object has no attribute 'get_file_age'
2025-03-02 00:10:46,018 - ERROR - Error getting file info for C:\Program Files\Adobe\Adobe Creative Cloud\Components\UAB\dist\477.js: 'TempFileFinder' object has no attribute 'get_file_age'
2025-03-02 00:10:46,018 - ERROR - Error getting file info for C:\Program Files\Adobe\Adobe Creative Cloud\Components\UAB\dist\477.js.LICENSE.txt: 'TempFileFinder' object has no attribute 'get_file_age'
2025-03-02 00:10:46,019 - ERROR - Error getting file info for C:\Program Files\Adobe\Adobe Creative Cloud\Components\UAB\dist\481f9771b456888b6454.png: 'TempFileFinder' object has no attribute 'get_file_age'
2025-03-02 00:10:46,019 - ERROR - Error getting file info for C:\Program Files\Adobe\Adobe Creative Cloud\Components\UAB\dist\48aecbee2c6cc02af3a0.png: 'TempFileFinder' object has no attribute 'get_file_age'
2025-03-02 00:10:46,019 - ERROR - Error getting file info for C:\Program Files\Adobe\Adobe Creative Cloud\Components\UAB\dist\494.js: 'TempFileFinder' object has no attribute 'get_file_age'
2025-03-02 00:10:46,019 - ERROR - Error getting file info for C:\Program Files\Adobe\Adobe Creative Cloud\Components\UAB\dist\4d0b81a6c0971a3bc543.svg: 'TempFileFinder' object has no attribute 'get_file_age'
2025-03-02 00:10:46,020 - ERROR - Error getting file info for C:\Program Files\Adobe\Adobe Creative Cloud\Components\UAB\dist\50.js: 'TempFileFinder' object has no attribute 'get_file_age'
2025-03-02 00:10:46,020 - ERROR - Error getting file info for C:\Program Files\Adobe\Adobe Creative Cloud\Components\UAB\dist\5182.js: 'TempFileFinder' object has no attribute 'get_file_age'
2025-03-02 00:10:46,020 - ERROR - Error getting file info for C:\Program Files\Adobe\Adobe Creative Cloud\Components\UAB\dist\5182.js.LICENSE.txt: 'TempFileFinder' object has no attribute 'get_file_age'
2025-03-02 00:10:46,021 - ERROR - Error getting file info for C:\Program Files\Adobe\Adobe Creative Cloud\Components\UAB\dist\534.js: 'TempFileFinder' object has no attribute 'get_file_age'
2025-03-02 00:10:46,021 - ERROR - Error getting file info for C:\Program Files\Adobe\Adobe Creative Cloud\Components\UAB\dist\560b97b178e119624bea.svg: 'TempFileFinder' object has no attribute 'get_file_age'
2025-03-02 00:10:46,021 - ERROR - Error getting file info for C:\Program Files\Adobe\Adobe Creative Cloud\Components\UAB\dist\570.js: 'TempFileFinder' object has no attribute 'get_file_age'
2025-03-02 00:10:46,021 - ERROR - Error getting file info for C:\Program Files\Adobe\Adobe Creative Cloud\Components\UAB\dist\5722.js: 'TempFileFinder' object has no attribute 'get_file_age'
2025-03-02 00:10:46,021 - ERROR - Error getting file info for C:\Program Files\Adobe\Adobe Creative Cloud\Components\UAB\dist\582.js: 'TempFileFinder' object has no attribute 'get_file_age'
2025-03-02 00:10:46,022 - ERROR - Error getting file info for C:\Program Files\Adobe\Adobe Creative Cloud\Components\UAB\dist\5843.js: 'TempFileFinder' object has no attribute 'get_file_age'
2025-03-02 00:10:46,022 - ERROR - Error getting file info for C:\Program Files\Adobe\Adobe Creative Cloud\Components\UAB\dist\592abeea7344b423efb0.svg: 'TempFileFinder' object has no attribute 'get_file_age'
2025-03-02 00:10:46,022 - ERROR - Error getting file info for C:\Program Files\Adobe\Adobe Creative Cloud\Components\UAB\dist\6198.js: 'TempFileFinder' object has no attribute 'get_file_age'
2025-03-02 00:10:46,022 - ERROR - Error getting file info for C:\Program Files\Adobe\Adobe Creative Cloud\Components\UAB\dist\6394.js: 'TempFileFinder' object has no attribute 'get_file_age'
2025-03-02 00:10:46,023 - ERROR - Error getting file info for C:\Program Files\Adobe\Adobe Creative Cloud\Components\UAB\dist\6447.js: 'TempFileFinder' object has no attribute 'get_file_age'
2025-03-02 00:10:46,023 - ERROR - Error getting file info for C:\Program Files\Adobe\Adobe Creative Cloud\Components\UAB\dist\6534.js: 'TempFileFinder' object has no attribute 'get_file_age'
2025-03-02 00:10:46,023 - ERROR - Error getting file info for C:\Program Files\Adobe\Adobe Creative Cloud\Components\UAB\dist\6687.js: 'TempFileFinder' object has no attribute 'get_file_age'
2025-03-02 00:10:46,023 - ERROR - Error getting file info for C:\Program Files\Adobe\Adobe Creative Cloud\Components\UAB\dist\6687.js.LICENSE.txt: 'TempFileFinder' object has no attribute 'get_file_age'
2025-03-02 00:10:46,024 - ERROR - Error getting file info for C:\Program Files\Adobe\Adobe Creative Cloud\Components\UAB\dist\6f32ea6eaa4a618082c0.png: 'TempFileFinder' object has no attribute 'get_file_age'
2025-03-02 00:10:46,024 - ERROR - Error getting file info for C:\Program Files\Adobe\Adobe Creative Cloud\Components\UAB\dist\713.js: 'TempFileFinder' object has no attribute 'get_file_age'
2025-03-02 00:10:46,024 - ERROR - Error getting file info for C:\Program Files\Adobe\Adobe Creative Cloud\Components\UAB\dist\7281.js: 'TempFileFinder' object has no attribute 'get_file_age'
2025-03-02 00:10:46,025 - ERROR - Error getting file info for C:\Program Files\Adobe\Adobe Creative Cloud\Components\UAB\dist\76.js: 'TempFileFinder' object has no attribute 'get_file_age'
2025-03-02 00:10:46,025 - ERROR - Error getting file info for C:\Program Files\Adobe\Adobe Creative Cloud\Components\UAB\dist\7774.js: 'TempFileFinder' object has no attribute 'get_file_age'
2025-03-02 00:10:46,025 - ERROR - Error getting file info for C:\Program Files\Adobe\Adobe Creative Cloud\Components\UAB\dist\7797.js: 'TempFileFinder' object has no attribute 'get_file_age'
2025-03-02 00:10:46,025 - ERROR - Error getting file info for C:\Program Files\Adobe\Adobe Creative Cloud\Components\UAB\dist\7831.js: 'TempFileFinder' object has no attribute 'get_file_age'
2025-03-02 00:10:46,026 - ERROR - Error getting file info for C:\Program Files\Adobe\Adobe Creative Cloud\Components\UAB\dist\8012.js: 'TempFileFinder' object has no attribute 'get_file_age'
2025-03-02 00:10:46,026 - ERROR - Error getting file info for C:\Program Files\Adobe\Adobe Creative Cloud\Components\UAB\dist\8012.js.LICENSE.txt: 'TempFileFinder' object has no attribute 'get_file_age'
2025-03-02 00:10:46,027 - ERROR - Error getting file info for C:\Program Files\Adobe\Adobe Creative Cloud\Components\UAB\dist\829.js: 'TempFileFinder' object has no attribute 'get_file_age'
2025-03-02 00:10:46,027 - ERROR - Error getting file info for C:\Program Files\Adobe\Adobe Creative Cloud\Components\UAB\dist\829.js.LICENSE.txt: 'TempFileFinder' object has no attribute 'get_file_age'
2025-03-02 00:10:46,027 - ERROR - Error getting file info for C:\Program Files\Adobe\Adobe Creative Cloud\Components\UAB\dist\8316.js: 'TempFileFinder' object has no attribute 'get_file_age'
2025-03-02 00:10:46,027 - ERROR - Error getting file info for C:\Program Files\Adobe\Adobe Creative Cloud\Components\UAB\dist\8316.js.LICENSE.txt: 'TempFileFinder' object has no attribute 'get_file_age'
2025-03-02 00:10:46,027 - ERROR - Error getting file info for C:\Program Files\Adobe\Adobe Creative Cloud\Components\UAB\dist\8336.js: 'TempFileFinder' object has no attribute 'get_file_age'
2025-03-02 00:10:46,027 - ERROR - Error getting file info for C:\Program Files\Adobe\Adobe Creative Cloud\Components\UAB\dist\837.js: 'TempFileFinder' object has no attribute 'get_file_age'
2025-03-02 00:10:46,027 - ERROR - Error getting file info for C:\Program Files\Adobe\Adobe Creative Cloud\Components\UAB\dist\8417.js: 'TempFileFinder' object has no attribute 'get_file_age'
2025-03-02 00:10:46,027 - ERROR - Error getting file info for C:\Program Files\Adobe\Adobe Creative Cloud\Components\UAB\dist\8522.js: 'TempFileFinder' object has no attribute 'get_file_age'
2025-03-02 00:10:46,027 - ERROR - Error getting file info for C:\Program Files\Adobe\Adobe Creative Cloud\Components\UAB\dist\8686.js: 'TempFileFinder' object has no attribute 'get_file_age'
2025-03-02 00:10:46,027 - ERROR - Error getting file info for C:\Program Files\Adobe\Adobe Creative Cloud\Components\UAB\dist\88b04d3de779745ec539.png: 'TempFileFinder' object has no attribute 'get_file_age'
2025-03-02 00:10:46,027 - ERROR - Error getting file info for C:\Program Files\Adobe\Adobe Creative Cloud\Components\UAB\dist\9159.js: 'TempFileFinder' object has no attribute 'get_file_age'
2025-03-02 00:10:46,027 - ERROR - Error getting file info for C:\Program Files\Adobe\Adobe Creative Cloud\Components\UAB\dist\9194.js: 'TempFileFinder' object has no attribute 'get_file_age'
2025-03-02 00:10:46,027 - ERROR - Error getting file info for C:\Program Files\Adobe\Adobe Creative Cloud\Components\UAB\dist\9194.js.LICENSE.txt: 'TempFileFinder' object has no attribute 'get_file_age'
2025-03-02 00:10:46,027 - ERROR - Error getting file info for C:\Program Files\Adobe\Adobe Creative Cloud\Components\UAB\dist\9505.js: 'TempFileFinder' object has no attribute 'get_file_age'
2025-03-02 00:10:46,027 - ERROR - Error getting file info for C:\Program Files\Adobe\Adobe Creative Cloud\Components\UAB\dist\9505.js.LICENSE.txt: 'TempFileFinder' object has no attribute 'get_file_age'
2025-03-02 00:10:46,027 - ERROR - Error getting file info for C:\Program Files\Adobe\Adobe Creative Cloud\Components\UAB\dist\9506.js: 'TempFileFinder' object has no attribute 'get_file_age'
2025-03-02 00:10:46,027 - ERROR - Error getting file info for C:\Program Files\Adobe\Adobe Creative Cloud\Components\UAB\dist\9597.js: 'TempFileFinder' object has no attribute 'get_file_age'
2025-03-02 00:10:46,027 - ERROR - Error getting file info for C:\Program Files\Adobe\Adobe Creative Cloud\Components\UAB\dist\999.js: 'TempFileFinder' object has no attribute 'get_file_age'
2025-03-02 00:10:46,032 - ERROR - Error getting file info for C:\Program Files\Adobe\Adobe Creative Cloud\Components\UAB\dist\999.js.LICENSE.txt: 'TempFileFinder' object has no attribute 'get_file_age'
2025-03-02 00:10:46,033 - ERROR - Error getting file info for C:\Program Files\Adobe\Adobe Creative Cloud\Components\UAB\dist\9f4f2b0ecedfd65e39db.png: 'TempFileFinder' object has no attribute 'get_file_age'
2025-03-02 00:10:46,034 - ERROR - Error getting file info for C:\Program Files\Adobe\Adobe Creative Cloud\Components\UAB\dist\c3eae490673e2009ebef.png: 'TempFileFinder' object has no attribute 'get_file_age'
2025-03-02 00:10:46,035 - ERROR - Error getting file info for C:\Program Files\Adobe\Adobe Creative Cloud\Components\UAB\dist\ccd.css: 'TempFileFinder' object has no attribute 'get_file_age'
2025-03-02 00:10:46,035 - ERROR - Error getting file info for C:\Program Files\Adobe\Adobe Creative Cloud\Components\UAB\dist\ccd.js: 'TempFileFinder' object has no attribute 'get_file_age'
2025-03-02 00:10:46,035 - ERROR - Error getting file info for C:\Program Files\Adobe\Adobe Creative Cloud\Components\UAB\dist\ccd.js.LICENSE.txt: 'TempFileFinder' object has no attribute 'get_file_age'
2025-03-02 00:10:46,035 - ERROR - Error getting file info for C:\Program Files\Adobe\Adobe Creative Cloud\Components\UAB\dist\d3609a3c2e4438ad3cb5.png: 'TempFileFinder' object has no attribute 'get_file_age'
2025-03-02 00:10:46,036 - ERROR - Error getting file info for C:\Program Files\Adobe\Adobe Creative Cloud\Components\UAB\dist\e941bf12fc9c483bef86.png: 'TempFileFinder' object has no attribute 'get_file_age'
2025-03-02 00:10:46,037 - ERROR - Error getting file info for C:\Program Files\Adobe\Adobe Creative Cloud\Components\UAB\dist\f3e67eefc7929f457289.png: 'TempFileFinder' object has no attribute 'get_file_age'
2025-03-02 00:10:46,037 - ERROR - Error getting file info for C:\Program Files\Adobe\Adobe Creative Cloud\Components\UAB\dist\remoteEntry.js: 'TempFileFinder' object has no attribute 'get_file_age'
2025-03-02 00:10:46,037 - ERROR - Error getting file info for C:\Program Files\Adobe\Adobe Creative Cloud\Components\UAB\dist\SpActionBar.js: 'TempFileFinder' object has no attribute 'get_file_age'
2025-03-02 00:10:46,037 - ERROR - Error getting file info for C:\Program Files\Adobe\Adobe Creative Cloud\Components\UAB\dist\SpActionButton.js: 'TempFileFinder' object has no attribute 'get_file_age'
2025-03-02 00:10:46,038 - ERROR - Error getting file info for C:\Program Files\Adobe\Adobe Creative Cloud\Components\UAB\dist\SpActionButton.js.LICENSE.txt: 'TempFileFinder' object has no attribute 'get_file_age'
2025-03-02 00:10:46,038 - ERROR - Error getting file info for C:\Program Files\Adobe\Adobe Creative Cloud\Components\UAB\dist\SpActionGroup.js: 'TempFileFinder' object has no attribute 'get_file_age'
2025-03-02 00:10:46,038 - ERROR - Error getting file info for C:\Program Files\Adobe\Adobe Creative Cloud\Components\UAB\dist\SpActionMenu.js: 'TempFileFinder' object has no attribute 'get_file_age'
2025-03-02 00:10:46,038 - ERROR - Error getting file info for C:\Program Files\Adobe\Adobe Creative Cloud\Components\UAB\dist\SpActionMenu.js.LICENSE.txt: 'TempFileFinder' object has no attribute 'get_file_age'
2025-03-02 00:10:46,039 - ERROR - Error getting file info for C:\Program Files\Adobe\Adobe Creative Cloud\Components\UAB\dist\SpButton.js: 'TempFileFinder' object has no attribute 'get_file_age'
2025-03-02 00:10:46,039 - ERROR - Error getting file info for C:\Program Files\Adobe\Adobe Creative Cloud\Components\UAB\dist\SpButton.js.LICENSE.txt: 'TempFileFinder' object has no attribute 'get_file_age'
2025-03-02 00:10:46,039 - ERROR - Error getting file info for C:\Program Files\Adobe\Adobe Creative Cloud\Components\UAB\dist\SpButtonGroup.js: 'TempFileFinder' object has no attribute 'get_file_age'
2025-03-02 00:10:46,039 - ERROR - Error getting file info for C:\Program Files\Adobe\Adobe Creative Cloud\Components\UAB\dist\SpDialog.js: 'TempFileFinder' object has no attribute 'get_file_age'
2025-03-02 00:10:46,040 - ERROR - Error getting file info for C:\Program Files\Adobe\Adobe Creative Cloud\Components\UAB\dist\SpDialog.js.LICENSE.txt: 'TempFileFinder' object has no attribute 'get_file_age'
2025-03-02 00:10:46,040 - ERROR - Error getting file info for C:\Program Files\Adobe\Adobe Creative Cloud\Components\UAB\dist\SpDivider.js: 'TempFileFinder' object has no attribute 'get_file_age'
2025-03-02 00:10:46,040 - ERROR - Error getting file info for C:\Program Files\Adobe\Adobe Creative Cloud\Components\UAB\dist\SpIconAddCircle.js: 'TempFileFinder' object has no attribute 'get_file_age'
2025-03-02 00:10:46,040 - ERROR - Error getting file info for C:\Program Files\Adobe\Adobe Creative Cloud\Components\UAB\dist\SpIconClassicGridView.js: 'TempFileFinder' object has no attribute 'get_file_age'
2025-03-02 00:10:46,041 - ERROR - Error getting file info for C:\Program Files\Adobe\Adobe Creative Cloud\Components\UAB\dist\SpIconClose.js: 'TempFileFinder' object has no attribute 'get_file_age'
2025-03-02 00:10:46,041 - ERROR - Error getting file info for C:\Program Files\Adobe\Adobe Creative Cloud\Components\UAB\dist\SpIconFilter.js: 'TempFileFinder' object has no attribute 'get_file_age'
2025-03-02 00:10:46,041 - ERROR - Error getting file info for C:\Program Files\Adobe\Adobe Creative Cloud\Components\UAB\dist\SpIconMore.js: 'TempFileFinder' object has no attribute 'get_file_age'
2025-03-02 00:10:46,041 - ERROR - Error getting file info for C:\Program Files\Adobe\Adobe Creative Cloud\Components\UAB\dist\SpIconSortOrderDown.js: 'TempFileFinder' object has no attribute 'get_file_age'
2025-03-02 00:10:46,042 - ERROR - Error getting file info for C:\Program Files\Adobe\Adobe Creative Cloud\Components\UAB\dist\SpIconSortOrderUp.js: 'TempFileFinder' object has no attribute 'get_file_age'
2025-03-02 00:10:46,042 - ERROR - Error getting file info for C:\Program Files\Adobe\Adobe Creative Cloud\Components\UAB\dist\SpIconUser.js: 'TempFileFinder' object has no attribute 'get_file_age'
2025-03-02 00:10:46,042 - ERROR - Error getting file info for C:\Program Files\Adobe\Adobe Creative Cloud\Components\UAB\dist\SpIconUserGroup.js: 'TempFileFinder' object has no attribute 'get_file_age'
2025-03-02 00:10:46,043 - ERROR - Error getting file info for C:\Program Files\Adobe\Adobe Creative Cloud\Components\UAB\dist\SpIconViewList.js: 'TempFileFinder' object has no attribute 'get_file_age'
2025-03-02 00:10:46,043 - ERROR - Error getting file info for C:\Program Files\Adobe\Adobe Creative Cloud\Components\UAB\dist\SpIllustratedMessage.js: 'TempFileFinder' object has no attribute 'get_file_age'
2025-03-02 00:10:46,043 - ERROR - Error getting file info for C:\Program Files\Adobe\Adobe Creative Cloud\Components\UAB\dist\SpLink.js: 'TempFileFinder' object has no attribute 'get_file_age'
2025-03-02 00:10:46,043 - ERROR - Error getting file info for C:\Program Files\Adobe\Adobe Creative Cloud\Components\UAB\dist\SpLink.js.LICENSE.txt: 'TempFileFinder' object has no attribute 'get_file_age'
2025-03-02 00:10:46,044 - ERROR - Error getting file info for C:\Program Files\Adobe\Adobe Creative Cloud\Components\UAB\dist\SpMenu.js: 'TempFileFinder' object has no attribute 'get_file_age'
2025-03-02 00:10:46,044 - ERROR - Error getting file info for C:\Program Files\Adobe\Adobe Creative Cloud\Components\UAB\dist\SpOverlay.js: 'TempFileFinder' object has no attribute 'get_file_age'
2025-03-02 00:10:46,044 - ERROR - Error getting file info for C:\Program Files\Adobe\Adobe Creative Cloud\Components\UAB\dist\SpPicker.js: 'TempFileFinder' object has no attribute 'get_file_age'
2025-03-02 00:10:46,045 - ERROR - Error getting file info for C:\Program Files\Adobe\Adobe Creative Cloud\Components\UAB\dist\SpPopover.js: 'TempFileFinder' object has no attribute 'get_file_age'
2025-03-02 00:10:46,045 - ERROR - Error getting file info for C:\Program Files\Adobe\Adobe Creative Cloud\Components\UAB\dist\SpProgressCircle.js: 'TempFileFinder' object has no attribute 'get_file_age'
2025-03-02 00:10:46,045 - ERROR - Error getting file info for C:\Program Files\Adobe\Adobe Creative Cloud\Components\UAB\dist\SpProgressCircle.js.LICENSE.txt: 'TempFileFinder' object has no attribute 'get_file_age'
2025-03-02 00:10:46,046 - ERROR - Error getting file info for C:\Program Files\Adobe\Adobe Creative Cloud\Components\UAB\dist\SpTabs.js: 'TempFileFinder' object has no attribute 'get_file_age'
2025-03-02 00:10:46,046 - ERROR - Error getting file info for C:\Program Files\Adobe\Adobe Creative Cloud\Components\UAB\dist\SpTabs.js.LICENSE.txt: 'TempFileFinder' object has no attribute 'get_file_age'
2025-03-02 00:10:46,046 - ERROR - Error getting file info for C:\Program Files\Adobe\Adobe Creative Cloud\Components\UAB\dist\SpTextfield.js: 'TempFileFinder' object has no attribute 'get_file_age'
2025-03-02 00:10:46,046 - ERROR - Error getting file info for C:\Program Files\Adobe\Adobe Creative Cloud\Components\UAB\dist\SpTextfield.js.LICENSE.txt: 'TempFileFinder' object has no attribute 'get_file_age'
2025-03-02 00:10:46,046 - ERROR - Error getting file info for C:\Program Files\Adobe\Adobe Creative Cloud\Components\UAB\dist\SpTheme.js: 'TempFileFinder' object has no attribute 'get_file_age'
2025-03-02 00:10:46,046 - ERROR - Error getting file info for C:\Program Files\Adobe\Adobe Creative Cloud\Components\UAB\dist\SpToast.js: 'TempFileFinder' object has no attribute 'get_file_age'
2025-03-02 00:10:46,047 - ERROR - Error getting file info for C:\Program Files\Adobe\Adobe Creative Cloud\Components\UAB\dist\styles.css: 'TempFileFinder' object has no attribute 'get_file_age'
2025-03-02 00:10:46,047 - ERROR - Error getting file info for C:\Program Files\Adobe\Adobe Creative Cloud\Components\UAB\dist\SWCDarkestTheme.js: 'TempFileFinder' object has no attribute 'get_file_age'
2025-03-02 00:10:46,047 - ERROR - Error getting file info for C:\Program Files\Adobe\Adobe Creative Cloud\Components\UAB\dist\SWCDarkTheme.js: 'TempFileFinder' object has no attribute 'get_file_age'
2025-03-02 00:10:46,047 - ERROR - Error getting file info for C:\Program Files\Adobe\Adobe Creative Cloud\Components\UAB\dist\SWCExpressDarkestTheme.js: 'TempFileFinder' object has no attribute 'get_file_age'
2025-03-02 00:10:46,048 - ERROR - Error getting file info for C:\Program Files\Adobe\Adobe Creative Cloud\Components\UAB\dist\SWCExpressDarkTheme.js: 'TempFileFinder' object has no attribute 'get_file_age'
2025-03-02 00:10:46,048 - ERROR - Error getting file info for C:\Program Files\Adobe\Adobe Creative Cloud\Components\UAB\dist\SWCExpressLargeScale.js: 'TempFileFinder' object has no attribute 'get_file_age'
2025-03-02 00:10:46,049 - ERROR - Error getting file info for C:\Program Files\Adobe\Adobe Creative Cloud\Components\UAB\dist\SWCExpressLightestTheme.js: 'TempFileFinder' object has no attribute 'get_file_age'
2025-03-02 00:10:46,049 - ERROR - Error getting file info for C:\Program Files\Adobe\Adobe Creative Cloud\Components\UAB\dist\SWCExpressLightTheme.js: 'TempFileFinder' object has no attribute 'get_file_age'
2025-03-02 00:10:46,049 - ERROR - Error getting file info for C:\Program Files\Adobe\Adobe Creative Cloud\Components\UAB\dist\SWCExpressMediumScale.js: 'TempFileFinder' object has no attribute 'get_file_age'
2025-03-02 00:10:46,049 - ERROR - Error getting file info for C:\Program Files\Adobe\Adobe Creative Cloud\Components\UAB\dist\SWCLargeScale.js: 'TempFileFinder' object has no attribute 'get_file_age'
2025-03-02 00:10:46,050 - ERROR - Error getting file info for C:\Program Files\Adobe\Adobe Creative Cloud\Components\UAB\dist\SWCLightestTheme.js: 'TempFileFinder' object has no attribute 'get_file_age'
2025-03-02 00:10:46,051 - ERROR - Error getting file info for C:\Program Files\Adobe\Adobe Creative Cloud\Components\UAB\dist\SWCLightTheme.js: 'TempFileFinder' object has no attribute 'get_file_age'
2025-03-02 00:10:46,051 - ERROR - Error getting file info for C:\Program Files\Adobe\Adobe Creative Cloud\Components\UAB\dist\SWCMediumScale.js: 'TempFileFinder' object has no attribute 'get_file_age'
2025-03-02 00:10:46,132 - ERROR - Error getting file info for C:\Program Files\Adobe\Adobe Illustrator 2025\Plug-ins\desktop.ini: 'TempFileFinder' object has no attribute 'get_file_age'
2025-03-02 00:10:46,137 - ERROR - Error getting file info for C:\Program Files\Adobe\Adobe Illustrator 2025\Presets\desktop.ini: 'TempFileFinder' object has no attribute 'get_file_age'
2025-03-02 00:10:46,178 - ERROR - Error getting file info for C:\Program Files\Adobe\Adobe Media Encoder 2024\desktop.ini: 'TempFileFinder' object has no attribute 'get_file_age'
2025-03-02 00:10:49,900 - ERROR - Error getting file info for C:\Program Files\Adobe\Adobe Photoshop 2024\desktop.ini: 'TempFileFinder' object has no attribute 'get_file_age'
2025-03-02 00:10:49,974 - ERROR - Error getting file info for C:\Program Files\Adobe\Adobe Photoshop 2024\Plug-ins\desktop.ini: 'TempFileFinder' object has no attribute 'get_file_age'
2025-03-02 00:10:54,710 - ERROR - Error getting file info for C:\Program Files\Blender Foundation\Blender 4.2\4.2\python\lib\collections\__pycache__\abc.cpython-311.pyc: 'TempFileFinder' object has no attribute 'get_file_age'
2025-03-02 00:10:54,710 - ERROR - Error getting file info for C:\Program Files\Blender Foundation\Blender 4.2\4.2\python\lib\collections\__pycache__\__init__.cpython-311.pyc: 'TempFileFinder' object has no attribute 'get_file_age'
2025-03-02 00:10:54,775 - ERROR - Error getting file info for C:\Program Files\Blender Foundation\Blender 4.2\4.2\python\lib\encodings\__pycache__\aliases.cpython-311.pyc: 'TempFileFinder' object has no attribute 'get_file_age'
2025-03-02 00:10:54,776 - ERROR - Error getting file info for C:\Program Files\Blender Foundation\Blender 4.2\4.2\python\lib\encodings\__pycache__\utf_8.cpython-311.pyc: 'TempFileFinder' object has no attribute 'get_file_age'
2025-03-02 00:10:54,776 - ERROR - Error getting file info for C:\Program Files\Blender Foundation\Blender 4.2\4.2\python\lib\encodings\__pycache__\__init__.cpython-311.pyc: 'TempFileFinder' object has no attribute 'get_file_age'
2025-03-02 00:10:54,804 - ERROR - Error getting file info for C:\Program Files\Blender Foundation\Blender 4.2\4.2\python\lib\importlib\__pycache__\__init__.cpython-311.pyc: 'TempFileFinder' object has no attribute 'get_file_age'
2025-03-02 00:10:54,847 - ERROR - Error getting file info for C:\Program Files\Blender Foundation\Blender 4.2\4.2\python\lib\re\__pycache__\_casefix.cpython-311.pyc: 'TempFileFinder' object has no attribute 'get_file_age'
2025-03-02 00:10:54,849 - ERROR - Error getting file info for C:\Program Files\Blender Foundation\Blender 4.2\4.2\python\lib\re\__pycache__\_compiler.cpython-311.pyc: 'TempFileFinder' object has no attribute 'get_file_age'
2025-03-02 00:10:54,849 - ERROR - Error getting file info for C:\Program Files\Blender Foundation\Blender 4.2\4.2\python\lib\re\__pycache__\_constants.cpython-311.pyc: 'TempFileFinder' object has no attribute 'get_file_age'
2025-03-02 00:10:54,849 - ERROR - Error getting file info for C:\Program Files\Blender Foundation\Blender 4.2\4.2\python\lib\re\__pycache__\_parser.cpython-311.pyc: 'TempFileFinder' object has no attribute 'get_file_age'
2025-03-02 00:10:54,849 - ERROR - Error getting file info for C:\Program Files\Blender Foundation\Blender 4.2\4.2\python\lib\re\__pycache__\__init__.cpython-311.pyc: 'TempFileFinder' object has no attribute 'get_file_age'
2025-03-02 00:10:54,889 - ERROR - Error getting file info for C:\Program Files\Blender Foundation\Blender 4.2\4.2\python\lib\site-packages\Cython\build\BuildExecutable.py: 'TempFileFinder' object has no attribute 'get_file_age'
2025-03-02 00:10:54,889 - ERROR - Error getting file info for C:\Program Files\Blender Foundation\Blender 4.2\4.2\python\lib\site-packages\Cython\build\Cythonize.py: 'TempFileFinder' object has no attribute 'get_file_age'
2025-03-02 00:10:54,889 - ERROR - Error getting file info for C:\Program Files\Blender Foundation\Blender 4.2\4.2\python\lib\site-packages\Cython\build\Dependencies.py: 'TempFileFinder' object has no attribute 'get_file_age'
2025-03-02 00:10:54,889 - ERROR - Error getting file info for C:\Program Files\Blender Foundation\Blender 4.2\4.2\python\lib\site-packages\Cython\build\Distutils.py: 'TempFileFinder' object has no attribute 'get_file_age'
2025-03-02 00:10:54,890 - ERROR - Error getting file info for C:\Program Files\Blender Foundation\Blender 4.2\4.2\python\lib\site-packages\Cython\build\Inline.py: 'TempFileFinder' object has no attribute 'get_file_age'
2025-03-02 00:10:54,890 - ERROR - Error getting file info for C:\Program Files\Blender Foundation\Blender 4.2\4.2\python\lib\site-packages\Cython\build\IpythonMagic.py: 'TempFileFinder' object has no attribute 'get_file_age'
2025-03-02 00:10:54,891 - ERROR - Error getting file info for C:\Program Files\Blender Foundation\Blender 4.2\4.2\python\lib\site-packages\Cython\build\__init__.py: 'TempFileFinder' object has no attribute 'get_file_age'
2025-03-02 00:10:55,665 - ERROR - Error getting file info for C:\Program Files\Blender Foundation\Blender 4.2\4.2\python\lib\site-packages\pip\_internal\operations\build\build_tracker.py: 'TempFileFinder' object has no attribute 'get_file_age'
2025-03-02 00:10:55,666 - ERROR - Error getting file info for C:\Program Files\Blender Foundation\Blender 4.2\4.2\python\lib\site-packages\pip\_internal\operations\build\metadata.py: 'TempFileFinder' object has no attribute 'get_file_age'
2025-03-02 00:10:55,667 - ERROR - Error getting file info for C:\Program Files\Blender Foundation\Blender 4.2\4.2\python\lib\site-packages\pip\_internal\operations\build\metadata_editable.py: 'TempFileFinder' object has no attribute 'get_file_age'
2025-03-02 00:10:55,668 - ERROR - Error getting file info for C:\Program Files\Blender Foundation\Blender 4.2\4.2\python\lib\site-packages\pip\_internal\operations\build\metadata_legacy.py: 'TempFileFinder' object has no attribute 'get_file_age'
2025-03-02 00:10:55,668 - ERROR - Error getting file info for C:\Program Files\Blender Foundation\Blender 4.2\4.2\python\lib\site-packages\pip\_internal\operations\build\wheel.py: 'TempFileFinder' object has no attribute 'get_file_age'
2025-03-02 00:10:55,669 - ERROR - Error getting file info for C:\Program Files\Blender Foundation\Blender 4.2\4.2\python\lib\site-packages\pip\_internal\operations\build\wheel_editable.py: 'TempFileFinder' object has no attribute 'get_file_age'
2025-03-02 00:10:55,669 - ERROR - Error getting file info for C:\Program Files\Blender Foundation\Blender 4.2\4.2\python\lib\site-packages\pip\_internal\operations\build\wheel_legacy.py: 'TempFileFinder' object has no attribute 'get_file_age'
2025-03-02 00:10:55,669 - ERROR - Error getting file info for C:\Program Files\Blender Foundation\Blender 4.2\4.2\python\lib\site-packages\pip\_internal\operations\build\__init__.py: 'TempFileFinder' object has no attribute 'get_file_age'
2025-03-02 00:10:56,186 - ERROR - Error getting file info for C:\Program Files\Blender Foundation\Blender 4.2\4.2\python\lib\site-packages\_distutils_hack\__pycache__\__init__.cpython-311.pyc: 'TempFileFinder' object has no attribute 'get_file_age'
2025-03-02 00:10:56,189 - ERROR - Error getting file info for C:\Program Files\Blender Foundation\Blender 4.2\4.2\python\lib\site-packages\__pycache__\sitecustomize.cpython-311.pyc: 'TempFileFinder' object has no attribute 'get_file_age'
2025-03-02 00:10:56,207 - ERROR - Error getting file info for C:\Program Files\Blender Foundation\Blender 4.2\4.2\python\lib\urllib\__pycache__\parse.cpython-311.pyc: 'TempFileFinder' object has no attribute 'get_file_age'
2025-03-02 00:10:56,207 - ERROR - Error getting file info for C:\Program Files\Blender Foundation\Blender 4.2\4.2\python\lib\urllib\__pycache__\__init__.cpython-311.pyc: 'TempFileFinder' object has no attribute 'get_file_age'
2025-03-02 00:10:56,249 - ERROR - Error getting file info for C:\Program Files\Blender Foundation\Blender 4.2\4.2\python\lib\__pycache__\ast.cpython-311.pyc: 'TempFileFinder' object has no attribute 'get_file_age'
2025-03-02 00:10:56,249 - ERROR - Error getting file info for C:\Program Files\Blender Foundation\Blender 4.2\4.2\python\lib\__pycache__\contextlib.cpython-311.pyc: 'TempFileFinder' object has no attribute 'get_file_age'
2025-03-02 00:10:56,250 - ERROR - Error getting file info for C:\Program Files\Blender Foundation\Blender 4.2\4.2\python\lib\__pycache__\copy.cpython-311.pyc: 'TempFileFinder' object has no attribute 'get_file_age'
2025-03-02 00:10:56,250 - ERROR - Error getting file info for C:\Program Files\Blender Foundation\Blender 4.2\4.2\python\lib\__pycache__\copyreg.cpython-311.pyc: 'TempFileFinder' object has no attribute 'get_file_age'
2025-03-02 00:10:56,250 - ERROR - Error getting file info for C:\Program Files\Blender Foundation\Blender 4.2\4.2\python\lib\__pycache__\dataclasses.cpython-311.pyc: 'TempFileFinder' object has no attribute 'get_file_age'
2025-03-02 00:10:56,250 - ERROR - Error getting file info for C:\Program Files\Blender Foundation\Blender 4.2\4.2\python\lib\__pycache__\dis.cpython-311.pyc: 'TempFileFinder' object has no attribute 'get_file_age'
2025-03-02 00:10:56,250 - ERROR - Error getting file info for C:\Program Files\Blender Foundation\Blender 4.2\4.2\python\lib\__pycache__\enum.cpython-311.pyc: 'TempFileFinder' object has no attribute 'get_file_age'
2025-03-02 00:10:56,251 - ERROR - Error getting file info for C:\Program Files\Blender Foundation\Blender 4.2\4.2\python\lib\__pycache__\fnmatch.cpython-311.pyc: 'TempFileFinder' object has no attribute 'get_file_age'
2025-03-02 00:10:56,251 - ERROR - Error getting file info for C:\Program Files\Blender Foundation\Blender 4.2\4.2\python\lib\__pycache__\functools.cpython-311.pyc: 'TempFileFinder' object has no attribute 'get_file_age'
2025-03-02 00:10:56,251 - ERROR - Error getting file info for C:\Program Files\Blender Foundation\Blender 4.2\4.2\python\lib\__pycache__\inspect.cpython-311.pyc: 'TempFileFinder' object has no attribute 'get_file_age'
2025-03-02 00:10:56,251 - ERROR - Error getting file info for C:\Program Files\Blender Foundation\Blender 4.2\4.2\python\lib\__pycache__\ipaddress.cpython-311.pyc: 'TempFileFinder' object has no attribute 'get_file_age'
2025-03-02 00:10:56,251 - ERROR - Error getting file info for C:\Program Files\Blender Foundation\Blender 4.2\4.2\python\lib\__pycache__\keyword.cpython-311.pyc: 'TempFileFinder' object has no attribute 'get_file_age'
2025-03-02 00:10:56,251 - ERROR - Error getting file info for C:\Program Files\Blender Foundation\Blender 4.2\4.2\python\lib\__pycache__\linecache.cpython-311.pyc: 'TempFileFinder' object has no attribute 'get_file_age'
2025-03-02 00:10:56,252 - ERROR - Error getting file info for C:\Program Files\Blender Foundation\Blender 4.2\4.2\python\lib\__pycache__\locale.cpython-311.pyc: 'TempFileFinder' object has no attribute 'get_file_age'
2025-03-02 00:10:56,252 - ERROR - Error getting file info for C:\Program Files\Blender Foundation\Blender 4.2\4.2\python\lib\__pycache__\opcode.cpython-311.pyc: 'TempFileFinder' object has no attribute 'get_file_age'
2025-03-02 00:10:56,252 - ERROR - Error getting file info for C:\Program Files\Blender Foundation\Blender 4.2\4.2\python\lib\__pycache__\operator.cpython-311.pyc: 'TempFileFinder' object has no attribute 'get_file_age'
2025-03-02 00:10:56,252 - ERROR - Error getting file info for C:\Program Files\Blender Foundation\Blender 4.2\4.2\python\lib\__pycache__\pathlib.cpython-311.pyc: 'TempFileFinder' object has no attribute 'get_file_age'
2025-03-02 00:10:56,253 - ERROR - Error getting file info for C:\Program Files\Blender Foundation\Blender 4.2\4.2\python\lib\__pycache__\platform.cpython-311.pyc: 'TempFileFinder' object has no attribute 'get_file_age'
2025-03-02 00:10:56,253 - ERROR - Error getting file info for C:\Program Files\Blender Foundation\Blender 4.2\4.2\python\lib\__pycache__\reprlib.cpython-311.pyc: 'TempFileFinder' object has no attribute 'get_file_age'
2025-03-02 00:10:56,253 - ERROR - Error getting file info for C:\Program Files\Blender Foundation\Blender 4.2\4.2\python\lib\__pycache__\selectors.cpython-311.pyc: 'TempFileFinder' object has no attribute 'get_file_age'
2025-03-02 00:10:56,253 - ERROR - Error getting file info for C:\Program Files\Blender Foundation\Blender 4.2\4.2\python\lib\__pycache__\signal.cpython-311.pyc: 'TempFileFinder' object has no attribute 'get_file_age'
2025-03-02 00:10:56,253 - ERROR - Error getting file info for C:\Program Files\Blender Foundation\Blender 4.2\4.2\python\lib\__pycache__\socket.cpython-311.pyc: 'TempFileFinder' object has no attribute 'get_file_age'
2025-03-02 00:10:56,253 - ERROR - Error getting file info for C:\Program Files\Blender Foundation\Blender 4.2\4.2\python\lib\__pycache__\subprocess.cpython-311.pyc: 'TempFileFinder' object has no attribute 'get_file_age'
2025-03-02 00:10:56,253 - ERROR - Error getting file info for C:\Program Files\Blender Foundation\Blender 4.2\4.2\python\lib\__pycache__\threading.cpython-311.pyc: 'TempFileFinder' object has no attribute 'get_file_age'
2025-03-02 00:10:56,254 - ERROR - Error getting file info for C:\Program Files\Blender Foundation\Blender 4.2\4.2\python\lib\__pycache__\token.cpython-311.pyc: 'TempFileFinder' object has no attribute 'get_file_age'
2025-03-02 00:10:56,254 - ERROR - Error getting file info for C:\Program Files\Blender Foundation\Blender 4.2\4.2\python\lib\__pycache__\tokenize.cpython-311.pyc: 'TempFileFinder' object has no attribute 'get_file_age'
2025-03-02 00:10:56,254 - ERROR - Error getting file info for C:\Program Files\Blender Foundation\Blender 4.2\4.2\python\lib\__pycache__\types.cpython-311.pyc: 'TempFileFinder' object has no attribute 'get_file_age'
2025-03-02 00:10:56,254 - ERROR - Error getting file info for C:\Program Files\Blender Foundation\Blender 4.2\4.2\python\lib\__pycache__\typing.cpython-311.pyc: 'TempFileFinder' object has no attribute 'get_file_age'
2025-03-02 00:10:56,254 - ERROR - Error getting file info for C:\Program Files\Blender Foundation\Blender 4.2\4.2\python\lib\__pycache__\warnings.cpython-311.pyc: 'TempFileFinder' object has no attribute 'get_file_age'
2025-03-02 00:10:56,255 - ERROR - Error getting file info for C:\Program Files\Blender Foundation\Blender 4.2\4.2\python\lib\__pycache__\weakref.cpython-311.pyc: 'TempFileFinder' object has no attribute 'get_file_age'
2025-03-02 00:10:56,255 - ERROR - Error getting file info for C:\Program Files\Blender Foundation\Blender 4.2\4.2\python\lib\__pycache__\_weakrefset.cpython-311.pyc: 'TempFileFinder' object has no attribute 'get_file_age'
2025-03-02 00:10:56,255 - ERROR - Error getting file info for C:\Program Files\Blender Foundation\Blender 4.2\4.2\python\lib\__pycache__\__future__.cpython-311.pyc: 'TempFileFinder' object has no attribute 'get_file_age'
2025-03-02 00:10:56,286 - ERROR - Error getting file info for C:\Program Files\Blender Foundation\Blender 4.2\4.2\scripts\addons_core\bl_pkg\__pycache__\bl_extension_ops.cpython-311.pyc: 'TempFileFinder' object has no attribute 'get_file_age'
2025-03-02 00:10:56,287 - ERROR - Error getting file info for C:\Program Files\Blender Foundation\Blender 4.2\4.2\scripts\addons_core\bl_pkg\__pycache__\bl_extension_ui.cpython-311.pyc: 'TempFileFinder' object has no attribute 'get_file_age'
2025-03-02 00:10:56,287 - ERROR - Error getting file info for C:\Program Files\Blender Foundation\Blender 4.2\4.2\scripts\addons_core\bl_pkg\__pycache__\__init__.cpython-311.pyc: 'TempFileFinder' object has no attribute 'get_file_age'
2025-03-02 00:10:56,453 - ERROR - Error getting file info for C:\Program Files\Blender Foundation\Blender 4.2\4.2\scripts\addons_core\cycles\__pycache__\camera.cpython-311.pyc: 'TempFileFinder' object has no attribute 'get_file_age'
2025-03-02 00:10:56,454 - ERROR - Error getting file info for C:\Program Files\Blender Foundation\Blender 4.2\4.2\scripts\addons_core\cycles\__pycache__\engine.cpython-311.pyc: 'TempFileFinder' object has no attribute 'get_file_age'
2025-03-02 00:10:56,454 - ERROR - Error getting file info for C:\Program Files\Blender Foundation\Blender 4.2\4.2\scripts\addons_core\cycles\__pycache__\operators.cpython-311.pyc: 'TempFileFinder' object has no attribute 'get_file_age'
2025-03-02 00:10:56,454 - ERROR - Error getting file info for C:\Program Files\Blender Foundation\Blender 4.2\4.2\scripts\addons_core\cycles\__pycache__\presets.cpython-311.pyc: 'TempFileFinder' object has no attribute 'get_file_age'
2025-03-02 00:10:56,454 - ERROR - Error getting file info for C:\Program Files\Blender Foundation\Blender 4.2\4.2\scripts\addons_core\cycles\__pycache__\properties.cpython-311.pyc: 'TempFileFinder' object has no attribute 'get_file_age'
2025-03-02 00:10:56,454 - ERROR - Error getting file info for C:\Program Files\Blender Foundation\Blender 4.2\4.2\scripts\addons_core\cycles\__pycache__\ui.cpython-311.pyc: 'TempFileFinder' object has no attribute 'get_file_age'
2025-03-02 00:10:56,454 - ERROR - Error getting file info for C:\Program Files\Blender Foundation\Blender 4.2\4.2\scripts\addons_core\cycles\__pycache__\version_update.cpython-311.pyc: 'TempFileFinder' object has no attribute 'get_file_age'
2025-03-02 00:10:56,454 - ERROR - Error getting file info for C:\Program Files\Blender Foundation\Blender 4.2\4.2\scripts\addons_core\cycles\__pycache__\__init__.cpython-311.pyc: 'TempFileFinder' object has no attribute 'get_file_age'
2025-03-02 00:10:56,465 - ERROR - Error getting file info for C:\Program Files\Blender Foundation\Blender 4.2\4.2\scripts\addons_core\io_anim_bvh\__pycache__\__init__.cpython-311.pyc: 'TempFileFinder' object has no attribute 'get_file_age'
2025-03-02 00:10:56,472 - ERROR - Error getting file info for C:\Program Files\Blender Foundation\Blender 4.2\4.2\scripts\addons_core\io_curve_svg\__pycache__\__init__.cpython-311.pyc: 'TempFileFinder' object has no attribute 'get_file_age'
2025-03-02 00:10:56,478 - ERROR - Error getting file info for C:\Program Files\Blender Foundation\Blender 4.2\4.2\scripts\addons_core\io_mesh_uv_layout\__pycache__\__init__.cpython-311.pyc: 'TempFileFinder' object has no attribute 'get_file_age'
2025-03-02 00:10:56,485 - ERROR - Error getting file info for C:\Program Files\Blender Foundation\Blender 4.2\4.2\scripts\addons_core\io_scene_fbx\__pycache__\__init__.cpython-311.pyc: 'TempFileFinder' object has no attribute 'get_file_age'
2025-03-02 00:10:56,502 - ERROR - Error getting file info for C:\Program Files\Blender Foundation\Blender 4.2\4.2\scripts\addons_core\io_scene_gltf2\blender\com\__pycache__\gltf2_blender_material_helpers.cpython-311.pyc: 'TempFileFinder' object has no attribute 'get_file_age'
2025-03-02 00:10:56,502 - ERROR - Error getting file info for C:\Program Files\Blender Foundation\Blender 4.2\4.2\scripts\addons_core\io_scene_gltf2\blender\com\__pycache__\gltf2_blender_ui.cpython-311.pyc: 'TempFileFinder' object has no attribute 'get_file_age'
2025-03-02 00:10:56,558 - ERROR - Error getting file info for C:\Program Files\Blender Foundation\Blender 4.2\4.2\scripts\addons_core\io_scene_gltf2\blender\__pycache__\__init__.cpython-311.pyc: 'TempFileFinder' object has no attribute 'get_file_age'
2025-03-02 00:10:56,575 - ERROR - Error getting file info for C:\Program Files\Blender Foundation\Blender 4.2\4.2\scripts\addons_core\io_scene_gltf2\__pycache__\__init__.cpython-311.pyc: 'TempFileFinder' object has no attribute 'get_file_age'
2025-03-02 00:10:56,590 - ERROR - Error getting file info for C:\Program Files\Blender Foundation\Blender 4.2\4.2\scripts\addons_core\pose_library\__pycache__\asset_browser.cpython-311.pyc: 'TempFileFinder' object has no attribute 'get_file_age'
2025-03-02 00:10:56,590 - ERROR - Error getting file info for C:\Program Files\Blender Foundation\Blender 4.2\4.2\scripts\addons_core\pose_library\__pycache__\conversion.cpython-311.pyc: 'TempFileFinder' object has no attribute 'get_file_age'
2025-03-02 00:10:56,590 - ERROR - Error getting file info for C:\Program Files\Blender Foundation\Blender 4.2\4.2\scripts\addons_core\pose_library\__pycache__\functions.cpython-311.pyc: 'TempFileFinder' object has no attribute 'get_file_age'
2025-03-02 00:10:56,591 - ERROR - Error getting file info for C:\Program Files\Blender Foundation\Blender 4.2\4.2\scripts\addons_core\pose_library\__pycache__\gui.cpython-311.pyc: 'TempFileFinder' object has no attribute 'get_file_age'
2025-03-02 00:10:56,591 - ERROR - Error getting file info for C:\Program Files\Blender Foundation\Blender 4.2\4.2\scripts\addons_core\pose_library\__pycache__\keymaps.cpython-311.pyc: 'TempFileFinder' object has no attribute 'get_file_age'
2025-03-02 00:10:56,591 - ERROR - Error getting file info for C:\Program Files\Blender Foundation\Blender 4.2\4.2\scripts\addons_core\pose_library\__pycache__\operators.cpython-311.pyc: 'TempFileFinder' object has no attribute 'get_file_age'
2025-03-02 00:10:56,591 - ERROR - Error getting file info for C:\Program Files\Blender Foundation\Blender 4.2\4.2\scripts\addons_core\pose_library\__pycache__\pose_creation.cpython-311.pyc: 'TempFileFinder' object has no attribute 'get_file_age'
2025-03-02 00:10:56,591 - ERROR - Error getting file info for C:\Program Files\Blender Foundation\Blender 4.2\4.2\scripts\addons_core\pose_library\__pycache__\pose_usage.cpython-311.pyc: 'TempFileFinder' object has no attribute 'get_file_age'
2025-03-02 00:10:56,591 - ERROR - Error getting file info for C:\Program Files\Blender Foundation\Blender 4.2\4.2\scripts\addons_core\pose_library\__pycache__\__init__.cpython-311.pyc: 'TempFileFinder' object has no attribute 'get_file_age'
2025-03-02 00:10:56,720 - ERROR - Error getting file info for C:\Program Files\Blender Foundation\Blender 4.2\4.2\scripts\modules\bl_ui_utils\__pycache__\layout.cpython-311.pyc: 'TempFileFinder' object has no attribute 'get_file_age'
2025-03-02 00:10:56,720 - ERROR - Error getting file info for C:\Program Files\Blender Foundation\Blender 4.2\4.2\scripts\modules\bl_ui_utils\__pycache__\__init__.cpython-311.pyc: 'TempFileFinder' object has no attribute 'get_file_age'
2025-03-02 00:10:56,730 - ERROR - Error getting file info for C:\Program Files\Blender Foundation\Blender 4.2\4.2\scripts\modules\bpy\utils\__pycache__\__init__.cpython-311.pyc: 'TempFileFinder' object has no attribute 'get_file_age'
2025-03-02 00:10:56,735 - ERROR - Error getting file info for C:\Program Files\Blender Foundation\Blender 4.2\4.2\scripts\modules\bpy\__pycache__\ops.cpython-311.pyc: 'TempFileFinder' object has no attribute 'get_file_age'
2025-03-02 00:10:56,736 - ERROR - Error getting file info for C:\Program Files\Blender Foundation\Blender 4.2\4.2\scripts\modules\bpy\__pycache__\path.cpython-311.pyc: 'TempFileFinder' object has no attribute 'get_file_age'
2025-03-02 00:10:56,736 - ERROR - Error getting file info for C:\Program Files\Blender Foundation\Blender 4.2\4.2\scripts\modules\bpy\__pycache__\__init__.cpython-311.pyc: 'TempFileFinder' object has no attribute 'get_file_age'
2025-03-02 00:10:56,758 - ERROR - Error getting file info for C:\Program Files\Blender Foundation\Blender 4.2\4.2\scripts\modules\bpy_extras\__pycache__\asset_utils.cpython-311.pyc: 'TempFileFinder' object has no attribute 'get_file_age'
2025-03-02 00:10:56,758 - ERROR - Error getting file info for C:\Program Files\Blender Foundation\Blender 4.2\4.2\scripts\modules\bpy_extras\__pycache__\image_utils.cpython-311.pyc: 'TempFileFinder' object has no attribute 'get_file_age'
2025-03-02 00:10:56,758 - ERROR - Error getting file info for C:\Program Files\Blender Foundation\Blender 4.2\4.2\scripts\modules\bpy_extras\__pycache__\io_utils.cpython-311.pyc: 'TempFileFinder' object has no attribute 'get_file_age'
2025-03-02 00:10:56,759 - ERROR - Error getting file info for C:\Program Files\Blender Foundation\Blender 4.2\4.2\scripts\modules\bpy_extras\__pycache__\node_utils.cpython-311.pyc: 'TempFileFinder' object has no attribute 'get_file_age'
2025-03-02 00:10:56,759 - ERROR - Error getting file info for C:\Program Files\Blender Foundation\Blender 4.2\4.2\scripts\modules\bpy_extras\__pycache__\object_utils.cpython-311.pyc: 'TempFileFinder' object has no attribute 'get_file_age'
2025-03-02 00:10:56,759 - ERROR - Error getting file info for C:\Program Files\Blender Foundation\Blender 4.2\4.2\scripts\modules\bpy_extras\__pycache__\__init__.cpython-311.pyc: 'TempFileFinder' object has no attribute 'get_file_age'
2025-03-02 00:10:56,776 - ERROR - Error getting file info for C:\Program Files\Blender Foundation\Blender 4.2\4.2\scripts\modules\_bpy_internal\extensions\__pycache__\junction_module.cpython-311.pyc: 'TempFileFinder' object has no attribute 'get_file_age'
2025-03-02 00:10:56,776 - ERROR - Error getting file info for C:\Program Files\Blender Foundation\Blender 4.2\4.2\scripts\modules\_bpy_internal\extensions\__pycache__\__init__.cpython-311.pyc: 'TempFileFinder' object has no attribute 'get_file_age'
2025-03-02 00:10:56,780 - ERROR - Error getting file info for C:\Program Files\Blender Foundation\Blender 4.2\4.2\scripts\modules\_bpy_internal\__pycache__\__init__.cpython-311.pyc: 'TempFileFinder' object has no attribute 'get_file_age'
2025-03-02 00:10:56,784 - ERROR - Error getting file info for C:\Program Files\Blender Foundation\Blender 4.2\4.2\scripts\modules\__pycache__\addon_utils.cpython-311.pyc: 'TempFileFinder' object has no attribute 'get_file_age'
2025-03-02 00:10:56,785 - ERROR - Error getting file info for C:\Program Files\Blender Foundation\Blender 4.2\4.2\scripts\modules\__pycache__\bl_app_template_utils.cpython-311.pyc: 'TempFileFinder' object has no attribute 'get_file_age'
2025-03-02 00:10:56,785 - ERROR - Error getting file info for C:\Program Files\Blender Foundation\Blender 4.2\4.2\scripts\modules\__pycache__\bpy_restrict_state.cpython-311.pyc: 'TempFileFinder' object has no attribute 'get_file_age'
2025-03-02 00:10:56,785 - ERROR - Error getting file info for C:\Program Files\Blender Foundation\Blender 4.2\4.2\scripts\modules\__pycache__\bpy_types.cpython-311.pyc: 'TempFileFinder' object has no attribute 'get_file_age'
2025-03-02 00:10:56,785 - ERROR - Error getting file info for C:\Program Files\Blender Foundation\Blender 4.2\4.2\scripts\modules\__pycache__\keyingsets_utils.cpython-311.pyc: 'TempFileFinder' object has no attribute 'get_file_age'
2025-03-02 00:10:56,785 - ERROR - Error getting file info for C:\Program Files\Blender Foundation\Blender 4.2\4.2\scripts\modules\__pycache__\nodeitems_utils.cpython-311.pyc: 'TempFileFinder' object has no attribute 'get_file_age'
2025-03-02 00:10:56,786 - ERROR - Error getting file info for C:\Program Files\Blender Foundation\Blender 4.2\4.2\scripts\modules\__pycache__\rna_prop_ui.cpython-311.pyc: 'TempFileFinder' object has no attribute 'get_file_age'
2025-03-02 00:10:56,960 - ERROR - Error getting file info for C:\Program Files\Blender Foundation\Blender 4.2\4.2\scripts\startup\bl_operators\node_editor\__pycache__\node_functions.cpython-311.pyc: 'TempFileFinder' object has no attribute 'get_file_age'
2025-03-02 00:10:56,967 - ERROR - Error getting file info for C:\Program Files\Blender Foundation\Blender 4.2\4.2\scripts\startup\bl_operators\__pycache__\add_mesh_torus.cpython-311.pyc: 'TempFileFinder' object has no attribute 'get_file_age'
2025-03-02 00:10:56,967 - ERROR - Error getting file info for C:\Program Files\Blender Foundation\Blender 4.2\4.2\scripts\startup\bl_operators\__pycache__\anim.cpython-311.pyc: 'TempFileFinder' object has no attribute 'get_file_age'
2025-03-02 00:10:56,967 - ERROR - Error getting file info for C:\Program Files\Blender Foundation\Blender 4.2\4.2\scripts\startup\bl_operators\__pycache__\assets.cpython-311.pyc: 'TempFileFinder' object has no attribute 'get_file_age'
2025-03-02 00:10:56,968 - ERROR - Error getting file info for C:\Program Files\Blender Foundation\Blender 4.2\4.2\scripts\startup\bl_operators\__pycache__\bone_selection_sets.cpython-311.pyc: 'TempFileFinder' object has no attribute 'get_file_age'
2025-03-02 00:10:56,968 - ERROR - Error getting file info for C:\Program Files\Blender Foundation\Blender 4.2\4.2\scripts\startup\bl_operators\__pycache__\clip.cpython-311.pyc: 'TempFileFinder' object has no attribute 'get_file_age'
2025-03-02 00:10:56,968 - ERROR - Error getting file info for C:\Program Files\Blender Foundation\Blender 4.2\4.2\scripts\startup\bl_operators\__pycache__\connect_to_output.cpython-311.pyc: 'TempFileFinder' object has no attribute 'get_file_age'
2025-03-02 00:10:56,968 - ERROR - Error getting file info for C:\Program Files\Blender Foundation\Blender 4.2\4.2\scripts\startup\bl_operators\__pycache__\console.cpython-311.pyc: 'TempFileFinder' object has no attribute 'get_file_age'
2025-03-02 00:10:56,968 - ERROR - Error getting file info for C:\Program Files\Blender Foundation\Blender 4.2\4.2\scripts\startup\bl_operators\__pycache__\constraint.cpython-311.pyc: 'TempFileFinder' object has no attribute 'get_file_age'
2025-03-02 00:10:56,968 - ERROR - Error getting file info for C:\Program Files\Blender Foundation\Blender 4.2\4.2\scripts\startup\bl_operators\__pycache__\file.cpython-311.pyc: 'TempFileFinder' object has no attribute 'get_file_age'
2025-03-02 00:10:56,969 - ERROR - Error getting file info for C:\Program Files\Blender Foundation\Blender 4.2\4.2\scripts\startup\bl_operators\__pycache__\freestyle.cpython-311.pyc: 'TempFileFinder' object has no attribute 'get_file_age'
2025-03-02 00:10:56,969 - ERROR - Error getting file info for C:\Program Files\Blender Foundation\Blender 4.2\4.2\scripts\startup\bl_operators\__pycache__\geometry_nodes.cpython-311.pyc: 'TempFileFinder' object has no attribute 'get_file_age'
2025-03-02 00:10:56,969 - ERROR - Error getting file info for C:\Program Files\Blender Foundation\Blender 4.2\4.2\scripts\startup\bl_operators\__pycache__\image.cpython-311.pyc: 'TempFileFinder' object has no attribute 'get_file_age'
2025-03-02 00:10:56,969 - ERROR - Error getting file info for C:\Program Files\Blender Foundation\Blender 4.2\4.2\scripts\startup\bl_operators\__pycache__\image_as_planes.cpython-311.pyc: 'TempFileFinder' object has no attribute 'get_file_age'
2025-03-02 00:10:56,969 - ERROR - Error getting file info for C:\Program Files\Blender Foundation\Blender 4.2\4.2\scripts\startup\bl_operators\__pycache__\mesh.cpython-311.pyc: 'TempFileFinder' object has no attribute 'get_file_age'
2025-03-02 00:10:56,969 - ERROR - Error getting file info for C:\Program Files\Blender Foundation\Blender 4.2\4.2\scripts\startup\bl_operators\__pycache__\node.cpython-311.pyc: 'TempFileFinder' object has no attribute 'get_file_age'
2025-03-02 00:10:56,970 - ERROR - Error getting file info for C:\Program Files\Blender Foundation\Blender 4.2\4.2\scripts\startup\bl_operators\__pycache__\object.cpython-311.pyc: 'TempFileFinder' object has no attribute 'get_file_age'
2025-03-02 00:10:56,970 - ERROR - Error getting file info for C:\Program Files\Blender Foundation\Blender 4.2\4.2\scripts\startup\bl_operators\__pycache__\object_align.cpython-311.pyc: 'TempFileFinder' object has no attribute 'get_file_age'
2025-03-02 00:10:56,970 - ERROR - Error getting file info for C:\Program Files\Blender Foundation\Blender 4.2\4.2\scripts\startup\bl_operators\__pycache__\object_quick_effects.cpython-311.pyc: 'TempFileFinder' object has no attribute 'get_file_age'
2025-03-02 00:10:56,970 - ERROR - Error getting file info for C:\Program Files\Blender Foundation\Blender 4.2\4.2\scripts\startup\bl_operators\__pycache__\object_randomize_transform.cpython-311.pyc: 'TempFileFinder' object has no attribute 'get_file_age'
2025-03-02 00:10:56,970 - ERROR - Error getting file info for C:\Program Files\Blender Foundation\Blender 4.2\4.2\scripts\startup\bl_operators\__pycache__\presets.cpython-311.pyc: 'TempFileFinder' object has no attribute 'get_file_age'
2025-03-02 00:10:56,971 - ERROR - Error getting file info for C:\Program Files\Blender Foundation\Blender 4.2\4.2\scripts\startup\bl_operators\__pycache__\rigidbody.cpython-311.pyc: 'TempFileFinder' object has no attribute 'get_file_age'
2025-03-02 00:10:56,971 - ERROR - Error getting file info for C:\Program Files\Blender Foundation\Blender 4.2\4.2\scripts\startup\bl_operators\__pycache__\screen_play_rendered_anim.cpython-311.pyc: 'TempFileFinder' object has no attribute 'get_file_age'
2025-03-02 00:10:56,971 - ERROR - Error getting file info for C:\Program Files\Blender Foundation\Blender 4.2\4.2\scripts\startup\bl_operators\__pycache__\sequencer.cpython-311.pyc: 'TempFileFinder' object has no attribute 'get_file_age'
2025-03-02 00:10:56,971 - ERROR - Error getting file info for C:\Program Files\Blender Foundation\Blender 4.2\4.2\scripts\startup\bl_operators\__pycache__\spreadsheet.cpython-311.pyc: 'TempFileFinder' object has no attribute 'get_file_age'
2025-03-02 00:10:56,971 - ERROR - Error getting file info for C:\Program Files\Blender Foundation\Blender 4.2\4.2\scripts\startup\bl_operators\__pycache__\userpref.cpython-311.pyc: 'TempFileFinder' object has no attribute 'get_file_age'
2025-03-02 00:10:56,972 - ERROR - Error getting file info for C:\Program Files\Blender Foundation\Blender 4.2\4.2\scripts\startup\bl_operators\__pycache__\uvcalc_follow_active.cpython-311.pyc: 'TempFileFinder' object has no attribute 'get_file_age'
2025-03-02 00:10:56,972 - ERROR - Error getting file info for C:\Program Files\Blender Foundation\Blender 4.2\4.2\scripts\startup\bl_operators\__pycache__\uvcalc_lightmap.cpython-311.pyc: 'TempFileFinder' object has no attribute 'get_file_age'
2025-03-02 00:10:56,972 - ERROR - Error getting file info for C:\Program Files\Blender Foundation\Blender 4.2\4.2\scripts\startup\bl_operators\__pycache__\uvcalc_transform.cpython-311.pyc: 'TempFileFinder' object has no attribute 'get_file_age'
2025-03-02 00:10:56,973 - ERROR - Error getting file info for C:\Program Files\Blender Foundation\Blender 4.2\4.2\scripts\startup\bl_operators\__pycache__\vertexpaint_dirt.cpython-311.pyc: 'TempFileFinder' object has no attribute 'get_file_age'
2025-03-02 00:10:56,973 - ERROR - Error getting file info for C:\Program Files\Blender Foundation\Blender 4.2\4.2\scripts\startup\bl_operators\__pycache__\view3d.cpython-311.pyc: 'TempFileFinder' object has no attribute 'get_file_age'
2025-03-02 00:10:56,973 - ERROR - Error getting file info for C:\Program Files\Blender Foundation\Blender 4.2\4.2\scripts\startup\bl_operators\__pycache__\wm.cpython-311.pyc: 'TempFileFinder' object has no attribute 'get_file_age'
2025-03-02 00:10:56,973 - ERROR - Error getting file info for C:\Program Files\Blender Foundation\Blender 4.2\4.2\scripts\startup\bl_operators\__pycache__\world.cpython-311.pyc: 'TempFileFinder' object has no attribute 'get_file_age'
2025-03-02 00:10:56,973 - ERROR - Error getting file info for C:\Program Files\Blender Foundation\Blender 4.2\4.2\scripts\startup\bl_operators\__pycache__\__init__.cpython-311.pyc: 'TempFileFinder' object has no attribute 'get_file_age'
2025-03-02 00:10:57,013 - ERROR - Error getting file info for C:\Program Files\Blender Foundation\Blender 4.2\4.2\scripts\startup\bl_ui\__pycache__\anim.cpython-311.pyc: 'TempFileFinder' object has no attribute 'get_file_age'
2025-03-02 00:10:57,013 - ERROR - Error getting file info for C:\Program Files\Blender Foundation\Blender 4.2\4.2\scripts\startup\bl_ui\__pycache__\asset_shelf.cpython-311.pyc: 'TempFileFinder' object has no attribute 'get_file_age'
2025-03-02 00:10:57,014 - ERROR - Error getting file info for C:\Program Files\Blender Foundation\Blender 4.2\4.2\scripts\startup\bl_ui\__pycache__\generic_ui_list.cpython-311.pyc: 'TempFileFinder' object has no attribute 'get_file_age'
2025-03-02 00:10:57,014 - ERROR - Error getting file info for C:\Program Files\Blender Foundation\Blender 4.2\4.2\scripts\startup\bl_ui\__pycache__\node_add_menu.cpython-311.pyc: 'TempFileFinder' object has no attribute 'get_file_age'
2025-03-02 00:10:57,014 - ERROR - Error getting file info for C:\Program Files\Blender Foundation\Blender 4.2\4.2\scripts\startup\bl_ui\__pycache__\node_add_menu_compositor.cpython-311.pyc: 'TempFileFinder' object has no attribute 'get_file_age'
2025-03-02 00:10:57,015 - ERROR - Error getting file info for C:\Program Files\Blender Foundation\Blender 4.2\4.2\scripts\startup\bl_ui\__pycache__\node_add_menu_geometry.cpython-311.pyc: 'TempFileFinder' object has no attribute 'get_file_age'
2025-03-02 00:10:57,015 - ERROR - Error getting file info for C:\Program Files\Blender Foundation\Blender 4.2\4.2\scripts\startup\bl_ui\__pycache__\node_add_menu_shader.cpython-311.pyc: 'TempFileFinder' object has no attribute 'get_file_age'
2025-03-02 00:10:57,015 - ERROR - Error getting file info for C:\Program Files\Blender Foundation\Blender 4.2\4.2\scripts\startup\bl_ui\__pycache__\node_add_menu_texture.cpython-311.pyc: 'TempFileFinder' object has no attribute 'get_file_age'
2025-03-02 00:10:57,015 - ERROR - Error getting file info for C:\Program Files\Blender Foundation\Blender 4.2\4.2\scripts\startup\bl_ui\__pycache__\properties_animviz.cpython-311.pyc: 'TempFileFinder' object has no attribute 'get_file_age'
2025-03-02 00:10:57,015 - ERROR - Error getting file info for C:\Program Files\Blender Foundation\Blender 4.2\4.2\scripts\startup\bl_ui\__pycache__\properties_collection.cpython-311.pyc: 'TempFileFinder' object has no attribute 'get_file_age'
2025-03-02 00:10:57,017 - ERROR - Error getting file info for C:\Program Files\Blender Foundation\Blender 4.2\4.2\scripts\startup\bl_ui\__pycache__\properties_constraint.cpython-311.pyc: 'TempFileFinder' object has no attribute 'get_file_age'
2025-03-02 00:10:57,017 - ERROR - Error getting file info for C:\Program Files\Blender Foundation\Blender 4.2\4.2\scripts\startup\bl_ui\__pycache__\properties_data_armature.cpython-311.pyc: 'TempFileFinder' object has no attribute 'get_file_age'
2025-03-02 00:10:57,017 - ERROR - Error getting file info for C:\Program Files\Blender Foundation\Blender 4.2\4.2\scripts\startup\bl_ui\__pycache__\properties_data_bone.cpython-311.pyc: 'TempFileFinder' object has no attribute 'get_file_age'
2025-03-02 00:10:57,017 - ERROR - Error getting file info for C:\Program Files\Blender Foundation\Blender 4.2\4.2\scripts\startup\bl_ui\__pycache__\properties_data_camera.cpython-311.pyc: 'TempFileFinder' object has no attribute 'get_file_age'
2025-03-02 00:10:57,017 - ERROR - Error getting file info for C:\Program Files\Blender Foundation\Blender 4.2\4.2\scripts\startup\bl_ui\__pycache__\properties_data_curve.cpython-311.pyc: 'TempFileFinder' object has no attribute 'get_file_age'
2025-03-02 00:10:57,018 - ERROR - Error getting file info for C:\Program Files\Blender Foundation\Blender 4.2\4.2\scripts\startup\bl_ui\__pycache__\properties_data_curves.cpython-311.pyc: 'TempFileFinder' object has no attribute 'get_file_age'
2025-03-02 00:10:57,018 - ERROR - Error getting file info for C:\Program Files\Blender Foundation\Blender 4.2\4.2\scripts\startup\bl_ui\__pycache__\properties_data_empty.cpython-311.pyc: 'TempFileFinder' object has no attribute 'get_file_age'
2025-03-02 00:10:57,018 - ERROR - Error getting file info for C:\Program Files\Blender Foundation\Blender 4.2\4.2\scripts\startup\bl_ui\__pycache__\properties_data_gpencil.cpython-311.pyc: 'TempFileFinder' object has no attribute 'get_file_age'
2025-03-02 00:10:57,019 - ERROR - Error getting file info for C:\Program Files\Blender Foundation\Blender 4.2\4.2\scripts\startup\bl_ui\__pycache__\properties_data_grease_pencil.cpython-311.pyc: 'TempFileFinder' object has no attribute 'get_file_age'
2025-03-02 00:10:57,019 - ERROR - Error getting file info for C:\Program Files\Blender Foundation\Blender 4.2\4.2\scripts\startup\bl_ui\__pycache__\properties_data_lattice.cpython-311.pyc: 'TempFileFinder' object has no attribute 'get_file_age'
2025-03-02 00:10:57,019 - ERROR - Error getting file info for C:\Program Files\Blender Foundation\Blender 4.2\4.2\scripts\startup\bl_ui\__pycache__\properties_data_light.cpython-311.pyc: 'TempFileFinder' object has no attribute 'get_file_age'
2025-03-02 00:10:57,020 - ERROR - Error getting file info for C:\Program Files\Blender Foundation\Blender 4.2\4.2\scripts\startup\bl_ui\__pycache__\properties_data_lightprobe.cpython-311.pyc: 'TempFileFinder' object has no attribute 'get_file_age'
2025-03-02 00:10:57,020 - ERROR - Error getting file info for C:\Program Files\Blender Foundation\Blender 4.2\4.2\scripts\startup\bl_ui\__pycache__\properties_data_mesh.cpython-311.pyc: 'TempFileFinder' object has no attribute 'get_file_age'
2025-03-02 00:10:57,020 - ERROR - Error getting file info for C:\Program Files\Blender Foundation\Blender 4.2\4.2\scripts\startup\bl_ui\__pycache__\properties_data_metaball.cpython-311.pyc: 'TempFileFinder' object has no attribute 'get_file_age'
2025-03-02 00:10:57,020 - ERROR - Error getting file info for C:\Program Files\Blender Foundation\Blender 4.2\4.2\scripts\startup\bl_ui\__pycache__\properties_data_modifier.cpython-311.pyc: 'TempFileFinder' object has no attribute 'get_file_age'
2025-03-02 00:10:57,021 - ERROR - Error getting file info for C:\Program Files\Blender Foundation\Blender 4.2\4.2\scripts\startup\bl_ui\__pycache__\properties_data_pointcloud.cpython-311.pyc: 'TempFileFinder' object has no attribute 'get_file_age'
2025-03-02 00:10:57,021 - ERROR - Error getting file info for C:\Program Files\Blender Foundation\Blender 4.2\4.2\scripts\startup\bl_ui\__pycache__\properties_data_shaderfx.cpython-311.pyc: 'TempFileFinder' object has no attribute 'get_file_age'
2025-03-02 00:10:57,021 - ERROR - Error getting file info for C:\Program Files\Blender Foundation\Blender 4.2\4.2\scripts\startup\bl_ui\__pycache__\properties_data_speaker.cpython-311.pyc: 'TempFileFinder' object has no attribute 'get_file_age'
2025-03-02 00:10:57,021 - ERROR - Error getting file info for C:\Program Files\Blender Foundation\Blender 4.2\4.2\scripts\startup\bl_ui\__pycache__\properties_data_volume.cpython-311.pyc: 'TempFileFinder' object has no attribute 'get_file_age'
2025-03-02 00:10:57,021 - ERROR - Error getting file info for C:\Program Files\Blender Foundation\Blender 4.2\4.2\scripts\startup\bl_ui\__pycache__\properties_freestyle.cpython-311.pyc: 'TempFileFinder' object has no attribute 'get_file_age'
2025-03-02 00:10:57,022 - ERROR - Error getting file info for C:\Program Files\Blender Foundation\Blender 4.2\4.2\scripts\startup\bl_ui\__pycache__\properties_grease_pencil_common.cpython-311.pyc: 'TempFileFinder' object has no attribute 'get_file_age'
2025-03-02 00:10:57,022 - ERROR - Error getting file info for C:\Program Files\Blender Foundation\Blender 4.2\4.2\scripts\startup\bl_ui\__pycache__\properties_mask_common.cpython-311.pyc: 'TempFileFinder' object has no attribute 'get_file_age'
2025-03-02 00:10:57,022 - ERROR - Error getting file info for C:\Program Files\Blender Foundation\Blender 4.2\4.2\scripts\startup\bl_ui\__pycache__\properties_material.cpython-311.pyc: 'TempFileFinder' object has no attribute 'get_file_age'
2025-03-02 00:10:57,022 - ERROR - Error getting file info for C:\Program Files\Blender Foundation\Blender 4.2\4.2\scripts\startup\bl_ui\__pycache__\properties_material_gpencil.cpython-311.pyc: 'TempFileFinder' object has no attribute 'get_file_age'
2025-03-02 00:10:57,023 - ERROR - Error getting file info for C:\Program Files\Blender Foundation\Blender 4.2\4.2\scripts\startup\bl_ui\__pycache__\properties_object.cpython-311.pyc: 'TempFileFinder' object has no attribute 'get_file_age'
2025-03-02 00:10:57,023 - ERROR - Error getting file info for C:\Program Files\Blender Foundation\Blender 4.2\4.2\scripts\startup\bl_ui\__pycache__\properties_output.cpython-311.pyc: 'TempFileFinder' object has no attribute 'get_file_age'
2025-03-02 00:10:57,023 - ERROR - Error getting file info for C:\Program Files\Blender Foundation\Blender 4.2\4.2\scripts\startup\bl_ui\__pycache__\properties_paint_common.cpython-311.pyc: 'TempFileFinder' object has no attribute 'get_file_age'
2025-03-02 00:10:57,024 - ERROR - Error getting file info for C:\Program Files\Blender Foundation\Blender 4.2\4.2\scripts\startup\bl_ui\__pycache__\properties_particle.cpython-311.pyc: 'TempFileFinder' object has no attribute 'get_file_age'
2025-03-02 00:10:57,024 - ERROR - Error getting file info for C:\Program Files\Blender Foundation\Blender 4.2\4.2\scripts\startup\bl_ui\__pycache__\properties_physics_cloth.cpython-311.pyc: 'TempFileFinder' object has no attribute 'get_file_age'
2025-03-02 00:10:57,024 - ERROR - Error getting file info for C:\Program Files\Blender Foundation\Blender 4.2\4.2\scripts\startup\bl_ui\__pycache__\properties_physics_common.cpython-311.pyc: 'TempFileFinder' object has no attribute 'get_file_age'
2025-03-02 00:10:57,024 - ERROR - Error getting file info for C:\Program Files\Blender Foundation\Blender 4.2\4.2\scripts\startup\bl_ui\__pycache__\properties_physics_dynamicpaint.cpython-311.pyc: 'TempFileFinder' object has no attribute 'get_file_age'
2025-03-02 00:10:57,024 - ERROR - Error getting file info for C:\Program Files\Blender Foundation\Blender 4.2\4.2\scripts\startup\bl_ui\__pycache__\properties_physics_field.cpython-311.pyc: 'TempFileFinder' object has no attribute 'get_file_age'
2025-03-02 00:10:57,025 - ERROR - Error getting file info for C:\Program Files\Blender Foundation\Blender 4.2\4.2\scripts\startup\bl_ui\__pycache__\properties_physics_fluid.cpython-311.pyc: 'TempFileFinder' object has no attribute 'get_file_age'
2025-03-02 00:10:57,025 - ERROR - Error getting file info for C:\Program Files\Blender Foundation\Blender 4.2\4.2\scripts\startup\bl_ui\__pycache__\properties_physics_geometry_nodes.cpython-311.pyc: 'TempFileFinder' object has no attribute 'get_file_age'
2025-03-02 00:10:57,025 - ERROR - Error getting file info for C:\Program Files\Blender Foundation\Blender 4.2\4.2\scripts\startup\bl_ui\__pycache__\properties_physics_rigidbody.cpython-311.pyc: 'TempFileFinder' object has no attribute 'get_file_age'
2025-03-02 00:10:57,025 - ERROR - Error getting file info for C:\Program Files\Blender Foundation\Blender 4.2\4.2\scripts\startup\bl_ui\__pycache__\properties_physics_rigidbody_constraint.cpython-311.pyc: 'TempFileFinder' object has no attribute 'get_file_age'
2025-03-02 00:10:57,026 - ERROR - Error getting file info for C:\Program Files\Blender Foundation\Blender 4.2\4.2\scripts\startup\bl_ui\__pycache__\properties_physics_softbody.cpython-311.pyc: 'TempFileFinder' object has no attribute 'get_file_age'
2025-03-02 00:10:57,026 - ERROR - Error getting file info for C:\Program Files\Blender Foundation\Blender 4.2\4.2\scripts\startup\bl_ui\__pycache__\properties_render.cpython-311.pyc: 'TempFileFinder' object has no attribute 'get_file_age'
2025-03-02 00:10:57,026 - ERROR - Error getting file info for C:\Program Files\Blender Foundation\Blender 4.2\4.2\scripts\startup\bl_ui\__pycache__\properties_scene.cpython-311.pyc: 'TempFileFinder' object has no attribute 'get_file_age'
2025-03-02 00:10:57,026 - ERROR - Error getting file info for C:\Program Files\Blender Foundation\Blender 4.2\4.2\scripts\startup\bl_ui\__pycache__\properties_texture.cpython-311.pyc: 'TempFileFinder' object has no attribute 'get_file_age'
2025-03-02 00:10:57,026 - ERROR - Error getting file info for C:\Program Files\Blender Foundation\Blender 4.2\4.2\scripts\startup\bl_ui\__pycache__\properties_view_layer.cpython-311.pyc: 'TempFileFinder' object has no attribute 'get_file_age'
2025-03-02 00:10:57,027 - ERROR - Error getting file info for C:\Program Files\Blender Foundation\Blender 4.2\4.2\scripts\startup\bl_ui\__pycache__\properties_workspace.cpython-311.pyc: 'TempFileFinder' object has no attribute 'get_file_age'
2025-03-02 00:10:57,027 - ERROR - Error getting file info for C:\Program Files\Blender Foundation\Blender 4.2\4.2\scripts\startup\bl_ui\__pycache__\properties_world.cpython-311.pyc: 'TempFileFinder' object has no attribute 'get_file_age'
2025-03-02 00:10:57,027 - ERROR - Error getting file info for C:\Program Files\Blender Foundation\Blender 4.2\4.2\scripts\startup\bl_ui\__pycache__\space_clip.cpython-311.pyc: 'TempFileFinder' object has no attribute 'get_file_age'
2025-03-02 00:10:57,027 - ERROR - Error getting file info for C:\Program Files\Blender Foundation\Blender 4.2\4.2\scripts\startup\bl_ui\__pycache__\space_console.cpython-311.pyc: 'TempFileFinder' object has no attribute 'get_file_age'
2025-03-02 00:10:57,028 - ERROR - Error getting file info for C:\Program Files\Blender Foundation\Blender 4.2\4.2\scripts\startup\bl_ui\__pycache__\space_dopesheet.cpython-311.pyc: 'TempFileFinder' object has no attribute 'get_file_age'
2025-03-02 00:10:57,028 - ERROR - Error getting file info for C:\Program Files\Blender Foundation\Blender 4.2\4.2\scripts\startup\bl_ui\__pycache__\space_filebrowser.cpython-311.pyc: 'TempFileFinder' object has no attribute 'get_file_age'
2025-03-02 00:10:57,028 - ERROR - Error getting file info for C:\Program Files\Blender Foundation\Blender 4.2\4.2\scripts\startup\bl_ui\__pycache__\space_graph.cpython-311.pyc: 'TempFileFinder' object has no attribute 'get_file_age'
2025-03-02 00:10:57,028 - ERROR - Error getting file info for C:\Program Files\Blender Foundation\Blender 4.2\4.2\scripts\startup\bl_ui\__pycache__\space_image.cpython-311.pyc: 'TempFileFinder' object has no attribute 'get_file_age'
2025-03-02 00:10:57,028 - ERROR - Error getting file info for C:\Program Files\Blender Foundation\Blender 4.2\4.2\scripts\startup\bl_ui\__pycache__\space_info.cpython-311.pyc: 'TempFileFinder' object has no attribute 'get_file_age'
2025-03-02 00:10:57,029 - ERROR - Error getting file info for C:\Program Files\Blender Foundation\Blender 4.2\4.2\scripts\startup\bl_ui\__pycache__\space_nla.cpython-311.pyc: 'TempFileFinder' object has no attribute 'get_file_age'
2025-03-02 00:10:57,029 - ERROR - Error getting file info for C:\Program Files\Blender Foundation\Blender 4.2\4.2\scripts\startup\bl_ui\__pycache__\space_node.cpython-311.pyc: 'TempFileFinder' object has no attribute 'get_file_age'
2025-03-02 00:10:57,029 - ERROR - Error getting file info for C:\Program Files\Blender Foundation\Blender 4.2\4.2\scripts\startup\bl_ui\__pycache__\space_outliner.cpython-311.pyc: 'TempFileFinder' object has no attribute 'get_file_age'
2025-03-02 00:10:57,030 - ERROR - Error getting file info for C:\Program Files\Blender Foundation\Blender 4.2\4.2\scripts\startup\bl_ui\__pycache__\space_properties.cpython-311.pyc: 'TempFileFinder' object has no attribute 'get_file_age'
2025-03-02 00:10:57,030 - ERROR - Error getting file info for C:\Program Files\Blender Foundation\Blender 4.2\4.2\scripts\startup\bl_ui\__pycache__\space_sequencer.cpython-311.pyc: 'TempFileFinder' object has no attribute 'get_file_age'
2025-03-02 00:10:57,030 - ERROR - Error getting file info for C:\Program Files\Blender Foundation\Blender 4.2\4.2\scripts\startup\bl_ui\__pycache__\space_spreadsheet.cpython-311.pyc: 'TempFileFinder' object has no attribute 'get_file_age'
2025-03-02 00:10:57,031 - ERROR - Error getting file info for C:\Program Files\Blender Foundation\Blender 4.2\4.2\scripts\startup\bl_ui\__pycache__\space_statusbar.cpython-311.pyc: 'TempFileFinder' object has no attribute 'get_file_age'
2025-03-02 00:10:57,031 - ERROR - Error getting file info for C:\Program Files\Blender Foundation\Blender 4.2\4.2\scripts\startup\bl_ui\__pycache__\space_text.cpython-311.pyc: 'TempFileFinder' object has no attribute 'get_file_age'
2025-03-02 00:10:57,031 - ERROR - Error getting file info for C:\Program Files\Blender Foundation\Blender 4.2\4.2\scripts\startup\bl_ui\__pycache__\space_time.cpython-311.pyc: 'TempFileFinder' object has no attribute 'get_file_age'
2025-03-02 00:10:57,032 - ERROR - Error getting file info for C:\Program Files\Blender Foundation\Blender 4.2\4.2\scripts\startup\bl_ui\__pycache__\space_toolsystem_common.cpython-311.pyc: 'TempFileFinder' object has no attribute 'get_file_age'
2025-03-02 00:10:57,032 - ERROR - Error getting file info for C:\Program Files\Blender Foundation\Blender 4.2\4.2\scripts\startup\bl_ui\__pycache__\space_toolsystem_toolbar.cpython-311.pyc: 'TempFileFinder' object has no attribute 'get_file_age'
2025-03-02 00:10:57,032 - ERROR - Error getting file info for C:\Program Files\Blender Foundation\Blender 4.2\4.2\scripts\startup\bl_ui\__pycache__\space_topbar.cpython-311.pyc: 'TempFileFinder' object has no attribute 'get_file_age'
2025-03-02 00:10:57,032 - ERROR - Error getting file info for C:\Program Files\Blender Foundation\Blender 4.2\4.2\scripts\startup\bl_ui\__pycache__\space_userpref.cpython-311.pyc: 'TempFileFinder' object has no attribute 'get_file_age'
2025-03-02 00:10:57,032 - ERROR - Error getting file info for C:\Program Files\Blender Foundation\Blender 4.2\4.2\scripts\startup\bl_ui\__pycache__\space_view3d.cpython-311.pyc: 'TempFileFinder' object has no attribute 'get_file_age'
2025-03-02 00:10:57,032 - ERROR - Error getting file info for C:\Program Files\Blender Foundation\Blender 4.2\4.2\scripts\startup\bl_ui\__pycache__\space_view3d_toolbar.cpython-311.pyc: 'TempFileFinder' object has no attribute 'get_file_age'
2025-03-02 00:10:57,033 - ERROR - Error getting file info for C:\Program Files\Blender Foundation\Blender 4.2\4.2\scripts\startup\bl_ui\__pycache__\temp_anim_layers.cpython-311.pyc: 'TempFileFinder' object has no attribute 'get_file_age'
2025-03-02 00:10:57,033 - ERROR - Error getting file info for C:\Program Files\Blender Foundation\Blender 4.2\4.2\scripts\startup\bl_ui\__pycache__\utils.cpython-311.pyc: 'TempFileFinder' object has no attribute 'get_file_age'
2025-03-02 00:10:57,033 - ERROR - Error getting file info for C:\Program Files\Blender Foundation\Blender 4.2\4.2\scripts\startup\bl_ui\__pycache__\__init__.cpython-311.pyc: 'TempFileFinder' object has no attribute 'get_file_age'
2025-03-02 00:10:57,056 - ERROR - Error getting file info for C:\Program Files\Blender Foundation\Blender 4.2\4.2\scripts\startup\__pycache__\keyingsets_builtins.cpython-311.pyc: 'TempFileFinder' object has no attribute 'get_file_age'
2025-03-02 00:10:57,056 - ERROR - Error getting file info for C:\Program Files\Blender Foundation\Blender 4.2\4.2\scripts\startup\__pycache__\nodeitems_builtins.cpython-311.pyc: 'TempFileFinder' object has no attribute 'get_file_age'
2025-03-02 00:10:58,043 - ERROR - Error getting file info for C:\Program Files\CCleaner\LOG\BugReport.log: 'TempFileFinder' object has no attribute 'get_file_age'
2025-03-02 00:10:58,043 - ERROR - Error getting file info for C:\Program Files\CCleaner\LOG\DriverUpdaterLib.log: 'TempFileFinder' object has no attribute 'get_file_age'
2025-03-02 00:10:58,044 - ERROR - Error getting file info for C:\Program Files\CCleaner\LOG\DriverUpdEng.log: 'TempFileFinder' object has no attribute 'get_file_age'
2025-03-02 00:10:58,044 - ERROR - Error getting file info for C:\Program Files\CCleaner\LOG\DriverUpdEngTask.log: 'TempFileFinder' object has no attribute 'get_file_age'
2025-03-02 00:10:58,044 - ERROR - Error getting file info for C:\Program Files\CCleaner\LOG\event_manager.log: 'TempFileFinder' object has no attribute 'get_file_age'
2025-03-02 00:10:58,045 - ERROR - Error getting file info for C:\Program Files\CCleaner\LOG\pd.log: 'TempFileFinder' object has no attribute 'get_file_age'
2025-03-02 00:10:58,045 - ERROR - Error getting file info for C:\Program Files\CCleaner\LOG\su_adapter.log: 'TempFileFinder' object has no attribute 'get_file_age'
2025-03-02 00:10:58,045 - ERROR - Error getting file info for C:\Program Files\CCleaner\LOG\su_controller.log: 'TempFileFinder' object has no attribute 'get_file_age'
2025-03-02 00:10:58,046 - ERROR - Error getting file info for C:\Program Files\CCleaner\LOG\su_telemetry.log: 'TempFileFinder' object has no attribute 'get_file_age'
2025-03-02 00:11:03,093 - ERROR - Error getting file info for C:\Program Files\EaseUS\EaseUS Data Recovery Wizard\DRWLog.log: 'TempFileFinder' object has no attribute 'get_file_age'
2025-03-02 00:11:03,094 - ERROR - Error getting file info for C:\Program Files\EaseUS\EaseUS Data Recovery Wizard\DRWUI.log: 'TempFileFinder' object has no attribute 'get_file_age'
2025-03-02 00:11:03,094 - ERROR - Error getting file info for C:\Program Files\EaseUS\EaseUS Data Recovery Wizard\Eaolog.log: 'TempFileFinder' object has no attribute 'get_file_age'
2025-03-02 00:11:03,094 - ERROR - Error getting file info for C:\Program Files\EaseUS\EaseUS Data Recovery Wizard\strutureReg.log: 'TempFileFinder' object has no attribute 'get_file_age'
2025-03-02 00:11:03,569 - ERROR - Error getting file info for C:\Program Files\FreeCAD 0.21\install.log: 'TempFileFinder' object has no attribute 'get_file_age'
2025-03-02 00:11:05,126 - ERROR - Error getting file info for C:\Program Files\FreeCAD 0.21\bin\Lib\site-packages\pip\_internal\operations\build\metadata.py: 'TempFileFinder' object has no attribute 'get_file_age'
2025-03-02 00:11:05,126 - ERROR - Error getting file info for C:\Program Files\FreeCAD 0.21\bin\Lib\site-packages\pip\_internal\operations\build\metadata_legacy.py: 'TempFileFinder' object has no attribute 'get_file_age'
2025-03-02 00:11:05,126 - ERROR - Error getting file info for C:\Program Files\FreeCAD 0.21\bin\Lib\site-packages\pip\_internal\operations\build\wheel.py: 'TempFileFinder' object has no attribute 'get_file_age'
2025-03-02 00:11:05,127 - ERROR - Error getting file info for C:\Program Files\FreeCAD 0.21\bin\Lib\site-packages\pip\_internal\operations\build\wheel_legacy.py: 'TempFileFinder' object has no attribute 'get_file_age'
2025-03-02 00:11:05,127 - ERROR - Error getting file info for C:\Program Files\FreeCAD 0.21\bin\Lib\site-packages\pip\_internal\operations\build\__init__.py: 'TempFileFinder' object has no attribute 'get_file_age'
2025-03-02 00:11:12,124 - ERROR - Error getting file info for C:\Program Files\Git\usr\share\vim\vim91\autoload\dist\ft.vim: 'TempFileFinder' object has no attribute 'get_file_age'
2025-03-02 00:11:12,124 - ERROR - Error getting file info for C:\Program Files\Git\usr\share\vim\vim91\autoload\dist\json.vim: 'TempFileFinder' object has no attribute 'get_file_age'
2025-03-02 00:11:12,124 - ERROR - Error getting file info for C:\Program Files\Git\usr\share\vim\vim91\autoload\dist\man.vim: 'TempFileFinder' object has no attribute 'get_file_age'
2025-03-02 00:11:12,124 - ERROR - Error getting file info for C:\Program Files\Git\usr\share\vim\vim91\autoload\dist\script.vim: 'TempFileFinder' object has no attribute 'get_file_age'
2025-03-02 00:11:12,124 - ERROR - Error getting file info for C:\Program Files\Git\usr\share\vim\vim91\autoload\dist\vim.vim: 'TempFileFinder' object has no attribute 'get_file_age'
2025-03-02 00:11:12,125 - ERROR - Error getting file info for C:\Program Files\Git\usr\share\vim\vim91\autoload\dist\vim9.vim: 'TempFileFinder' object has no attribute 'get_file_age'
2025-03-02 00:11:12,125 - ERROR - Error getting file info for C:\Program Files\Git\usr\share\vim\vim91\autoload\dist\vimindent.vim: 'TempFileFinder' object has no attribute 'get_file_age'
2025-03-02 00:11:12,223 - ERROR - Error getting file info for C:\Program Files\Git\usr\share\vim\vim91\import\dist\vimhelp.vim: 'TempFileFinder' object has no attribute 'get_file_age'
2025-03-02 00:11:12,223 - ERROR - Error getting file info for C:\Program Files\Git\usr\share\vim\vim91\import\dist\vimhighlight.vim: 'TempFileFinder' object has no attribute 'get_file_age'
2025-03-02 00:11:13,487 - ERROR - Error getting file info for C:\Program Files\Inkscape\lib\python3.11\site-packages\numpy\array_api\tests\__pycache__\test_array_object.cpython-311.pyc: 'TempFileFinder' object has no attribute 'get_file_age'
2025-03-02 00:11:13,488 - ERROR - Error getting file info for C:\Program Files\Inkscape\lib\python3.11\site-packages\numpy\array_api\tests\__pycache__\test_creation_functions.cpython-311.pyc: 'TempFileFinder' object has no attribute 'get_file_age'
2025-03-02 00:11:13,488 - ERROR - Error getting file info for C:\Program Files\Inkscape\lib\python3.11\site-packages\numpy\array_api\tests\__pycache__\test_data_type_functions.cpython-311.pyc: 'TempFileFinder' object has no attribute 'get_file_age'
2025-03-02 00:11:13,489 - ERROR - Error getting file info for C:\Program Files\Inkscape\lib\python3.11\site-packages\numpy\array_api\tests\__pycache__\test_elementwise_functions.cpython-311.pyc: 'TempFileFinder' object has no attribute 'get_file_age'
2025-03-02 00:11:13,489 - ERROR - Error getting file info for C:\Program Files\Inkscape\lib\python3.11\site-packages\numpy\array_api\tests\__pycache__\test_indexing_functions.cpython-311.pyc: 'TempFileFinder' object has no attribute 'get_file_age'
2025-03-02 00:11:13,490 - ERROR - Error getting file info for C:\Program Files\Inkscape\lib\python3.11\site-packages\numpy\array_api\tests\__pycache__\test_manipulation_functions.cpython-311.pyc: 'TempFileFinder' object has no attribute 'get_file_age'
2025-03-02 00:11:13,490 - ERROR - Error getting file info for C:\Program Files\Inkscape\lib\python3.11\site-packages\numpy\array_api\tests\__pycache__\test_set_functions.cpython-311.pyc: 'TempFileFinder' object has no attribute 'get_file_age'
2025-03-02 00:11:13,491 - ERROR - Error getting file info for C:\Program Files\Inkscape\lib\python3.11\site-packages\numpy\array_api\tests\__pycache__\test_sorting_functions.cpython-311.pyc: 'TempFileFinder' object has no attribute 'get_file_age'
2025-03-02 00:11:13,491 - ERROR - Error getting file info for C:\Program Files\Inkscape\lib\python3.11\site-packages\numpy\array_api\tests\__pycache__\test_validation.cpython-311.pyc: 'TempFileFinder' object has no attribute 'get_file_age'
2025-03-02 00:11:13,492 - ERROR - Error getting file info for C:\Program Files\Inkscape\lib\python3.11\site-packages\numpy\array_api\tests\__pycache__\__init__.cpython-311.pyc: 'TempFileFinder' object has no attribute 'get_file_age'
2025-03-02 00:11:13,499 - ERROR - Error getting file info for C:\Program Files\Inkscape\lib\python3.11\site-packages\numpy\array_api\__pycache__\linalg.cpython-311.pyc: 'TempFileFinder' object has no attribute 'get_file_age'
2025-03-02 00:11:13,500 - ERROR - Error getting file info for C:\Program Files\Inkscape\lib\python3.11\site-packages\numpy\array_api\__pycache__\setup.cpython-311.pyc: 'TempFileFinder' object has no attribute 'get_file_age'
2025-03-02 00:11:13,500 - ERROR - Error getting file info for C:\Program Files\Inkscape\lib\python3.11\site-packages\numpy\array_api\__pycache__\_array_object.cpython-311.pyc: 'TempFileFinder' object has no attribute 'get_file_age'
2025-03-02 00:11:13,501 - ERROR - Error getting file info for C:\Program Files\Inkscape\lib\python3.11\site-packages\numpy\array_api\__pycache__\_constants.cpython-311.pyc: 'TempFileFinder' object has no attribute 'get_file_age'
2025-03-02 00:11:13,502 - ERROR - Error getting file info for C:\Program Files\Inkscape\lib\python3.11\site-packages\numpy\array_api\__pycache__\_creation_functions.cpython-311.pyc: 'TempFileFinder' object has no attribute 'get_file_age'
2025-03-02 00:11:13,502 - ERROR - Error getting file info for C:\Program Files\Inkscape\lib\python3.11\site-packages\numpy\array_api\__pycache__\_data_type_functions.cpython-311.pyc: 'TempFileFinder' object has no attribute 'get_file_age'
2025-03-02 00:11:13,503 - ERROR - Error getting file info for C:\Program Files\Inkscape\lib\python3.11\site-packages\numpy\array_api\__pycache__\_dtypes.cpython-311.pyc: 'TempFileFinder' object has no attribute 'get_file_age'
2025-03-02 00:11:13,503 - ERROR - Error getting file info for C:\Program Files\Inkscape\lib\python3.11\site-packages\numpy\array_api\__pycache__\_elementwise_functions.cpython-311.pyc: 'TempFileFinder' object has no attribute 'get_file_age'
2025-03-02 00:11:13,504 - ERROR - Error getting file info for C:\Program Files\Inkscape\lib\python3.11\site-packages\numpy\array_api\__pycache__\_indexing_functions.cpython-311.pyc: 'TempFileFinder' object has no attribute 'get_file_age'
2025-03-02 00:11:13,504 - ERROR - Error getting file info for C:\Program Files\Inkscape\lib\python3.11\site-packages\numpy\array_api\__pycache__\_manipulation_functions.cpython-311.pyc: 'TempFileFinder' object has no attribute 'get_file_age'
2025-03-02 00:11:13,505 - ERROR - Error getting file info for C:\Program Files\Inkscape\lib\python3.11\site-packages\numpy\array_api\__pycache__\_searching_functions.cpython-311.pyc: 'TempFileFinder' object has no attribute 'get_file_age'
2025-03-02 00:11:13,505 - ERROR - Error getting file info for C:\Program Files\Inkscape\lib\python3.11\site-packages\numpy\array_api\__pycache__\_set_functions.cpython-311.pyc: 'TempFileFinder' object has no attribute 'get_file_age'
2025-03-02 00:11:13,505 - ERROR - Error getting file info for C:\Program Files\Inkscape\lib\python3.11\site-packages\numpy\array_api\__pycache__\_sorting_functions.cpython-311.pyc: 'TempFileFinder' object has no attribute 'get_file_age'
2025-03-02 00:11:13,506 - ERROR - Error getting file info for C:\Program Files\Inkscape\lib\python3.11\site-packages\numpy\array_api\__pycache__\_statistical_functions.cpython-311.pyc: 'TempFileFinder' object has no attribute 'get_file_age'
2025-03-02 00:11:13,506 - ERROR - Error getting file info for C:\Program Files\Inkscape\lib\python3.11\site-packages\numpy\array_api\__pycache__\_typing.cpython-311.pyc: 'TempFileFinder' object has no attribute 'get_file_age'
2025-03-02 00:11:13,507 - ERROR - Error getting file info for C:\Program Files\Inkscape\lib\python3.11\site-packages\numpy\array_api\__pycache__\_utility_functions.cpython-311.pyc: 'TempFileFinder' object has no attribute 'get_file_age'
2025-03-02 00:11:13,507 - ERROR - Error getting file info for C:\Program Files\Inkscape\lib\python3.11\site-packages\numpy\array_api\__pycache__\__init__.cpython-311.pyc: 'TempFileFinder' object has no attribute 'get_file_age'
2025-03-02 00:11:13,522 - ERROR - Error getting file info for C:\Program Files\Inkscape\lib\python3.11\site-packages\numpy\compat\tests\__pycache__\test_compat.cpython-311.pyc: 'TempFileFinder' object has no attribute 'get_file_age'
2025-03-02 00:11:13,527 - ERROR - Error getting file info for C:\Program Files\Inkscape\lib\python3.11\site-packages\numpy\compat\__pycache__\setup.cpython-311.pyc: 'TempFileFinder' object has no attribute 'get_file_age'
2025-03-02 00:11:13,601 - ERROR - Error getting file info for C:\Program Files\Inkscape\lib\python3.11\site-packages\numpy\core\tests\examples\cython\__pycache__\setup.cpython-311.pyc: 'TempFileFinder' object has no attribute 'get_file_age'
2025-03-02 00:11:13,610 - ERROR - Error getting file info for C:\Program Files\Inkscape\lib\python3.11\site-packages\numpy\core\tests\examples\limited_api\__pycache__\setup.cpython-311.pyc: 'TempFileFinder' object has no attribute 'get_file_age'
2025-03-02 00:11:13,623 - ERROR - Error getting file info for C:\Program Files\Inkscape\lib\python3.11\site-packages\numpy\core\tests\__pycache__\test_abc.cpython-311.pyc: 'TempFileFinder' object has no attribute 'get_file_age'
2025-03-02 00:11:13,624 - ERROR - Error getting file info for C:\Program Files\Inkscape\lib\python3.11\site-packages\numpy\core\tests\__pycache__\test_api.cpython-311.pyc: 'TempFileFinder' object has no attribute 'get_file_age'
2025-03-02 00:11:13,624 - ERROR - Error getting file info for C:\Program Files\Inkscape\lib\python3.11\site-packages\numpy\core\tests\__pycache__\test_argparse.cpython-311.pyc: 'TempFileFinder' object has no attribute 'get_file_age'
2025-03-02 00:11:13,625 - ERROR - Error getting file info for C:\Program Files\Inkscape\lib\python3.11\site-packages\numpy\core\tests\__pycache__\test_arraymethod.cpython-311.pyc: 'TempFileFinder' object has no attribute 'get_file_age'
2025-03-02 00:11:13,626 - ERROR - Error getting file info for C:\Program Files\Inkscape\lib\python3.11\site-packages\numpy\core\tests\__pycache__\test_arrayprint.cpython-311.pyc: 'TempFileFinder' object has no attribute 'get_file_age'
2025-03-02 00:11:13,626 - ERROR - Error getting file info for C:\Program Files\Inkscape\lib\python3.11\site-packages\numpy\core\tests\__pycache__\test_array_coercion.cpython-311.pyc: 'TempFileFinder' object has no attribute 'get_file_age'
2025-03-02 00:11:13,627 - ERROR - Error getting file info for C:\Program Files\Inkscape\lib\python3.11\site-packages\numpy\core\tests\__pycache__\test_array_interface.cpython-311.pyc: 'TempFileFinder' object has no attribute 'get_file_age'
2025-03-02 00:11:13,627 - ERROR - Error getting file info for C:\Program Files\Inkscape\lib\python3.11\site-packages\numpy\core\tests\__pycache__\test_casting_floatingpoint_errors.cpython-311.pyc: 'TempFileFinder' object has no attribute 'get_file_age'
2025-03-02 00:11:13,628 - ERROR - Error getting file info for C:\Program Files\Inkscape\lib\python3.11\site-packages\numpy\core\tests\__pycache__\test_casting_unittests.cpython-311.pyc: 'TempFileFinder' object has no attribute 'get_file_age'
2025-03-02 00:11:13,628 - ERROR - Error getting file info for C:\Program Files\Inkscape\lib\python3.11\site-packages\numpy\core\tests\__pycache__\test_conversion_utils.cpython-311.pyc: 'TempFileFinder' object has no attribute 'get_file_age'
2025-03-02 00:11:13,629 - ERROR - Error getting file info for C:\Program Files\Inkscape\lib\python3.11\site-packages\numpy\core\tests\__pycache__\test_cpu_dispatcher.cpython-311.pyc: 'TempFileFinder' object has no attribute 'get_file_age'
2025-03-02 00:11:13,629 - ERROR - Error getting file info for C:\Program Files\Inkscape\lib\python3.11\site-packages\numpy\core\tests\__pycache__\test_cpu_features.cpython-311.pyc: 'TempFileFinder' object has no attribute 'get_file_age'
2025-03-02 00:11:13,630 - ERROR - Error getting file info for C:\Program Files\Inkscape\lib\python3.11\site-packages\numpy\core\tests\__pycache__\test_custom_dtypes.cpython-311.pyc: 'TempFileFinder' object has no attribute 'get_file_age'
2025-03-02 00:11:13,630 - ERROR - Error getting file info for C:\Program Files\Inkscape\lib\python3.11\site-packages\numpy\core\tests\__pycache__\test_cython.cpython-311.pyc: 'TempFileFinder' object has no attribute 'get_file_age'
2025-03-02 00:11:13,630 - ERROR - Error getting file info for C:\Program Files\Inkscape\lib\python3.11\site-packages\numpy\core\tests\__pycache__\test_datetime.cpython-311.pyc: 'TempFileFinder' object has no attribute 'get_file_age'
2025-03-02 00:11:13,631 - ERROR - Error getting file info for C:\Program Files\Inkscape\lib\python3.11\site-packages\numpy\core\tests\__pycache__\test_defchararray.cpython-311.pyc: 'TempFileFinder' object has no attribute 'get_file_age'
2025-03-02 00:11:13,631 - ERROR - Error getting file info for C:\Program Files\Inkscape\lib\python3.11\site-packages\numpy\core\tests\__pycache__\test_deprecations.cpython-311.pyc: 'TempFileFinder' object has no attribute 'get_file_age'
2025-03-02 00:11:13,632 - ERROR - Error getting file info for C:\Program Files\Inkscape\lib\python3.11\site-packages\numpy\core\tests\__pycache__\test_dlpack.cpython-311.pyc: 'TempFileFinder' object has no attribute 'get_file_age'
2025-03-02 00:11:13,632 - ERROR - Error getting file info for C:\Program Files\Inkscape\lib\python3.11\site-packages\numpy\core\tests\__pycache__\test_dtype.cpython-311.pyc: 'TempFileFinder' object has no attribute 'get_file_age'
2025-03-02 00:11:13,632 - ERROR - Error getting file info for C:\Program Files\Inkscape\lib\python3.11\site-packages\numpy\core\tests\__pycache__\test_einsum.cpython-311.pyc: 'TempFileFinder' object has no attribute 'get_file_age'
2025-03-02 00:11:13,633 - ERROR - Error getting file info for C:\Program Files\Inkscape\lib\python3.11\site-packages\numpy\core\tests\__pycache__\test_errstate.cpython-311.pyc: 'TempFileFinder' object has no attribute 'get_file_age'
2025-03-02 00:11:13,633 - ERROR - Error getting file info for C:\Program Files\Inkscape\lib\python3.11\site-packages\numpy\core\tests\__pycache__\test_extint128.cpython-311.pyc: 'TempFileFinder' object has no attribute 'get_file_age'
2025-03-02 00:11:13,634 - ERROR - Error getting file info for C:\Program Files\Inkscape\lib\python3.11\site-packages\numpy\core\tests\__pycache__\test_function_base.cpython-311.pyc: 'TempFileFinder' object has no attribute 'get_file_age'
2025-03-02 00:11:13,634 - ERROR - Error getting file info for C:\Program Files\Inkscape\lib\python3.11\site-packages\numpy\core\tests\__pycache__\test_getlimits.cpython-311.pyc: 'TempFileFinder' object has no attribute 'get_file_age'
2025-03-02 00:11:13,635 - ERROR - Error getting file info for C:\Program Files\Inkscape\lib\python3.11\site-packages\numpy\core\tests\__pycache__\test_half.cpython-311.pyc: 'TempFileFinder' object has no attribute 'get_file_age'
2025-03-02 00:11:13,635 - ERROR - Error getting file info for C:\Program Files\Inkscape\lib\python3.11\site-packages\numpy\core\tests\__pycache__\test_hashtable.cpython-311.pyc: 'TempFileFinder' object has no attribute 'get_file_age'
2025-03-02 00:11:13,636 - ERROR - Error getting file info for C:\Program Files\Inkscape\lib\python3.11\site-packages\numpy\core\tests\__pycache__\test_indexerrors.cpython-311.pyc: 'TempFileFinder' object has no attribute 'get_file_age'
2025-03-02 00:11:13,636 - ERROR - Error getting file info for C:\Program Files\Inkscape\lib\python3.11\site-packages\numpy\core\tests\__pycache__\test_indexing.cpython-311.pyc: 'TempFileFinder' object has no attribute 'get_file_age'
2025-03-02 00:11:13,636 - ERROR - Error getting file info for C:\Program Files\Inkscape\lib\python3.11\site-packages\numpy\core\tests\__pycache__\test_item_selection.cpython-311.pyc: 'TempFileFinder' object has no attribute 'get_file_age'
2025-03-02 00:11:13,637 - ERROR - Error getting file info for C:\Program Files\Inkscape\lib\python3.11\site-packages\numpy\core\tests\__pycache__\test_limited_api.cpython-311.pyc: 'TempFileFinder' object has no attribute 'get_file_age'
2025-03-02 00:11:13,637 - ERROR - Error getting file info for C:\Program Files\Inkscape\lib\python3.11\site-packages\numpy\core\tests\__pycache__\test_longdouble.cpython-311.pyc: 'TempFileFinder' object has no attribute 'get_file_age'
2025-03-02 00:11:13,638 - ERROR - Error getting file info for C:\Program Files\Inkscape\lib\python3.11\site-packages\numpy\core\tests\__pycache__\test_machar.cpython-311.pyc: 'TempFileFinder' object has no attribute 'get_file_age'
2025-03-02 00:11:13,638 - ERROR - Error getting file info for C:\Program Files\Inkscape\lib\python3.11\site-packages\numpy\core\tests\__pycache__\test_memmap.cpython-311.pyc: 'TempFileFinder' object has no attribute 'get_file_age'
2025-03-02 00:11:13,638 - ERROR - Error getting file info for C:\Program Files\Inkscape\lib\python3.11\site-packages\numpy\core\tests\__pycache__\test_mem_overlap.cpython-311.pyc: 'TempFileFinder' object has no attribute 'get_file_age'
2025-03-02 00:11:13,639 - ERROR - Error getting file info for C:\Program Files\Inkscape\lib\python3.11\site-packages\numpy\core\tests\__pycache__\test_mem_policy.cpython-311.pyc: 'TempFileFinder' object has no attribute 'get_file_age'
2025-03-02 00:11:13,639 - ERROR - Error getting file info for C:\Program Files\Inkscape\lib\python3.11\site-packages\numpy\core\tests\__pycache__\test_multiarray.cpython-311.pyc: 'TempFileFinder' object has no attribute 'get_file_age'
2025-03-02 00:11:13,639 - ERROR - Error getting file info for C:\Program Files\Inkscape\lib\python3.11\site-packages\numpy\core\tests\__pycache__\test_nditer.cpython-311.pyc: 'TempFileFinder' object has no attribute 'get_file_age'
2025-03-02 00:11:13,640 - ERROR - Error getting file info for C:\Program Files\Inkscape\lib\python3.11\site-packages\numpy\core\tests\__pycache__\test_nep50_promotions.cpython-311.pyc: 'TempFileFinder' object has no attribute 'get_file_age'
2025-03-02 00:11:13,640 - ERROR - Error getting file info for C:\Program Files\Inkscape\lib\python3.11\site-packages\numpy\core\tests\__pycache__\test_numeric.cpython-311.pyc: 'TempFileFinder' object has no attribute 'get_file_age'
2025-03-02 00:11:13,641 - ERROR - Error getting file info for C:\Program Files\Inkscape\lib\python3.11\site-packages\numpy\core\tests\__pycache__\test_numerictypes.cpython-311.pyc: 'TempFileFinder' object has no attribute 'get_file_age'
2025-03-02 00:11:13,641 - ERROR - Error getting file info for C:\Program Files\Inkscape\lib\python3.11\site-packages\numpy\core\tests\__pycache__\test_numpy_2_0_compat.cpython-311.pyc: 'TempFileFinder' object has no attribute 'get_file_age'
2025-03-02 00:11:13,642 - ERROR - Error getting file info for C:\Program Files\Inkscape\lib\python3.11\site-packages\numpy\core\tests\__pycache__\test_overrides.cpython-311.pyc: 'TempFileFinder' object has no attribute 'get_file_age'
2025-03-02 00:11:13,642 - ERROR - Error getting file info for C:\Program Files\Inkscape\lib\python3.11\site-packages\numpy\core\tests\__pycache__\test_print.cpython-311.pyc: 'TempFileFinder' object has no attribute 'get_file_age'
2025-03-02 00:11:13,643 - ERROR - Error getting file info for C:\Program Files\Inkscape\lib\python3.11\site-packages\numpy\core\tests\__pycache__\test_protocols.cpython-311.pyc: 'TempFileFinder' object has no attribute 'get_file_age'
2025-03-02 00:11:13,644 - ERROR - Error getting file info for C:\Program Files\Inkscape\lib\python3.11\site-packages\numpy\core\tests\__pycache__\test_records.cpython-311.pyc: 'TempFileFinder' object has no attribute 'get_file_age'
2025-03-02 00:11:13,644 - ERROR - Error getting file info for C:\Program Files\Inkscape\lib\python3.11\site-packages\numpy\core\tests\__pycache__\test_regression.cpython-311.pyc: 'TempFileFinder' object has no attribute 'get_file_age'
2025-03-02 00:11:13,644 - ERROR - Error getting file info for C:\Program Files\Inkscape\lib\python3.11\site-packages\numpy\core\tests\__pycache__\test_scalarbuffer.cpython-311.pyc: 'TempFileFinder' object has no attribute 'get_file_age'
2025-03-02 00:11:13,645 - ERROR - Error getting file info for C:\Program Files\Inkscape\lib\python3.11\site-packages\numpy\core\tests\__pycache__\test_scalarinherit.cpython-311.pyc: 'TempFileFinder' object has no attribute 'get_file_age'
2025-03-02 00:11:13,645 - ERROR - Error getting file info for C:\Program Files\Inkscape\lib\python3.11\site-packages\numpy\core\tests\__pycache__\test_scalarmath.cpython-311.pyc: 'TempFileFinder' object has no attribute 'get_file_age'
2025-03-02 00:11:13,646 - ERROR - Error getting file info for C:\Program Files\Inkscape\lib\python3.11\site-packages\numpy\core\tests\__pycache__\test_scalarprint.cpython-311.pyc: 'TempFileFinder' object has no attribute 'get_file_age'
2025-03-02 00:11:13,646 - ERROR - Error getting file info for C:\Program Files\Inkscape\lib\python3.11\site-packages\numpy\core\tests\__pycache__\test_scalar_ctors.cpython-311.pyc: 'TempFileFinder' object has no attribute 'get_file_age'
2025-03-02 00:11:13,646 - ERROR - Error getting file info for C:\Program Files\Inkscape\lib\python3.11\site-packages\numpy\core\tests\__pycache__\test_scalar_methods.cpython-311.pyc: 'TempFileFinder' object has no attribute 'get_file_age'
2025-03-02 00:11:13,647 - ERROR - Error getting file info for C:\Program Files\Inkscape\lib\python3.11\site-packages\numpy\core\tests\__pycache__\test_shape_base.cpython-311.pyc: 'TempFileFinder' object has no attribute 'get_file_age'
2025-03-02 00:11:13,647 - ERROR - Error getting file info for C:\Program Files\Inkscape\lib\python3.11\site-packages\numpy\core\tests\__pycache__\test_simd.cpython-311.pyc: 'TempFileFinder' object has no attribute 'get_file_age'
2025-03-02 00:11:13,648 - ERROR - Error getting file info for C:\Program Files\Inkscape\lib\python3.11\site-packages\numpy\core\tests\__pycache__\test_simd_module.cpython-311.pyc: 'TempFileFinder' object has no attribute 'get_file_age'
2025-03-02 00:11:13,648 - ERROR - Error getting file info for C:\Program Files\Inkscape\lib\python3.11\site-packages\numpy\core\tests\__pycache__\test_strings.cpython-311.pyc: 'TempFileFinder' object has no attribute 'get_file_age'
2025-03-02 00:11:13,649 - ERROR - Error getting file info for C:\Program Files\Inkscape\lib\python3.11\site-packages\numpy\core\tests\__pycache__\test_ufunc.cpython-311.pyc: 'TempFileFinder' object has no attribute 'get_file_age'
2025-03-02 00:11:13,649 - ERROR - Error getting file info for C:\Program Files\Inkscape\lib\python3.11\site-packages\numpy\core\tests\__pycache__\test_umath.cpython-311.pyc: 'TempFileFinder' object has no attribute 'get_file_age'
2025-03-02 00:11:13,649 - ERROR - Error getting file info for C:\Program Files\Inkscape\lib\python3.11\site-packages\numpy\core\tests\__pycache__\test_umath_accuracy.cpython-311.pyc: 'TempFileFinder' object has no attribute 'get_file_age'
2025-03-02 00:11:13,650 - ERROR - Error getting file info for C:\Program Files\Inkscape\lib\python3.11\site-packages\numpy\core\tests\__pycache__\test_umath_complex.cpython-311.pyc: 'TempFileFinder' object has no attribute 'get_file_age'
2025-03-02 00:11:13,650 - ERROR - Error getting file info for C:\Program Files\Inkscape\lib\python3.11\site-packages\numpy\core\tests\__pycache__\test_unicode.cpython-311.pyc: 'TempFileFinder' object has no attribute 'get_file_age'
2025-03-02 00:11:13,651 - ERROR - Error getting file info for C:\Program Files\Inkscape\lib\python3.11\site-packages\numpy\core\tests\__pycache__\test__exceptions.cpython-311.pyc: 'TempFileFinder' object has no attribute 'get_file_age'
2025-03-02 00:11:13,651 - ERROR - Error getting file info for C:\Program Files\Inkscape\lib\python3.11\site-packages\numpy\core\tests\__pycache__\_locales.cpython-311.pyc: 'TempFileFinder' object has no attribute 'get_file_age'
2025-03-02 00:11:13,651 - ERROR - Error getting file info for C:\Program Files\Inkscape\lib\python3.11\site-packages\numpy\core\tests\__pycache__\__init__.cpython-311.pyc: 'TempFileFinder' object has no attribute 'get_file_age'
2025-03-02 00:11:13,668 - ERROR - Error getting file info for C:\Program Files\Inkscape\lib\python3.11\site-packages\numpy\core\__pycache__\cversions.cpython-311.pyc: 'TempFileFinder' object has no attribute 'get_file_age'
2025-03-02 00:11:13,668 - ERROR - Error getting file info for C:\Program Files\Inkscape\lib\python3.11\site-packages\numpy\core\__pycache__\memmap.cpython-311.pyc: 'TempFileFinder' object has no attribute 'get_file_age'
2025-03-02 00:11:13,669 - ERROR - Error getting file info for C:\Program Files\Inkscape\lib\python3.11\site-packages\numpy\core\__pycache__\umath_tests.cpython-311.pyc: 'TempFileFinder' object has no attribute 'get_file_age'
2025-03-02 00:11:13,669 - ERROR - Error getting file info for C:\Program Files\Inkscape\lib\python3.11\site-packages\numpy\core\__pycache__\_add_newdocs.cpython-311.pyc: 'TempFileFinder' object has no attribute 'get_file_age'
2025-03-02 00:11:13,670 - ERROR - Error getting file info for C:\Program Files\Inkscape\lib\python3.11\site-packages\numpy\core\__pycache__\_add_newdocs_scalars.cpython-311.pyc: 'TempFileFinder' object has no attribute 'get_file_age'
2025-03-02 00:11:13,670 - ERROR - Error getting file info for C:\Program Files\Inkscape\lib\python3.11\site-packages\numpy\core\__pycache__\_asarray.cpython-311.pyc: 'TempFileFinder' object has no attribute 'get_file_age'
2025-03-02 00:11:13,670 - ERROR - Error getting file info for C:\Program Files\Inkscape\lib\python3.11\site-packages\numpy\core\__pycache__\_exceptions.cpython-311.pyc: 'TempFileFinder' object has no attribute 'get_file_age'
2025-03-02 00:11:13,671 - ERROR - Error getting file info for C:\Program Files\Inkscape\lib\python3.11\site-packages\numpy\core\__pycache__\_machar.cpython-311.pyc: 'TempFileFinder' object has no attribute 'get_file_age'
2025-03-02 00:11:13,671 - ERROR - Error getting file info for C:\Program Files\Inkscape\lib\python3.11\site-packages\numpy\core\__pycache__\_methods.cpython-311.pyc: 'TempFileFinder' object has no attribute 'get_file_age'
2025-03-02 00:11:13,672 - ERROR - Error getting file info for C:\Program Files\Inkscape\lib\python3.11\site-packages\numpy\core\__pycache__\_string_helpers.cpython-311.pyc: 'TempFileFinder' object has no attribute 'get_file_age'
2025-03-02 00:11:13,672 - ERROR - Error getting file info for C:\Program Files\Inkscape\lib\python3.11\site-packages\numpy\core\__pycache__\_type_aliases.cpython-311.pyc: 'TempFileFinder' object has no attribute 'get_file_age'
2025-03-02 00:11:13,673 - ERROR - Error getting file info for C:\Program Files\Inkscape\lib\python3.11\site-packages\numpy\core\__pycache__\_ufunc_config.cpython-311.pyc: 'TempFileFinder' object has no attribute 'get_file_age'
2025-03-02 00:11:13,683 - ERROR - Error getting file info for C:\Program Files\Inkscape\lib\python3.11\site-packages\numpy\distutils\__pycache__\setup.cpython-311.pyc: 'TempFileFinder' object has no attribute 'get_file_age'
2025-03-02 00:11:13,692 - ERROR - Error getting file info for C:\Program Files\Inkscape\lib\python3.11\site-packages\numpy\doc\__pycache__\constants.cpython-311.pyc: 'TempFileFinder' object has no attribute 'get_file_age'
2025-03-02 00:11:13,693 - ERROR - Error getting file info for C:\Program Files\Inkscape\lib\python3.11\site-packages\numpy\doc\__pycache__\__init__.cpython-311.pyc: 'TempFileFinder' object has no attribute 'get_file_age'
2025-03-02 00:11:13,718 - ERROR - Error getting file info for C:\Program Files\Inkscape\lib\python3.11\site-packages\numpy\f2py\tests\__pycache__\test_compile_function.cpython-311.pyc: 'TempFileFinder' object has no attribute 'get_file_age'
2025-03-02 00:11:13,719 - ERROR - Error getting file info for C:\Program Files\Inkscape\lib\python3.11\site-packages\numpy\f2py\tests\__pycache__\test_module_doc.cpython-311.pyc: 'TempFileFinder' object has no attribute 'get_file_age'
2025-03-02 00:11:13,724 - ERROR - Error getting file info for C:\Program Files\Inkscape\lib\python3.11\site-packages\numpy\f2py\__pycache__\setup.cpython-311.pyc: 'TempFileFinder' object has no attribute 'get_file_age'
2025-03-02 00:11:13,750 - ERROR - Error getting file info for C:\Program Files\Inkscape\lib\python3.11\site-packages\numpy\lib\tests\__pycache__\test_financial_expired.cpython-311.pyc: 'TempFileFinder' object has no attribute 'get_file_age'
2025-03-02 00:11:13,757 - ERROR - Error getting file info for C:\Program Files\Inkscape\lib\python3.11\site-packages\numpy\lib\__pycache__\arraypad.cpython-311.pyc: 'TempFileFinder' object has no attribute 'get_file_age'
2025-03-02 00:11:13,758 - ERROR - Error getting file info for C:\Program Files\Inkscape\lib\python3.11\site-packages\numpy\lib\__pycache__\arraysetops.cpython-311.pyc: 'TempFileFinder' object has no attribute 'get_file_age'
2025-03-02 00:11:13,758 - ERROR - Error getting file info for C:\Program Files\Inkscape\lib\python3.11\site-packages\numpy\lib\__pycache__\arrayterator.cpython-311.pyc: 'TempFileFinder' object has no attribute 'get_file_age'
2025-03-02 00:11:13,759 - ERROR - Error getting file info for C:\Program Files\Inkscape\lib\python3.11\site-packages\numpy\lib\__pycache__\function_base.cpython-311.pyc: 'TempFileFinder' object has no attribute 'get_file_age'
2025-03-02 00:11:13,759 - ERROR - Error getting file info for C:\Program Files\Inkscape\lib\python3.11\site-packages\numpy\lib\__pycache__\histograms.cpython-311.pyc: 'TempFileFinder' object has no attribute 'get_file_age'
2025-03-02 00:11:13,759 - ERROR - Error getting file info for C:\Program Files\Inkscape\lib\python3.11\site-packages\numpy\lib\__pycache__\index_tricks.cpython-311.pyc: 'TempFileFinder' object has no attribute 'get_file_age'
2025-03-02 00:11:13,760 - ERROR - Error getting file info for C:\Program Files\Inkscape\lib\python3.11\site-packages\numpy\lib\__pycache__\nanfunctions.cpython-311.pyc: 'TempFileFinder' object has no attribute 'get_file_age'
2025-03-02 00:11:13,760 - ERROR - Error getting file info for C:\Program Files\Inkscape\lib\python3.11\site-packages\numpy\lib\__pycache__\polynomial.cpython-311.pyc: 'TempFileFinder' object has no attribute 'get_file_age'
2025-03-02 00:11:13,760 - ERROR - Error getting file info for C:\Program Files\Inkscape\lib\python3.11\site-packages\numpy\lib\__pycache__\setup.cpython-311.pyc: 'TempFileFinder' object has no attribute 'get_file_age'
2025-03-02 00:11:13,761 - ERROR - Error getting file info for C:\Program Files\Inkscape\lib\python3.11\site-packages\numpy\lib\__pycache__\shape_base.cpython-311.pyc: 'TempFileFinder' object has no attribute 'get_file_age'
2025-03-02 00:11:13,761 - ERROR - Error getting file info for C:\Program Files\Inkscape\lib\python3.11\site-packages\numpy\lib\__pycache__\twodim_base.cpython-311.pyc: 'TempFileFinder' object has no attribute 'get_file_age'
2025-03-02 00:11:13,761 - ERROR - Error getting file info for C:\Program Files\Inkscape\lib\python3.11\site-packages\numpy\lib\__pycache__\type_check.cpython-311.pyc: 'TempFileFinder' object has no attribute 'get_file_age'
2025-03-02 00:11:13,762 - ERROR - Error getting file info for C:\Program Files\Inkscape\lib\python3.11\site-packages\numpy\lib\__pycache__\ufunclike.cpython-311.pyc: 'TempFileFinder' object has no attribute 'get_file_age'
2025-03-02 00:11:13,762 - ERROR - Error getting file info for C:\Program Files\Inkscape\lib\python3.11\site-packages\numpy\lib\__pycache__\utils.cpython-311.pyc: 'TempFileFinder' object has no attribute 'get_file_age'
2025-03-02 00:11:13,779 - ERROR - Error getting file info for C:\Program Files\Inkscape\lib\python3.11\site-packages\numpy\ma\__pycache__\setup.cpython-311.pyc: 'TempFileFinder' object has no attribute 'get_file_age'
2025-03-02 00:11:13,787 - ERROR - Error getting file info for C:\Program Files\Inkscape\lib\python3.11\site-packages\numpy\matrixlib\__pycache__\setup.cpython-311.pyc: 'TempFileFinder' object has no attribute 'get_file_age'
2025-03-02 00:11:13,787 - ERROR - Error getting file info for C:\Program Files\Inkscape\lib\python3.11\site-packages\numpy\polynomial\__pycache__\setup.cpython-311.pyc: 'TempFileFinder' object has no attribute 'get_file_age'
2025-03-02 00:11:13,810 - ERROR - Error getting file info for C:\Program Files\Inkscape\lib\python3.11\site-packages\numpy\testing\__pycache__\setup.cpython-311.pyc: 'TempFileFinder' object has no attribute 'get_file_age'
2025-03-02 00:11:13,821 - ERROR - Error getting file info for C:\Program Files\Inkscape\lib\python3.11\site-packages\numpy\typing\__pycache__\setup.cpython-311.pyc: 'TempFileFinder' object has no attribute 'get_file_age'
2025-03-02 00:11:13,830 - ERROR - Error getting file info for C:\Program Files\Inkscape\lib\python3.11\site-packages\numpy\_core\__pycache__\_multiarray_umath.cpython-311.pyc: 'TempFileFinder' object has no attribute 'get_file_age'
2025-03-02 00:11:13,841 - ERROR - Error getting file info for C:\Program Files\Inkscape\lib\python3.11\site-packages\numpy\_pyinstaller\__pycache__\pyinstaller-smoke.cpython-311.pyc: 'TempFileFinder' object has no attribute 'get_file_age'
2025-03-02 00:11:13,842 - ERROR - Error getting file info for C:\Program Files\Inkscape\lib\python3.11\site-packages\numpy\_pyinstaller\__pycache__\test_pyinstaller.cpython-311.pyc: 'TempFileFinder' object has no attribute 'get_file_age'
2025-03-02 00:11:13,854 - ERROR - Error getting file info for C:\Program Files\Inkscape\lib\python3.11\site-packages\numpy\_typing\__pycache__\setup.cpython-311.pyc: 'TempFileFinder' object has no attribute 'get_file_age'
2025-03-02 00:11:15,229 - ERROR - Error getting file info for C:\Program Files\Java\jdk1.7.0_79\lib\missioncontrol\p2\org.eclipse.equinox.p2.core\Cache\artifacts.xml: 'TempFileFinder' object has no attribute 'get_file_age'
2025-03-02 00:11:17,271 - ERROR - Error getting file info for C:\Program Files\Mozilla Firefox\install.log: 'TempFileFinder' object has no attribute 'get_file_age'
2025-03-02 00:11:17,321 - ERROR - Error getting file info for C:\Program Files\Mozilla Firefox\uninstall\uninstall.log: 'TempFileFinder' object has no attribute 'get_file_age'
2025-03-02 00:11:17,325 - ERROR - Error getting file info for C:\Program Files\Mozilla Thunderbird\install.log: 'TempFileFinder' object has no attribute 'get_file_age'
2025-03-02 00:11:17,374 - ERROR - Error getting file info for C:\Program Files\Mozilla Thunderbird\uninstall\uninstall.log: 'TempFileFinder' object has no attribute 'get_file_age'
2025-03-02 00:11:18,676 - ERROR - Error getting file info for C:\Program Files\Notepad++\change.log: 'TempFileFinder' object has no attribute 'get_file_age'
2025-03-02 00:11:18,795 - ERROR - Error getting file info for C:\Program Files\Npcap\install.log: 'TempFileFinder' object has no attribute 'get_file_age'
2025-03-02 00:11:18,795 - ERROR - Error getting file info for C:\Program Files\Npcap\NPFInstall.log: 'TempFileFinder' object has no attribute 'get_file_age'
2025-03-02 00:11:19,900 - ERROR - Error getting file info for C:\Program Files\PothosSDR\lib\python3.9\site-packages\gnuradio\eng_arg.pyc: 'TempFileFinder' object has no attribute 'get_file_age'
2025-03-02 00:11:19,900 - ERROR - Error getting file info for C:\Program Files\PothosSDR\lib\python3.9\site-packages\gnuradio\eng_notation.pyc: 'TempFileFinder' object has no attribute 'get_file_age'
2025-03-02 00:11:19,900 - ERROR - Error getting file info for C:\Program Files\PothosSDR\lib\python3.9\site-packages\gnuradio\eng_option.pyc: 'TempFileFinder' object has no attribute 'get_file_age'
2025-03-02 00:11:19,900 - ERROR - Error getting file info for C:\Program Files\PothosSDR\lib\python3.9\site-packages\gnuradio\gr_unittest.pyc: 'TempFileFinder' object has no attribute 'get_file_age'
2025-03-02 00:11:19,900 - ERROR - Error getting file info for C:\Program Files\PothosSDR\lib\python3.9\site-packages\gnuradio\plot_data.pyc: 'TempFileFinder' object has no attribute 'get_file_age'
2025-03-02 00:11:19,900 - ERROR - Error getting file info for C:\Program Files\PothosSDR\lib\python3.9\site-packages\gnuradio\plot_fft_base.pyc: 'TempFileFinder' object has no attribute 'get_file_age'
2025-03-02 00:11:19,900 - ERROR - Error getting file info for C:\Program Files\PothosSDR\lib\python3.9\site-packages\gnuradio\plot_psd_base.pyc: 'TempFileFinder' object has no attribute 'get_file_age'
2025-03-02 00:11:19,900 - ERROR - Error getting file info for C:\Program Files\PothosSDR\lib\python3.9\site-packages\gnuradio\pyqt_filter.pyc: 'TempFileFinder' object has no attribute 'get_file_age'
2025-03-02 00:11:19,900 - ERROR - Error getting file info for C:\Program Files\PothosSDR\lib\python3.9\site-packages\gnuradio\pyqt_plot.pyc: 'TempFileFinder' object has no attribute 'get_file_age'
2025-03-02 00:11:19,900 - ERROR - Error getting file info for C:\Program Files\PothosSDR\lib\python3.9\site-packages\gnuradio\__init__.pyc: 'TempFileFinder' object has no attribute 'get_file_age'
2025-03-02 00:11:19,900 - ERROR - Error getting file info for C:\Program Files\PothosSDR\lib\python3.9\site-packages\gnuradio\analog\am_demod.pyc: 'TempFileFinder' object has no attribute 'get_file_age'
2025-03-02 00:11:19,900 - ERROR - Error getting file info for C:\Program Files\PothosSDR\lib\python3.9\site-packages\gnuradio\analog\fm_demod.pyc: 'TempFileFinder' object has no attribute 'get_file_age'
2025-03-02 00:11:19,900 - ERROR - Error getting file info for C:\Program Files\PothosSDR\lib\python3.9\site-packages\gnuradio\analog\fm_emph.pyc: 'TempFileFinder' object has no attribute 'get_file_age'
2025-03-02 00:11:19,900 - ERROR - Error getting file info for C:\Program Files\PothosSDR\lib\python3.9\site-packages\gnuradio\analog\nbfm_rx.pyc: 'TempFileFinder' object has no attribute 'get_file_age'
2025-03-02 00:11:19,916 - ERROR - Error getting file info for C:\Program Files\PothosSDR\lib\python3.9\site-packages\gnuradio\analog\nbfm_tx.pyc: 'TempFileFinder' object has no attribute 'get_file_age'
2025-03-02 00:11:19,916 - ERROR - Error getting file info for C:\Program Files\PothosSDR\lib\python3.9\site-packages\gnuradio\analog\standard_squelch.pyc: 'TempFileFinder' object has no attribute 'get_file_age'
2025-03-02 00:11:19,916 - ERROR - Error getting file info for C:\Program Files\PothosSDR\lib\python3.9\site-packages\gnuradio\analog\wfm_rcv.pyc: 'TempFileFinder' object has no attribute 'get_file_age'
2025-03-02 00:11:19,916 - ERROR - Error getting file info for C:\Program Files\PothosSDR\lib\python3.9\site-packages\gnuradio\analog\wfm_rcv_fmdet.pyc: 'TempFileFinder' object has no attribute 'get_file_age'
2025-03-02 00:11:19,916 - ERROR - Error getting file info for C:\Program Files\PothosSDR\lib\python3.9\site-packages\gnuradio\analog\wfm_rcv_pll.pyc: 'TempFileFinder' object has no attribute 'get_file_age'
2025-03-02 00:11:19,916 - ERROR - Error getting file info for C:\Program Files\PothosSDR\lib\python3.9\site-packages\gnuradio\analog\wfm_tx.pyc: 'TempFileFinder' object has no attribute 'get_file_age'
2025-03-02 00:11:19,916 - ERROR - Error getting file info for C:\Program Files\PothosSDR\lib\python3.9\site-packages\gnuradio\analog\__init__.pyc: 'TempFileFinder' object has no attribute 'get_file_age'
2025-03-02 00:11:19,916 - ERROR - Error getting file info for C:\Program Files\PothosSDR\lib\python3.9\site-packages\gnuradio\audio\__init__.pyc: 'TempFileFinder' object has no attribute 'get_file_age'
2025-03-02 00:11:19,933 - ERROR - Error getting file info for C:\Program Files\PothosSDR\lib\python3.9\site-packages\gnuradio\blocks\matrix_interleaver.pyc: 'TempFileFinder' object has no attribute 'get_file_age'
2025-03-02 00:11:19,934 - ERROR - Error getting file info for C:\Program Files\PothosSDR\lib\python3.9\site-packages\gnuradio\blocks\msg_meta_to_pair.pyc: 'TempFileFinder' object has no attribute 'get_file_age'
2025-03-02 00:11:19,934 - ERROR - Error getting file info for C:\Program Files\PothosSDR\lib\python3.9\site-packages\gnuradio\blocks\msg_pair_to_var.pyc: 'TempFileFinder' object has no attribute 'get_file_age'
2025-03-02 00:11:19,935 - ERROR - Error getting file info for C:\Program Files\PothosSDR\lib\python3.9\site-packages\gnuradio\blocks\parse_file_metadata.pyc: 'TempFileFinder' object has no attribute 'get_file_age'
2025-03-02 00:11:19,936 - ERROR - Error getting file info for C:\Program Files\PothosSDR\lib\python3.9\site-packages\gnuradio\blocks\stream_to_vector_decimator.pyc: 'TempFileFinder' object has no attribute 'get_file_age'
2025-03-02 00:11:19,936 - ERROR - Error getting file info for C:\Program Files\PothosSDR\lib\python3.9\site-packages\gnuradio\blocks\var_to_msg.pyc: 'TempFileFinder' object has no attribute 'get_file_age'
2025-03-02 00:11:19,937 - ERROR - Error getting file info for C:\Program Files\PothosSDR\lib\python3.9\site-packages\gnuradio\blocks\__init__.pyc: 'TempFileFinder' object has no attribute 'get_file_age'
2025-03-02 00:11:19,942 - ERROR - Error getting file info for C:\Program Files\PothosSDR\lib\python3.9\site-packages\gnuradio\blocktool\cli.pyc: 'TempFileFinder' object has no attribute 'get_file_age'
2025-03-02 00:11:19,942 - ERROR - Error getting file info for C:\Program Files\PothosSDR\lib\python3.9\site-packages\gnuradio\blocktool\__init__.pyc: 'TempFileFinder' object has no attribute 'get_file_age'
2025-03-02 00:11:19,944 - ERROR - Error getting file info for C:\Program Files\PothosSDR\lib\python3.9\site-packages\gnuradio\blocktool\__main__.pyc: 'TempFileFinder' object has no attribute 'get_file_age'
2025-03-02 00:11:19,949 - ERROR - Error getting file info for C:\Program Files\PothosSDR\lib\python3.9\site-packages\gnuradio\blocktool\core\base.pyc: 'TempFileFinder' object has no attribute 'get_file_age'
2025-03-02 00:11:19,950 - ERROR - Error getting file info for C:\Program Files\PothosSDR\lib\python3.9\site-packages\gnuradio\blocktool\core\comments.pyc: 'TempFileFinder' object has no attribute 'get_file_age'
2025-03-02 00:11:19,951 - ERROR - Error getting file info for C:\Program Files\PothosSDR\lib\python3.9\site-packages\gnuradio\blocktool\core\Constants.pyc: 'TempFileFinder' object has no attribute 'get_file_age'
2025-03-02 00:11:19,951 - ERROR - Error getting file info for C:\Program Files\PothosSDR\lib\python3.9\site-packages\gnuradio\blocktool\core\iosignature.pyc: 'TempFileFinder' object has no attribute 'get_file_age'
2025-03-02 00:11:19,952 - ERROR - Error getting file info for C:\Program Files\PothosSDR\lib\python3.9\site-packages\gnuradio\blocktool\core\outputschema.pyc: 'TempFileFinder' object has no attribute 'get_file_age'
2025-03-02 00:11:19,952 - ERROR - Error getting file info for C:\Program Files\PothosSDR\lib\python3.9\site-packages\gnuradio\blocktool\core\parseheader.pyc: 'TempFileFinder' object has no attribute 'get_file_age'
2025-03-02 00:11:19,953 - ERROR - Error getting file info for C:\Program Files\PothosSDR\lib\python3.9\site-packages\gnuradio\blocktool\core\parseheader_generic.pyc: 'TempFileFinder' object has no attribute 'get_file_age'
2025-03-02 00:11:19,953 - ERROR - Error getting file info for C:\Program Files\PothosSDR\lib\python3.9\site-packages\gnuradio\blocktool\core\__init__.pyc: 'TempFileFinder' object has no attribute 'get_file_age'
2025-03-02 00:11:19,959 - ERROR - Error getting file info for C:\Program Files\PothosSDR\lib\python3.9\site-packages\gnuradio\channels\amp_bal.pyc: 'TempFileFinder' object has no attribute 'get_file_age'
2025-03-02 00:11:19,960 - ERROR - Error getting file info for C:\Program Files\PothosSDR\lib\python3.9\site-packages\gnuradio\channels\conj_fs_iqcorr.pyc: 'TempFileFinder' object has no attribute 'get_file_age'
2025-03-02 00:11:19,960 - ERROR - Error getting file info for C:\Program Files\PothosSDR\lib\python3.9\site-packages\gnuradio\channels\distortion_2_gen.pyc: 'TempFileFinder' object has no attribute 'get_file_age'
2025-03-02 00:11:19,960 - ERROR - Error getting file info for C:\Program Files\PothosSDR\lib\python3.9\site-packages\gnuradio\channels\distortion_3_gen.pyc: 'TempFileFinder' object has no attribute 'get_file_age'
2025-03-02 00:11:19,961 - ERROR - Error getting file info for C:\Program Files\PothosSDR\lib\python3.9\site-packages\gnuradio\channels\impairments.pyc: 'TempFileFinder' object has no attribute 'get_file_age'
2025-03-02 00:11:19,961 - ERROR - Error getting file info for C:\Program Files\PothosSDR\lib\python3.9\site-packages\gnuradio\channels\iqbal_gen.pyc: 'TempFileFinder' object has no attribute 'get_file_age'
2025-03-02 00:11:19,961 - ERROR - Error getting file info for C:\Program Files\PothosSDR\lib\python3.9\site-packages\gnuradio\channels\phase_bal.pyc: 'TempFileFinder' object has no attribute 'get_file_age'
2025-03-02 00:11:19,961 - ERROR - Error getting file info for C:\Program Files\PothosSDR\lib\python3.9\site-packages\gnuradio\channels\phase_noise_gen.pyc: 'TempFileFinder' object has no attribute 'get_file_age'
2025-03-02 00:11:19,962 - ERROR - Error getting file info for C:\Program Files\PothosSDR\lib\python3.9\site-packages\gnuradio\channels\quantizer.pyc: 'TempFileFinder' object has no attribute 'get_file_age'
2025-03-02 00:11:19,962 - ERROR - Error getting file info for C:\Program Files\PothosSDR\lib\python3.9\site-packages\gnuradio\channels\__init__.pyc: 'TempFileFinder' object has no attribute 'get_file_age'
2025-03-02 00:11:19,970 - ERROR - Error getting file info for C:\Program Files\PothosSDR\lib\python3.9\site-packages\gnuradio\ctrlport\GNURadioControlPortClient.pyc: 'TempFileFinder' object has no attribute 'get_file_age'
2025-03-02 00:11:19,971 - ERROR - Error getting file info for C:\Program Files\PothosSDR\lib\python3.9\site-packages\gnuradio\ctrlport\GrDataPlotter.pyc: 'TempFileFinder' object has no attribute 'get_file_age'
2025-03-02 00:11:19,971 - ERROR - Error getting file info for C:\Program Files\PothosSDR\lib\python3.9\site-packages\gnuradio\ctrlport\monitor.pyc: 'TempFileFinder' object has no attribute 'get_file_age'
2025-03-02 00:11:19,971 - ERROR - Error getting file info for C:\Program Files\PothosSDR\lib\python3.9\site-packages\gnuradio\ctrlport\RPCConnection.pyc: 'TempFileFinder' object has no attribute 'get_file_age'
2025-03-02 00:11:19,971 - ERROR - Error getting file info for C:\Program Files\PothosSDR\lib\python3.9\site-packages\gnuradio\ctrlport\__init__.pyc: 'TempFileFinder' object has no attribute 'get_file_age'
2025-03-02 00:11:19,979 - ERROR - Error getting file info for C:\Program Files\PothosSDR\lib\python3.9\site-packages\gnuradio\digital\bpsk.pyc: 'TempFileFinder' object has no attribute 'get_file_age'
2025-03-02 00:11:19,979 - ERROR - Error getting file info for C:\Program Files\PothosSDR\lib\python3.9\site-packages\gnuradio\digital\constellation_map_generator.pyc: 'TempFileFinder' object has no attribute 'get_file_age'
2025-03-02 00:11:19,979 - ERROR - Error getting file info for C:\Program Files\PothosSDR\lib\python3.9\site-packages\gnuradio\digital\cpm.pyc: 'TempFileFinder' object has no attribute 'get_file_age'
2025-03-02 00:11:19,979 - ERROR - Error getting file info for C:\Program Files\PothosSDR\lib\python3.9\site-packages\gnuradio\digital\crc.pyc: 'TempFileFinder' object has no attribute 'get_file_age'
2025-03-02 00:11:19,980 - ERROR - Error getting file info for C:\Program Files\PothosSDR\lib\python3.9\site-packages\gnuradio\digital\generic_mod_demod.pyc: 'TempFileFinder' object has no attribute 'get_file_age'
2025-03-02 00:11:19,980 - ERROR - Error getting file info for C:\Program Files\PothosSDR\lib\python3.9\site-packages\gnuradio\digital\gfsk.pyc: 'TempFileFinder' object has no attribute 'get_file_age'
2025-03-02 00:11:19,980 - ERROR - Error getting file info for C:\Program Files\PothosSDR\lib\python3.9\site-packages\gnuradio\digital\gmsk.pyc: 'TempFileFinder' object has no attribute 'get_file_age'
2025-03-02 00:11:19,981 - ERROR - Error getting file info for C:\Program Files\PothosSDR\lib\python3.9\site-packages\gnuradio\digital\modulation_utils.pyc: 'TempFileFinder' object has no attribute 'get_file_age'
2025-03-02 00:11:19,981 - ERROR - Error getting file info for C:\Program Files\PothosSDR\lib\python3.9\site-packages\gnuradio\digital\ofdm_txrx.pyc: 'TempFileFinder' object has no attribute 'get_file_age'
2025-03-02 00:11:19,981 - ERROR - Error getting file info for C:\Program Files\PothosSDR\lib\python3.9\site-packages\gnuradio\digital\packet_utils.pyc: 'TempFileFinder' object has no attribute 'get_file_age'
2025-03-02 00:11:19,981 - ERROR - Error getting file info for C:\Program Files\PothosSDR\lib\python3.9\site-packages\gnuradio\digital\psk.pyc: 'TempFileFinder' object has no attribute 'get_file_age'
2025-03-02 00:11:19,982 - ERROR - Error getting file info for C:\Program Files\PothosSDR\lib\python3.9\site-packages\gnuradio\digital\psk_constellations.pyc: 'TempFileFinder' object has no attribute 'get_file_age'
2025-03-02 00:11:19,982 - ERROR - Error getting file info for C:\Program Files\PothosSDR\lib\python3.9\site-packages\gnuradio\digital\qam.pyc: 'TempFileFinder' object has no attribute 'get_file_age'
2025-03-02 00:11:19,982 - ERROR - Error getting file info for C:\Program Files\PothosSDR\lib\python3.9\site-packages\gnuradio\digital\qamlike.pyc: 'TempFileFinder' object has no attribute 'get_file_age'
2025-03-02 00:11:19,982 - ERROR - Error getting file info for C:\Program Files\PothosSDR\lib\python3.9\site-packages\gnuradio\digital\qam_constellations.pyc: 'TempFileFinder' object has no attribute 'get_file_age'
2025-03-02 00:11:19,983 - ERROR - Error getting file info for C:\Program Files\PothosSDR\lib\python3.9\site-packages\gnuradio\digital\qpsk.pyc: 'TempFileFinder' object has no attribute 'get_file_age'
2025-03-02 00:11:19,983 - ERROR - Error getting file info for C:\Program Files\PothosSDR\lib\python3.9\site-packages\gnuradio\digital\soft_dec_lut_gen.pyc: 'TempFileFinder' object has no attribute 'get_file_age'
2025-03-02 00:11:19,983 - ERROR - Error getting file info for C:\Program Files\PothosSDR\lib\python3.9\site-packages\gnuradio\digital\__init__.pyc: 'TempFileFinder' object has no attribute 'get_file_age'
2025-03-02 00:11:19,990 - ERROR - Error getting file info for C:\Program Files\PothosSDR\lib\python3.9\site-packages\gnuradio\digital\utils\alignment.pyc: 'TempFileFinder' object has no attribute 'get_file_age'
2025-03-02 00:11:19,990 - ERROR - Error getting file info for C:\Program Files\PothosSDR\lib\python3.9\site-packages\gnuradio\digital\utils\gray_code.pyc: 'TempFileFinder' object has no attribute 'get_file_age'
2025-03-02 00:11:19,991 - ERROR - Error getting file info for C:\Program Files\PothosSDR\lib\python3.9\site-packages\gnuradio\digital\utils\mod_codes.pyc: 'TempFileFinder' object has no attribute 'get_file_age'
2025-03-02 00:11:19,991 - ERROR - Error getting file info for C:\Program Files\PothosSDR\lib\python3.9\site-packages\gnuradio\digital\utils\tagged_streams.pyc: 'TempFileFinder' object has no attribute 'get_file_age'
2025-03-02 00:11:19,992 - ERROR - Error getting file info for C:\Program Files\PothosSDR\lib\python3.9\site-packages\gnuradio\digital\utils\__init__.pyc: 'TempFileFinder' object has no attribute 'get_file_age'
2025-03-02 00:11:19,999 - ERROR - Error getting file info for C:\Program Files\PothosSDR\lib\python3.9\site-packages\gnuradio\dtv\atsc_rx.pyc: 'TempFileFinder' object has no attribute 'get_file_age'
2025-03-02 00:11:19,999 - ERROR - Error getting file info for C:\Program Files\PothosSDR\lib\python3.9\site-packages\gnuradio\dtv\atsc_rx_filter.pyc: 'TempFileFinder' object has no attribute 'get_file_age'
2025-03-02 00:11:20,000 - ERROR - Error getting file info for C:\Program Files\PothosSDR\lib\python3.9\site-packages\gnuradio\dtv\__init__.pyc: 'TempFileFinder' object has no attribute 'get_file_age'
2025-03-02 00:11:20,007 - ERROR - Error getting file info for C:\Program Files\PothosSDR\lib\python3.9\site-packages\gnuradio\fec\bercurve_generator.pyc: 'TempFileFinder' object has no attribute 'get_file_age'
2025-03-02 00:11:20,007 - ERROR - Error getting file info for C:\Program Files\PothosSDR\lib\python3.9\site-packages\gnuradio\fec\bitflip.pyc: 'TempFileFinder' object has no attribute 'get_file_age'
2025-03-02 00:11:20,007 - ERROR - Error getting file info for C:\Program Files\PothosSDR\lib\python3.9\site-packages\gnuradio\fec\capillary_threaded_decoder.pyc: 'TempFileFinder' object has no attribute 'get_file_age'
2025-03-02 00:11:20,008 - ERROR - Error getting file info for C:\Program Files\PothosSDR\lib\python3.9\site-packages\gnuradio\fec\capillary_threaded_encoder.pyc: 'TempFileFinder' object has no attribute 'get_file_age'
2025-03-02 00:11:20,008 - ERROR - Error getting file info for C:\Program Files\PothosSDR\lib\python3.9\site-packages\gnuradio\fec\extended_async_encoder.pyc: 'TempFileFinder' object has no attribute 'get_file_age'
2025-03-02 00:11:20,008 - ERROR - Error getting file info for C:\Program Files\PothosSDR\lib\python3.9\site-packages\gnuradio\fec\extended_decoder.pyc: 'TempFileFinder' object has no attribute 'get_file_age'
2025-03-02 00:11:20,008 - ERROR - Error getting file info for C:\Program Files\PothosSDR\lib\python3.9\site-packages\gnuradio\fec\extended_encoder.pyc: 'TempFileFinder' object has no attribute 'get_file_age'
2025-03-02 00:11:20,009 - ERROR - Error getting file info for C:\Program Files\PothosSDR\lib\python3.9\site-packages\gnuradio\fec\extended_tagged_decoder.pyc: 'TempFileFinder' object has no attribute 'get_file_age'
2025-03-02 00:11:20,009 - ERROR - Error getting file info for C:\Program Files\PothosSDR\lib\python3.9\site-packages\gnuradio\fec\extended_tagged_encoder.pyc: 'TempFileFinder' object has no attribute 'get_file_age'
2025-03-02 00:11:20,009 - ERROR - Error getting file info for C:\Program Files\PothosSDR\lib\python3.9\site-packages\gnuradio\fec\fec_test.pyc: 'TempFileFinder' object has no attribute 'get_file_age'
2025-03-02 00:11:20,009 - ERROR - Error getting file info for C:\Program Files\PothosSDR\lib\python3.9\site-packages\gnuradio\fec\threaded_decoder.pyc: 'TempFileFinder' object has no attribute 'get_file_age'
2025-03-02 00:11:20,010 - ERROR - Error getting file info for C:\Program Files\PothosSDR\lib\python3.9\site-packages\gnuradio\fec\threaded_encoder.pyc: 'TempFileFinder' object has no attribute 'get_file_age'
2025-03-02 00:11:20,010 - ERROR - Error getting file info for C:\Program Files\PothosSDR\lib\python3.9\site-packages\gnuradio\fec\__init__.pyc: 'TempFileFinder' object has no attribute 'get_file_age'
2025-03-02 00:11:20,018 - ERROR - Error getting file info for C:\Program Files\PothosSDR\lib\python3.9\site-packages\gnuradio\fec\LDPC\Generate_LDPC_matrix.pyc: 'TempFileFinder' object has no attribute 'get_file_age'
2025-03-02 00:11:20,018 - ERROR - Error getting file info for C:\Program Files\PothosSDR\lib\python3.9\site-packages\gnuradio\fec\LDPC\Generate_LDPC_matrix_functions.pyc: 'TempFileFinder' object has no attribute 'get_file_age'
2025-03-02 00:11:20,018 - ERROR - Error getting file info for C:\Program Files\PothosSDR\lib\python3.9\site-packages\gnuradio\fec\LDPC\__init__.pyc: 'TempFileFinder' object has no attribute 'get_file_age'
2025-03-02 00:11:20,018 - ERROR - Error getting file info for C:\Program Files\PothosSDR\lib\python3.9\site-packages\gnuradio\fec\polar\channel_construction.pyc: 'TempFileFinder' object has no attribute 'get_file_age'
2025-03-02 00:11:20,018 - ERROR - Error getting file info for C:\Program Files\PothosSDR\lib\python3.9\site-packages\gnuradio\fec\polar\channel_construction_awgn.pyc: 'TempFileFinder' object has no attribute 'get_file_age'
2025-03-02 00:11:20,018 - ERROR - Error getting file info for C:\Program Files\PothosSDR\lib\python3.9\site-packages\gnuradio\fec\polar\channel_construction_bec.pyc: 'TempFileFinder' object has no attribute 'get_file_age'
2025-03-02 00:11:20,018 - ERROR - Error getting file info for C:\Program Files\PothosSDR\lib\python3.9\site-packages\gnuradio\fec\polar\common.pyc: 'TempFileFinder' object has no attribute 'get_file_age'
2025-03-02 00:11:20,018 - ERROR - Error getting file info for C:\Program Files\PothosSDR\lib\python3.9\site-packages\gnuradio\fec\polar\decoder.pyc: 'TempFileFinder' object has no attribute 'get_file_age'
2025-03-02 00:11:20,018 - ERROR - Error getting file info for C:\Program Files\PothosSDR\lib\python3.9\site-packages\gnuradio\fec\polar\encoder.pyc: 'TempFileFinder' object has no attribute 'get_file_age'
2025-03-02 00:11:20,018 - ERROR - Error getting file info for C:\Program Files\PothosSDR\lib\python3.9\site-packages\gnuradio\fec\polar\helper_functions.pyc: 'TempFileFinder' object has no attribute 'get_file_age'
2025-03-02 00:11:20,018 - ERROR - Error getting file info for C:\Program Files\PothosSDR\lib\python3.9\site-packages\gnuradio\fec\polar\__init__.pyc: 'TempFileFinder' object has no attribute 'get_file_age'
2025-03-02 00:11:20,033 - ERROR - Error getting file info for C:\Program Files\PothosSDR\lib\python3.9\site-packages\gnuradio\fft\fft_vcc.pyc: 'TempFileFinder' object has no attribute 'get_file_age'
2025-03-02 00:11:20,033 - ERROR - Error getting file info for C:\Program Files\PothosSDR\lib\python3.9\site-packages\gnuradio\fft\fft_vfc.pyc: 'TempFileFinder' object has no attribute 'get_file_age'
2025-03-02 00:11:20,033 - ERROR - Error getting file info for C:\Program Files\PothosSDR\lib\python3.9\site-packages\gnuradio\fft\logpwrfft.pyc: 'TempFileFinder' object has no attribute 'get_file_age'
2025-03-02 00:11:20,033 - ERROR - Error getting file info for C:\Program Files\PothosSDR\lib\python3.9\site-packages\gnuradio\fft\__init__.pyc: 'TempFileFinder' object has no attribute 'get_file_age'
2025-03-02 00:11:20,033 - ERROR - Error getting file info for C:\Program Files\PothosSDR\lib\python3.9\site-packages\gnuradio\filter\api_object.pyc: 'TempFileFinder' object has no attribute 'get_file_age'
2025-03-02 00:11:20,033 - ERROR - Error getting file info for C:\Program Files\PothosSDR\lib\python3.9\site-packages\gnuradio\filter\bandgraphicsview.pyc: 'TempFileFinder' object has no attribute 'get_file_age'
2025-03-02 00:11:20,033 - ERROR - Error getting file info for C:\Program Files\PothosSDR\lib\python3.9\site-packages\gnuradio\filter\banditems.pyc: 'TempFileFinder' object has no attribute 'get_file_age'
2025-03-02 00:11:20,033 - ERROR - Error getting file info for C:\Program Files\PothosSDR\lib\python3.9\site-packages\gnuradio\filter\CustomViewBox.pyc: 'TempFileFinder' object has no attribute 'get_file_age'
2025-03-02 00:11:20,033 - ERROR - Error getting file info for C:\Program Files\PothosSDR\lib\python3.9\site-packages\gnuradio\filter\file_taps_loader.pyc: 'TempFileFinder' object has no attribute 'get_file_age'
2025-03-02 00:11:20,033 - ERROR - Error getting file info for C:\Program Files\PothosSDR\lib\python3.9\site-packages\gnuradio\filter\filterbank.pyc: 'TempFileFinder' object has no attribute 'get_file_age'
2025-03-02 00:11:20,033 - ERROR - Error getting file info for C:\Program Files\PothosSDR\lib\python3.9\site-packages\gnuradio\filter\filter_design.pyc: 'TempFileFinder' object has no attribute 'get_file_age'
2025-03-02 00:11:20,033 - ERROR - Error getting file info for C:\Program Files\PothosSDR\lib\python3.9\site-packages\gnuradio\filter\fir_design.pyc: 'TempFileFinder' object has no attribute 'get_file_age'
2025-03-02 00:11:20,033 - ERROR - Error getting file info for C:\Program Files\PothosSDR\lib\python3.9\site-packages\gnuradio\filter\freq_xlating_fft_filter.pyc: 'TempFileFinder' object has no attribute 'get_file_age'
2025-03-02 00:11:20,033 - ERROR - Error getting file info for C:\Program Files\PothosSDR\lib\python3.9\site-packages\gnuradio\filter\GrFilterPlotWidget.pyc: 'TempFileFinder' object has no attribute 'get_file_age'
2025-03-02 00:11:20,033 - ERROR - Error getting file info for C:\Program Files\PothosSDR\lib\python3.9\site-packages\gnuradio\filter\icons_rc.pyc: 'TempFileFinder' object has no attribute 'get_file_age'
2025-03-02 00:11:20,033 - ERROR - Error getting file info for C:\Program Files\PothosSDR\lib\python3.9\site-packages\gnuradio\filter\idealbanditems.pyc: 'TempFileFinder' object has no attribute 'get_file_age'
2025-03-02 00:11:20,033 - ERROR - Error getting file info for C:\Program Files\PothosSDR\lib\python3.9\site-packages\gnuradio\filter\optfir.pyc: 'TempFileFinder' object has no attribute 'get_file_age'
2025-03-02 00:11:20,048 - ERROR - Error getting file info for C:\Program Files\PothosSDR\lib\python3.9\site-packages\gnuradio\filter\pfb.pyc: 'TempFileFinder' object has no attribute 'get_file_age'
2025-03-02 00:11:20,049 - ERROR - Error getting file info for C:\Program Files\PothosSDR\lib\python3.9\site-packages\gnuradio\filter\polezero_plot.pyc: 'TempFileFinder' object has no attribute 'get_file_age'
2025-03-02 00:11:20,049 - ERROR - Error getting file info for C:\Program Files\PothosSDR\lib\python3.9\site-packages\gnuradio\filter\pyqt_filter_stacked.pyc: 'TempFileFinder' object has no attribute 'get_file_age'
2025-03-02 00:11:20,049 - ERROR - Error getting file info for C:\Program Files\PothosSDR\lib\python3.9\site-packages\gnuradio\filter\__init__.pyc: 'TempFileFinder' object has no attribute 'get_file_age'
2025-03-02 00:11:20,058 - ERROR - Error getting file info for C:\Program Files\PothosSDR\lib\python3.9\site-packages\gnuradio\gr\exceptions.pyc: 'TempFileFinder' object has no attribute 'get_file_age'
2025-03-02 00:11:20,059 - ERROR - Error getting file info for C:\Program Files\PothosSDR\lib\python3.9\site-packages\gnuradio\gr\gateway.pyc: 'TempFileFinder' object has no attribute 'get_file_age'
2025-03-02 00:11:20,059 - ERROR - Error getting file info for C:\Program Files\PothosSDR\lib\python3.9\site-packages\gnuradio\gr\hier_block2.pyc: 'TempFileFinder' object has no attribute 'get_file_age'
2025-03-02 00:11:20,059 - ERROR - Error getting file info for C:\Program Files\PothosSDR\lib\python3.9\site-packages\gnuradio\gr\packet_utils.pyc: 'TempFileFinder' object has no attribute 'get_file_age'
2025-03-02 00:11:20,059 - ERROR - Error getting file info for C:\Program Files\PothosSDR\lib\python3.9\site-packages\gnuradio\gr\pubsub.pyc: 'TempFileFinder' object has no attribute 'get_file_age'
2025-03-02 00:11:20,060 - ERROR - Error getting file info for C:\Program Files\PothosSDR\lib\python3.9\site-packages\gnuradio\gr\tag_utils.pyc: 'TempFileFinder' object has no attribute 'get_file_age'
2025-03-02 00:11:20,060 - ERROR - Error getting file info for C:\Program Files\PothosSDR\lib\python3.9\site-packages\gnuradio\gr\top_block.pyc: 'TempFileFinder' object has no attribute 'get_file_age'
2025-03-02 00:11:20,060 - ERROR - Error getting file info for C:\Program Files\PothosSDR\lib\python3.9\site-packages\gnuradio\gr\__init__.pyc: 'TempFileFinder' object has no attribute 'get_file_age'
2025-03-02 00:11:20,067 - ERROR - Error getting file info for C:\Program Files\PothosSDR\lib\python3.9\site-packages\gnuradio\grc\compiler.pyc: 'TempFileFinder' object has no attribute 'get_file_age'
2025-03-02 00:11:20,068 - ERROR - Error getting file info for C:\Program Files\PothosSDR\lib\python3.9\site-packages\gnuradio\grc\main.pyc: 'TempFileFinder' object has no attribute 'get_file_age'
2025-03-02 00:11:20,068 - ERROR - Error getting file info for C:\Program Files\PothosSDR\lib\python3.9\site-packages\gnuradio\grc\__init__.pyc: 'TempFileFinder' object has no attribute 'get_file_age'
2025-03-02 00:11:20,068 - ERROR - Error getting file info for C:\Program Files\PothosSDR\lib\python3.9\site-packages\gnuradio\grc\__main__.pyc: 'TempFileFinder' object has no attribute 'get_file_age'
2025-03-02 00:11:20,074 - ERROR - Error getting file info for C:\Program Files\PothosSDR\lib\python3.9\site-packages\gnuradio\grc\converter\block.pyc: 'TempFileFinder' object has no attribute 'get_file_age'
2025-03-02 00:11:20,074 - ERROR - Error getting file info for C:\Program Files\PothosSDR\lib\python3.9\site-packages\gnuradio\grc\converter\block_tree.pyc: 'TempFileFinder' object has no attribute 'get_file_age'
2025-03-02 00:11:20,074 - ERROR - Error getting file info for C:\Program Files\PothosSDR\lib\python3.9\site-packages\gnuradio\grc\converter\cheetah_converter.pyc: 'TempFileFinder' object has no attribute 'get_file_age'
2025-03-02 00:11:20,074 - ERROR - Error getting file info for C:\Program Files\PothosSDR\lib\python3.9\site-packages\gnuradio\grc\converter\flow_graph.pyc: 'TempFileFinder' object has no attribute 'get_file_age'
2025-03-02 00:11:20,075 - ERROR - Error getting file info for C:\Program Files\PothosSDR\lib\python3.9\site-packages\gnuradio\grc\converter\main.pyc: 'TempFileFinder' object has no attribute 'get_file_age'
2025-03-02 00:11:20,075 - ERROR - Error getting file info for C:\Program Files\PothosSDR\lib\python3.9\site-packages\gnuradio\grc\converter\xml.pyc: 'TempFileFinder' object has no attribute 'get_file_age'
2025-03-02 00:11:20,075 - ERROR - Error getting file info for C:\Program Files\PothosSDR\lib\python3.9\site-packages\gnuradio\grc\converter\__init__.pyc: 'TempFileFinder' object has no attribute 'get_file_age'
2025-03-02 00:11:20,075 - ERROR - Error getting file info for C:\Program Files\PothosSDR\lib\python3.9\site-packages\gnuradio\grc\converter\__main__.pyc: 'TempFileFinder' object has no attribute 'get_file_age'
2025-03-02 00:11:20,083 - ERROR - Error getting file info for C:\Program Files\PothosSDR\lib\python3.9\site-packages\gnuradio\grc\core\base.pyc: 'TempFileFinder' object has no attribute 'get_file_age'
2025-03-02 00:11:20,083 - ERROR - Error getting file info for C:\Program Files\PothosSDR\lib\python3.9\site-packages\gnuradio\grc\core\cache.pyc: 'TempFileFinder' object has no attribute 'get_file_age'
2025-03-02 00:11:20,083 - ERROR - Error getting file info for C:\Program Files\PothosSDR\lib\python3.9\site-packages\gnuradio\grc\core\Config.pyc: 'TempFileFinder' object has no attribute 'get_file_age'
2025-03-02 00:11:20,083 - ERROR - Error getting file info for C:\Program Files\PothosSDR\lib\python3.9\site-packages\gnuradio\grc\core\Connection.pyc: 'TempFileFinder' object has no attribute 'get_file_age'
2025-03-02 00:11:20,084 - ERROR - Error getting file info for C:\Program Files\PothosSDR\lib\python3.9\site-packages\gnuradio\grc\core\Constants.pyc: 'TempFileFinder' object has no attribute 'get_file_age'
2025-03-02 00:11:20,084 - ERROR - Error getting file info for C:\Program Files\PothosSDR\lib\python3.9\site-packages\gnuradio\grc\core\errors.pyc: 'TempFileFinder' object has no attribute 'get_file_age'
2025-03-02 00:11:20,084 - ERROR - Error getting file info for C:\Program Files\PothosSDR\lib\python3.9\site-packages\gnuradio\grc\core\FlowGraph.pyc: 'TempFileFinder' object has no attribute 'get_file_age'
2025-03-02 00:11:20,084 - ERROR - Error getting file info for C:\Program Files\PothosSDR\lib\python3.9\site-packages\gnuradio\grc\core\Messages.pyc: 'TempFileFinder' object has no attribute 'get_file_age'
2025-03-02 00:11:20,085 - ERROR - Error getting file info for C:\Program Files\PothosSDR\lib\python3.9\site-packages\gnuradio\grc\core\platform.pyc: 'TempFileFinder' object has no attribute 'get_file_age'
2025-03-02 00:11:20,085 - ERROR - Error getting file info for C:\Program Files\PothosSDR\lib\python3.9\site-packages\gnuradio\grc\core\__init__.pyc: 'TempFileFinder' object has no attribute 'get_file_age'
2025-03-02 00:11:20,092 - ERROR - Error getting file info for C:\Program Files\PothosSDR\lib\python3.9\site-packages\gnuradio\grc\core\blocks\block.pyc: 'TempFileFinder' object has no attribute 'get_file_age'
2025-03-02 00:11:20,092 - ERROR - Error getting file info for C:\Program Files\PothosSDR\lib\python3.9\site-packages\gnuradio\grc\core\blocks\dummy.pyc: 'TempFileFinder' object has no attribute 'get_file_age'
2025-03-02 00:11:20,092 - ERROR - Error getting file info for C:\Program Files\PothosSDR\lib\python3.9\site-packages\gnuradio\grc\core\blocks\embedded_python.pyc: 'TempFileFinder' object has no attribute 'get_file_age'
2025-03-02 00:11:20,092 - ERROR - Error getting file info for C:\Program Files\PothosSDR\lib\python3.9\site-packages\gnuradio\grc\core\blocks\virtual.pyc: 'TempFileFinder' object has no attribute 'get_file_age'
2025-03-02 00:11:20,093 - ERROR - Error getting file info for C:\Program Files\PothosSDR\lib\python3.9\site-packages\gnuradio\grc\core\blocks\_build.pyc: 'TempFileFinder' object has no attribute 'get_file_age'
2025-03-02 00:11:20,093 - ERROR - Error getting file info for C:\Program Files\PothosSDR\lib\python3.9\site-packages\gnuradio\grc\core\blocks\_flags.pyc: 'TempFileFinder' object has no attribute 'get_file_age'
2025-03-02 00:11:20,093 - ERROR - Error getting file info for C:\Program Files\PothosSDR\lib\python3.9\site-packages\gnuradio\grc\core\blocks\_templates.pyc: 'TempFileFinder' object has no attribute 'get_file_age'
2025-03-02 00:11:20,093 - ERROR - Error getting file info for C:\Program Files\PothosSDR\lib\python3.9\site-packages\gnuradio\grc\core\blocks\__init__.pyc: 'TempFileFinder' object has no attribute 'get_file_age'
2025-03-02 00:11:20,101 - ERROR - Error getting file info for C:\Program Files\PothosSDR\lib\python3.9\site-packages\gnuradio\grc\core\generator\cpp_hier_block.pyc: 'TempFileFinder' object has no attribute 'get_file_age'
2025-03-02 00:11:20,101 - ERROR - Error getting file info for C:\Program Files\PothosSDR\lib\python3.9\site-packages\gnuradio\grc\core\generator\cpp_top_block.pyc: 'TempFileFinder' object has no attribute 'get_file_age'
2025-03-02 00:11:20,102 - ERROR - Error getting file info for C:\Program Files\PothosSDR\lib\python3.9\site-packages\gnuradio\grc\core\generator\FlowGraphProxy.pyc: 'TempFileFinder' object has no attribute 'get_file_age'
2025-03-02 00:11:20,102 - ERROR - Error getting file info for C:\Program Files\PothosSDR\lib\python3.9\site-packages\gnuradio\grc\core\generator\Generator.pyc: 'TempFileFinder' object has no attribute 'get_file_age'
2025-03-02 00:11:20,102 - ERROR - Error getting file info for C:\Program Files\PothosSDR\lib\python3.9\site-packages\gnuradio\grc\core\generator\hier_block.pyc: 'TempFileFinder' object has no attribute 'get_file_age'
2025-03-02 00:11:20,102 - ERROR - Error getting file info for C:\Program Files\PothosSDR\lib\python3.9\site-packages\gnuradio\grc\core\generator\top_block.pyc: 'TempFileFinder' object has no attribute 'get_file_age'
2025-03-02 00:11:20,103 - ERROR - Error getting file info for C:\Program Files\PothosSDR\lib\python3.9\site-packages\gnuradio\grc\core\generator\__init__.pyc: 'TempFileFinder' object has no attribute 'get_file_age'
2025-03-02 00:11:20,111 - ERROR - Error getting file info for C:\Program Files\PothosSDR\lib\python3.9\site-packages\gnuradio\grc\core\io\yaml.pyc: 'TempFileFinder' object has no attribute 'get_file_age'
2025-03-02 00:11:20,112 - ERROR - Error getting file info for C:\Program Files\PothosSDR\lib\python3.9\site-packages\gnuradio\grc\core\io\__init__.pyc: 'TempFileFinder' object has no attribute 'get_file_age'
2025-03-02 00:11:20,117 - ERROR - Error getting file info for C:\Program Files\PothosSDR\lib\python3.9\site-packages\gnuradio\grc\core\params\dtypes.pyc: 'TempFileFinder' object has no attribute 'get_file_age'
2025-03-02 00:11:20,117 - ERROR - Error getting file info for C:\Program Files\PothosSDR\lib\python3.9\site-packages\gnuradio\grc\core\params\param.pyc: 'TempFileFinder' object has no attribute 'get_file_age'
2025-03-02 00:11:20,117 - ERROR - Error getting file info for C:\Program Files\PothosSDR\lib\python3.9\site-packages\gnuradio\grc\core\params\template_arg.pyc: 'TempFileFinder' object has no attribute 'get_file_age'
2025-03-02 00:11:20,117 - ERROR - Error getting file info for C:\Program Files\PothosSDR\lib\python3.9\site-packages\gnuradio\grc\core\params\__init__.pyc: 'TempFileFinder' object has no attribute 'get_file_age'
2025-03-02 00:11:20,122 - ERROR - Error getting file info for C:\Program Files\PothosSDR\lib\python3.9\site-packages\gnuradio\grc\core\ports\clone.pyc: 'TempFileFinder' object has no attribute 'get_file_age'
2025-03-02 00:11:20,123 - ERROR - Error getting file info for C:\Program Files\PothosSDR\lib\python3.9\site-packages\gnuradio\grc\core\ports\port.pyc: 'TempFileFinder' object has no attribute 'get_file_age'
2025-03-02 00:11:20,123 - ERROR - Error getting file info for C:\Program Files\PothosSDR\lib\python3.9\site-packages\gnuradio\grc\core\ports\_virtual_connections.pyc: 'TempFileFinder' object has no attribute 'get_file_age'
2025-03-02 00:11:20,123 - ERROR - Error getting file info for C:\Program Files\PothosSDR\lib\python3.9\site-packages\gnuradio\grc\core\ports\__init__.pyc: 'TempFileFinder' object has no attribute 'get_file_age'
2025-03-02 00:11:20,128 - ERROR - Error getting file info for C:\Program Files\PothosSDR\lib\python3.9\site-packages\gnuradio\grc\core\schema_checker\block.pyc: 'TempFileFinder' object has no attribute 'get_file_age'
2025-03-02 00:11:20,128 - ERROR - Error getting file info for C:\Program Files\PothosSDR\lib\python3.9\site-packages\gnuradio\grc\core\schema_checker\domain.pyc: 'TempFileFinder' object has no attribute 'get_file_age'
2025-03-02 00:11:20,128 - ERROR - Error getting file info for C:\Program Files\PothosSDR\lib\python3.9\site-packages\gnuradio\grc\core\schema_checker\flow_graph.pyc: 'TempFileFinder' object has no attribute 'get_file_age'
2025-03-02 00:11:20,129 - ERROR - Error getting file info for C:\Program Files\PothosSDR\lib\python3.9\site-packages\gnuradio\grc\core\schema_checker\utils.pyc: 'TempFileFinder' object has no attribute 'get_file_age'
2025-03-02 00:11:20,129 - ERROR - Error getting file info for C:\Program Files\PothosSDR\lib\python3.9\site-packages\gnuradio\grc\core\schema_checker\validator.pyc: 'TempFileFinder' object has no attribute 'get_file_age'
2025-03-02 00:11:20,129 - ERROR - Error getting file info for C:\Program Files\PothosSDR\lib\python3.9\site-packages\gnuradio\grc\core\schema_checker\__init__.pyc: 'TempFileFinder' object has no attribute 'get_file_age'
2025-03-02 00:11:20,136 - ERROR - Error getting file info for C:\Program Files\PothosSDR\lib\python3.9\site-packages\gnuradio\grc\core\utils\epy_block_io.pyc: 'TempFileFinder' object has no attribute 'get_file_age'
2025-03-02 00:11:20,136 - ERROR - Error getting file info for C:\Program Files\PothosSDR\lib\python3.9\site-packages\gnuradio\grc\core\utils\expr_utils.pyc: 'TempFileFinder' object has no attribute 'get_file_age'
2025-03-02 00:11:20,136 - ERROR - Error getting file info for C:\Program Files\PothosSDR\lib\python3.9\site-packages\gnuradio\grc\core\utils\extract_docs.pyc: 'TempFileFinder' object has no attribute 'get_file_age'
2025-03-02 00:11:20,137 - ERROR - Error getting file info for C:\Program Files\PothosSDR\lib\python3.9\site-packages\gnuradio\grc\core\utils\flow_graph_complexity.pyc: 'TempFileFinder' object has no attribute 'get_file_age'
2025-03-02 00:11:20,137 - ERROR - Error getting file info for C:\Program Files\PothosSDR\lib\python3.9\site-packages\gnuradio\grc\core\utils\hide_bokeh_gui_options_if_not_installed.pyc: 'TempFileFinder' object has no attribute 'get_file_age'
2025-03-02 00:11:20,137 - ERROR - Error getting file info for C:\Program Files\PothosSDR\lib\python3.9\site-packages\gnuradio\grc\core\utils\__init__.pyc: 'TempFileFinder' object has no attribute 'get_file_age'
2025-03-02 00:11:20,143 - ERROR - Error getting file info for C:\Program Files\PothosSDR\lib\python3.9\site-packages\gnuradio\grc\core\utils\backports\chainmap.pyc: 'TempFileFinder' object has no attribute 'get_file_age'
2025-03-02 00:11:20,143 - ERROR - Error getting file info for C:\Program Files\PothosSDR\lib\python3.9\site-packages\gnuradio\grc\core\utils\backports\shlex.pyc: 'TempFileFinder' object has no attribute 'get_file_age'
2025-03-02 00:11:20,143 - ERROR - Error getting file info for C:\Program Files\PothosSDR\lib\python3.9\site-packages\gnuradio\grc\core\utils\backports\__init__.pyc: 'TempFileFinder' object has no attribute 'get_file_age'
2025-03-02 00:11:20,148 - ERROR - Error getting file info for C:\Program Files\PothosSDR\lib\python3.9\site-packages\gnuradio\grc\core\utils\descriptors\evaluated.pyc: 'TempFileFinder' object has no attribute 'get_file_age'
2025-03-02 00:11:20,148 - ERROR - Error getting file info for C:\Program Files\PothosSDR\lib\python3.9\site-packages\gnuradio\grc\core\utils\descriptors\_lazy.pyc: 'TempFileFinder' object has no attribute 'get_file_age'
2025-03-02 00:11:20,149 - ERROR - Error getting file info for C:\Program Files\PothosSDR\lib\python3.9\site-packages\gnuradio\grc\core\utils\descriptors\__init__.pyc: 'TempFileFinder' object has no attribute 'get_file_age'
2025-03-02 00:11:20,155 - ERROR - Error getting file info for C:\Program Files\PothosSDR\lib\python3.9\site-packages\gnuradio\grc\gui\Actions.pyc: 'TempFileFinder' object has no attribute 'get_file_age'
2025-03-02 00:11:20,155 - ERROR - Error getting file info for C:\Program Files\PothosSDR\lib\python3.9\site-packages\gnuradio\grc\gui\Application.pyc: 'TempFileFinder' object has no attribute 'get_file_age'
2025-03-02 00:11:20,156 - ERROR - Error getting file info for C:\Program Files\PothosSDR\lib\python3.9\site-packages\gnuradio\grc\gui\Bars.pyc: 'TempFileFinder' object has no attribute 'get_file_age'
2025-03-02 00:11:20,156 - ERROR - Error getting file info for C:\Program Files\PothosSDR\lib\python3.9\site-packages\gnuradio\grc\gui\BlockTreeWindow.pyc: 'TempFileFinder' object has no attribute 'get_file_age'
2025-03-02 00:11:20,156 - ERROR - Error getting file info for C:\Program Files\PothosSDR\lib\python3.9\site-packages\gnuradio\grc\gui\Config.pyc: 'TempFileFinder' object has no attribute 'get_file_age'
2025-03-02 00:11:20,156 - ERROR - Error getting file info for C:\Program Files\PothosSDR\lib\python3.9\site-packages\gnuradio\grc\gui\Console.pyc: 'TempFileFinder' object has no attribute 'get_file_age'
2025-03-02 00:11:20,157 - ERROR - Error getting file info for C:\Program Files\PothosSDR\lib\python3.9\site-packages\gnuradio\grc\gui\Constants.pyc: 'TempFileFinder' object has no attribute 'get_file_age'
2025-03-02 00:11:20,157 - ERROR - Error getting file info for C:\Program Files\PothosSDR\lib\python3.9\site-packages\gnuradio\grc\gui\Dialogs.pyc: 'TempFileFinder' object has no attribute 'get_file_age'
2025-03-02 00:11:20,158 - ERROR - Error getting file info for C:\Program Files\PothosSDR\lib\python3.9\site-packages\gnuradio\grc\gui\DrawingArea.pyc: 'TempFileFinder' object has no attribute 'get_file_age'
2025-03-02 00:11:20,158 - ERROR - Error getting file info for C:\Program Files\PothosSDR\lib\python3.9\site-packages\gnuradio\grc\gui\Executor.pyc: 'TempFileFinder' object has no attribute 'get_file_age'
2025-03-02 00:11:20,158 - ERROR - Error getting file info for C:\Program Files\PothosSDR\lib\python3.9\site-packages\gnuradio\grc\gui\external_editor.pyc: 'TempFileFinder' object has no attribute 'get_file_age'
2025-03-02 00:11:20,159 - ERROR - Error getting file info for C:\Program Files\PothosSDR\lib\python3.9\site-packages\gnuradio\grc\gui\FileDialogs.pyc: 'TempFileFinder' object has no attribute 'get_file_age'
2025-03-02 00:11:20,159 - ERROR - Error getting file info for C:\Program Files\PothosSDR\lib\python3.9\site-packages\gnuradio\grc\gui\MainWindow.pyc: 'TempFileFinder' object has no attribute 'get_file_age'
2025-03-02 00:11:20,159 - ERROR - Error getting file info for C:\Program Files\PothosSDR\lib\python3.9\site-packages\gnuradio\grc\gui\Notebook.pyc: 'TempFileFinder' object has no attribute 'get_file_age'
2025-03-02 00:11:20,159 - ERROR - Error getting file info for C:\Program Files\PothosSDR\lib\python3.9\site-packages\gnuradio\grc\gui\ParamWidgets.pyc: 'TempFileFinder' object has no attribute 'get_file_age'
2025-03-02 00:11:20,159 - ERROR - Error getting file info for C:\Program Files\PothosSDR\lib\python3.9\site-packages\gnuradio\grc\gui\ParserErrorsDialog.pyc: 'TempFileFinder' object has no attribute 'get_file_age'
2025-03-02 00:11:20,160 - ERROR - Error getting file info for C:\Program Files\PothosSDR\lib\python3.9\site-packages\gnuradio\grc\gui\Platform.pyc: 'TempFileFinder' object has no attribute 'get_file_age'
2025-03-02 00:11:20,160 - ERROR - Error getting file info for C:\Program Files\PothosSDR\lib\python3.9\site-packages\gnuradio\grc\gui\PropsDialog.pyc: 'TempFileFinder' object has no attribute 'get_file_age'
2025-03-02 00:11:20,160 - ERROR - Error getting file info for C:\Program Files\PothosSDR\lib\python3.9\site-packages\gnuradio\grc\gui\StateCache.pyc: 'TempFileFinder' object has no attribute 'get_file_age'
2025-03-02 00:11:20,160 - ERROR - Error getting file info for C:\Program Files\PothosSDR\lib\python3.9\site-packages\gnuradio\grc\gui\Utils.pyc: 'TempFileFinder' object has no attribute 'get_file_age'
2025-03-02 00:11:20,161 - ERROR - Error getting file info for C:\Program Files\PothosSDR\lib\python3.9\site-packages\gnuradio\grc\gui\VariableEditor.pyc: 'TempFileFinder' object has no attribute 'get_file_age'
2025-03-02 00:11:20,161 - ERROR - Error getting file info for C:\Program Files\PothosSDR\lib\python3.9\site-packages\gnuradio\grc\gui\__init__.pyc: 'TempFileFinder' object has no attribute 'get_file_age'
2025-03-02 00:11:20,169 - ERROR - Error getting file info for C:\Program Files\PothosSDR\lib\python3.9\site-packages\gnuradio\grc\gui\canvas\block.pyc: 'TempFileFinder' object has no attribute 'get_file_age'
2025-03-02 00:11:20,169 - ERROR - Error getting file info for C:\Program Files\PothosSDR\lib\python3.9\site-packages\gnuradio\grc\gui\canvas\colors.pyc: 'TempFileFinder' object has no attribute 'get_file_age'
2025-03-02 00:11:20,169 - ERROR - Error getting file info for C:\Program Files\PothosSDR\lib\python3.9\site-packages\gnuradio\grc\gui\canvas\connection.pyc: 'TempFileFinder' object has no attribute 'get_file_age'
2025-03-02 00:11:20,170 - ERROR - Error getting file info for C:\Program Files\PothosSDR\lib\python3.9\site-packages\gnuradio\grc\gui\canvas\drawable.pyc: 'TempFileFinder' object has no attribute 'get_file_age'
2025-03-02 00:11:20,170 - ERROR - Error getting file info for C:\Program Files\PothosSDR\lib\python3.9\site-packages\gnuradio\grc\gui\canvas\flowgraph.pyc: 'TempFileFinder' object has no attribute 'get_file_age'
2025-03-02 00:11:20,170 - ERROR - Error getting file info for C:\Program Files\PothosSDR\lib\python3.9\site-packages\gnuradio\grc\gui\canvas\param.pyc: 'TempFileFinder' object has no attribute 'get_file_age'
2025-03-02 00:11:20,171 - ERROR - Error getting file info for C:\Program Files\PothosSDR\lib\python3.9\site-packages\gnuradio\grc\gui\canvas\port.pyc: 'TempFileFinder' object has no attribute 'get_file_age'
2025-03-02 00:11:20,171 - ERROR - Error getting file info for C:\Program Files\PothosSDR\lib\python3.9\site-packages\gnuradio\grc\gui\canvas\__init__.pyc: 'TempFileFinder' object has no attribute 'get_file_age'
2025-03-02 00:11:20,176 - ERROR - Error getting file info for C:\Program Files\PothosSDR\lib\python3.9\site-packages\gnuradio\network\tcp_source.pyc: 'TempFileFinder' object has no attribute 'get_file_age'
2025-03-02 00:11:20,176 - ERROR - Error getting file info for C:\Program Files\PothosSDR\lib\python3.9\site-packages\gnuradio\network\__init__.pyc: 'TempFileFinder' object has no attribute 'get_file_age'
2025-03-02 00:11:20,182 - ERROR - Error getting file info for C:\Program Files\PothosSDR\lib\python3.9\site-packages\gnuradio\qtgui\auto_correlator_sink.pyc: 'TempFileFinder' object has no attribute 'get_file_age'
2025-03-02 00:11:20,183 - ERROR - Error getting file info for C:\Program Files\PothosSDR\lib\python3.9\site-packages\gnuradio\qtgui\azelplot.pyc: 'TempFileFinder' object has no attribute 'get_file_age'
2025-03-02 00:11:20,183 - ERROR - Error getting file info for C:\Program Files\PothosSDR\lib\python3.9\site-packages\gnuradio\qtgui\compass.pyc: 'TempFileFinder' object has no attribute 'get_file_age'
2025-03-02 00:11:20,184 - ERROR - Error getting file info for C:\Program Files\PothosSDR\lib\python3.9\site-packages\gnuradio\qtgui\dialcontrol.pyc: 'TempFileFinder' object has no attribute 'get_file_age'
2025-03-02 00:11:20,184 - ERROR - Error getting file info for C:\Program Files\PothosSDR\lib\python3.9\site-packages\gnuradio\qtgui\dialgauge.pyc: 'TempFileFinder' object has no attribute 'get_file_age'
2025-03-02 00:11:20,184 - ERROR - Error getting file info for C:\Program Files\PothosSDR\lib\python3.9\site-packages\gnuradio\qtgui\digitalnumbercontrol.pyc: 'TempFileFinder' object has no attribute 'get_file_age'
2025-03-02 00:11:20,184 - ERROR - Error getting file info for C:\Program Files\PothosSDR\lib\python3.9\site-packages\gnuradio\qtgui\distanceradar.pyc: 'TempFileFinder' object has no attribute 'get_file_age'
2025-03-02 00:11:20,185 - ERROR - Error getting file info for C:\Program Files\PothosSDR\lib\python3.9\site-packages\gnuradio\qtgui\graphicitem.pyc: 'TempFileFinder' object has no attribute 'get_file_age'
2025-03-02 00:11:20,185 - ERROR - Error getting file info for C:\Program Files\PothosSDR\lib\python3.9\site-packages\gnuradio\qtgui\graphicoverlay.pyc: 'TempFileFinder' object has no attribute 'get_file_age'
2025-03-02 00:11:20,185 - ERROR - Error getting file info for C:\Program Files\PothosSDR\lib\python3.9\site-packages\gnuradio\qtgui\ledindicator.pyc: 'TempFileFinder' object has no attribute 'get_file_age'
2025-03-02 00:11:20,186 - ERROR - Error getting file info for C:\Program Files\PothosSDR\lib\python3.9\site-packages\gnuradio\qtgui\levelgauge.pyc: 'TempFileFinder' object has no attribute 'get_file_age'
2025-03-02 00:11:20,186 - ERROR - Error getting file info for C:\Program Files\PothosSDR\lib\python3.9\site-packages\gnuradio\qtgui\msgcheckbox.pyc: 'TempFileFinder' object has no attribute 'get_file_age'
2025-03-02 00:11:20,186 - ERROR - Error getting file info for C:\Program Files\PothosSDR\lib\python3.9\site-packages\gnuradio\qtgui\msgpushbutton.pyc: 'TempFileFinder' object has no attribute 'get_file_age'
2025-03-02 00:11:20,186 - ERROR - Error getting file info for C:\Program Files\PothosSDR\lib\python3.9\site-packages\gnuradio\qtgui\range.pyc: 'TempFileFinder' object has no attribute 'get_file_age'
2025-03-02 00:11:20,187 - ERROR - Error getting file info for C:\Program Files\PothosSDR\lib\python3.9\site-packages\gnuradio\qtgui\togglebutton.pyc: 'TempFileFinder' object has no attribute 'get_file_age'
2025-03-02 00:11:20,187 - ERROR - Error getting file info for C:\Program Files\PothosSDR\lib\python3.9\site-packages\gnuradio\qtgui\toggleswitch.pyc: 'TempFileFinder' object has no attribute 'get_file_age'
2025-03-02 00:11:20,187 - ERROR - Error getting file info for C:\Program Files\PothosSDR\lib\python3.9\site-packages\gnuradio\qtgui\util.pyc: 'TempFileFinder' object has no attribute 'get_file_age'
2025-03-02 00:11:20,187 - ERROR - Error getting file info for C:\Program Files\PothosSDR\lib\python3.9\site-packages\gnuradio\qtgui\__init__.pyc: 'TempFileFinder' object has no attribute 'get_file_age'
2025-03-02 00:11:20,194 - ERROR - Error getting file info for C:\Program Files\PothosSDR\lib\python3.9\site-packages\gnuradio\soapy\__init__.pyc: 'TempFileFinder' object has no attribute 'get_file_age'
2025-03-02 00:11:20,200 - ERROR - Error getting file info for C:\Program Files\PothosSDR\lib\python3.9\site-packages\gnuradio\trellis\fsm_utils.pyc: 'TempFileFinder' object has no attribute 'get_file_age'
2025-03-02 00:11:20,200 - ERROR - Error getting file info for C:\Program Files\PothosSDR\lib\python3.9\site-packages\gnuradio\trellis\__init__.pyc: 'TempFileFinder' object has no attribute 'get_file_age'
2025-03-02 00:11:20,205 - ERROR - Error getting file info for C:\Program Files\PothosSDR\lib\python3.9\site-packages\gnuradio\uhd\msgq_runner.pyc: 'TempFileFinder' object has no attribute 'get_file_age'
2025-03-02 00:11:20,205 - ERROR - Error getting file info for C:\Program Files\PothosSDR\lib\python3.9\site-packages\gnuradio\uhd\uhd_app.pyc: 'TempFileFinder' object has no attribute 'get_file_age'
2025-03-02 00:11:20,205 - ERROR - Error getting file info for C:\Program Files\PothosSDR\lib\python3.9\site-packages\gnuradio\uhd\uhd_siggen_base.pyc: 'TempFileFinder' object has no attribute 'get_file_age'
2025-03-02 00:11:20,205 - ERROR - Error getting file info for C:\Program Files\PothosSDR\lib\python3.9\site-packages\gnuradio\uhd\__init__.pyc: 'TempFileFinder' object has no attribute 'get_file_age'
2025-03-02 00:11:20,211 - ERROR - Error getting file info for C:\Program Files\PothosSDR\lib\python3.9\site-packages\gnuradio\vocoder\cvsd.pyc: 'TempFileFinder' object has no attribute 'get_file_age'
2025-03-02 00:11:20,211 - ERROR - Error getting file info for C:\Program Files\PothosSDR\lib\python3.9\site-packages\gnuradio\vocoder\__init__.pyc: 'TempFileFinder' object has no attribute 'get_file_age'
2025-03-02 00:11:20,216 - ERROR - Error getting file info for C:\Program Files\PothosSDR\lib\python3.9\site-packages\gnuradio\wavelet\__init__.pyc: 'TempFileFinder' object has no attribute 'get_file_age'
2025-03-02 00:11:20,221 - ERROR - Error getting file info for C:\Program Files\PothosSDR\lib\python3.9\site-packages\gnuradio\zeromq\probe_manager.pyc: 'TempFileFinder' object has no attribute 'get_file_age'
2025-03-02 00:11:20,221 - ERROR - Error getting file info for C:\Program Files\PothosSDR\lib\python3.9\site-packages\gnuradio\zeromq\rpc_manager.pyc: 'TempFileFinder' object has no attribute 'get_file_age'
2025-03-02 00:11:20,221 - ERROR - Error getting file info for C:\Program Files\PothosSDR\lib\python3.9\site-packages\gnuradio\zeromq\__init__.pyc: 'TempFileFinder' object has no attribute 'get_file_age'
2025-03-02 00:11:20,226 - ERROR - Error getting file info for C:\Program Files\PothosSDR\lib\python3.9\site-packages\osmosdr\osmocom_siggen_base.pyc: 'TempFileFinder' object has no attribute 'get_file_age'
2025-03-02 00:11:20,226 - ERROR - Error getting file info for C:\Program Files\PothosSDR\lib\python3.9\site-packages\osmosdr\__init__.pyc: 'TempFileFinder' object has no attribute 'get_file_age'
2025-03-02 00:11:20,231 - ERROR - Error getting file info for C:\Program Files\PothosSDR\lib\python3.9\site-packages\pmt\pmt_to_python.pyc: 'TempFileFinder' object has no attribute 'get_file_age'
2025-03-02 00:11:20,232 - ERROR - Error getting file info for C:\Program Files\PothosSDR\lib\python3.9\site-packages\pmt\__init__.pyc: 'TempFileFinder' object has no attribute 'get_file_age'
2025-03-02 00:11:20,245 - ERROR - Error getting file info for C:\Program Files\PothosSDR\lib\python3.9\site-packages\sdrplay3\__init__.pyc: 'TempFileFinder' object has no attribute 'get_file_age'
2025-03-02 00:11:20,249 - ERROR - Error getting file info for C:\Program Files\PothosSDR\lib\python3.9\site-packages\volk_modtool\cfg.pyc: 'TempFileFinder' object has no attribute 'get_file_age'
2025-03-02 00:11:20,249 - ERROR - Error getting file info for C:\Program Files\PothosSDR\lib\python3.9\site-packages\volk_modtool\volk_modtool_generate.pyc: 'TempFileFinder' object has no attribute 'get_file_age'
2025-03-02 00:11:20,249 - ERROR - Error getting file info for C:\Program Files\PothosSDR\lib\python3.9\site-packages\volk_modtool\__init__.pyc: 'TempFileFinder' object has no attribute 'get_file_age'
2025-03-02 00:11:24,807 - ERROR - Error getting file info for C:\Program Files\QSpectrumAnalyzer\PyQt5\uic\widget-plugins\__pycache__\qaxcontainer.cpython-36.pyc: 'TempFileFinder' object has no attribute 'get_file_age'
2025-03-02 00:11:24,807 - ERROR - Error getting file info for C:\Program Files\QSpectrumAnalyzer\PyQt5\uic\widget-plugins\__pycache__\qscintilla.cpython-36.pyc: 'TempFileFinder' object has no attribute 'get_file_age'
2025-03-02 00:11:24,808 - ERROR - Error getting file info for C:\Program Files\QSpectrumAnalyzer\PyQt5\uic\widget-plugins\__pycache__\qtcharts.cpython-36.pyc: 'TempFileFinder' object has no attribute 'get_file_age'
2025-03-02 00:11:24,808 - ERROR - Error getting file info for C:\Program Files\QSpectrumAnalyzer\PyQt5\uic\widget-plugins\__pycache__\qtprintsupport.cpython-36.pyc: 'TempFileFinder' object has no attribute 'get_file_age'
2025-03-02 00:11:24,808 - ERROR - Error getting file info for C:\Program Files\QSpectrumAnalyzer\PyQt5\uic\widget-plugins\__pycache__\qtquickwidgets.cpython-36.pyc: 'TempFileFinder' object has no attribute 'get_file_age'
2025-03-02 00:11:24,809 - ERROR - Error getting file info for C:\Program Files\QSpectrumAnalyzer\PyQt5\uic\widget-plugins\__pycache__\qtwebenginewidgets.cpython-36.pyc: 'TempFileFinder' object has no attribute 'get_file_age'
2025-03-02 00:11:24,809 - ERROR - Error getting file info for C:\Program Files\QSpectrumAnalyzer\PyQt5\uic\widget-plugins\__pycache__\qtwebkit.cpython-36.pyc: 'TempFileFinder' object has no attribute 'get_file_age'
2025-03-02 00:11:29,794 - ERROR - Error getting file info for C:\Program Files\Red Giant\Universe\Runtimes\5.1\Resources\Models\castle.obj: 'TempFileFinder' object has no attribute 'get_file_age'
2025-03-02 00:11:29,795 - ERROR - Error getting file info for C:\Program Files\Red Giant\Universe\Runtimes\5.1\Resources\Models\cow.obj: 'TempFileFinder' object has no attribute 'get_file_age'
2025-03-02 00:11:29,958 - ERROR - Error getting file info for C:\Program Files\TeamViewer\TeamViewer15_Hooks.log: 'TempFileFinder' object has no attribute 'get_file_age'
2025-03-02 00:11:29,958 - ERROR - Error getting file info for C:\Program Files\TeamViewer\TeamViewer15_Logfile.log: 'TempFileFinder' object has no attribute 'get_file_age'
2025-03-02 00:11:29,958 - ERROR - Error getting file info for C:\Program Files\TeamViewer\TVNetwork.log: 'TempFileFinder' object has no attribute 'get_file_age'
2025-03-02 00:11:30,040 - ERROR - Error getting file info for C:\Program Files\VideoLAN\VLC\uninstall.log: 'TempFileFinder' object has no attribute 'get_file_age'
2025-03-02 00:11:32,630 - ERROR - Error getting file info for C:\Program Files\WindowsApps\JuliaComputingInc.Julia_1.17.13.0_x64__b0ra4bp6jsp6c\Julia\BundledJulia\share\doc\julia\html\en\devdocs\build\arm.html: 'TempFileFinder' object has no attribute 'get_file_age'
2025-03-02 00:11:32,631 - ERROR - Error getting file info for C:\Program Files\WindowsApps\JuliaComputingInc.Julia_1.17.13.0_x64__b0ra4bp6jsp6c\Julia\BundledJulia\share\doc\julia\html\en\devdocs\build\build.html: 'TempFileFinder' object has no attribute 'get_file_age'
2025-03-02 00:11:32,631 - ERROR - Error getting file info for C:\Program Files\WindowsApps\JuliaComputingInc.Julia_1.17.13.0_x64__b0ra4bp6jsp6c\Julia\BundledJulia\share\doc\julia\html\en\devdocs\build\distributing.html: 'TempFileFinder' object has no attribute 'get_file_age'
2025-03-02 00:11:32,631 - ERROR - Error getting file info for C:\Program Files\WindowsApps\JuliaComputingInc.Julia_1.17.13.0_x64__b0ra4bp6jsp6c\Julia\BundledJulia\share\doc\julia\html\en\devdocs\build\freebsd.html: 'TempFileFinder' object has no attribute 'get_file_age'
2025-03-02 00:11:32,631 - ERROR - Error getting file info for C:\Program Files\WindowsApps\JuliaComputingInc.Julia_1.17.13.0_x64__b0ra4bp6jsp6c\Julia\BundledJulia\share\doc\julia\html\en\devdocs\build\linux.html: 'TempFileFinder' object has no attribute 'get_file_age'
2025-03-02 00:11:32,632 - ERROR - Error getting file info for C:\Program Files\WindowsApps\JuliaComputingInc.Julia_1.17.13.0_x64__b0ra4bp6jsp6c\Julia\BundledJulia\share\doc\julia\html\en\devdocs\build\macos.html: 'TempFileFinder' object has no attribute 'get_file_age'
2025-03-02 00:11:32,632 - ERROR - Error getting file info for C:\Program Files\WindowsApps\JuliaComputingInc.Julia_1.17.13.0_x64__b0ra4bp6jsp6c\Julia\BundledJulia\share\doc\julia\html\en\devdocs\build\windows.html: 'TempFileFinder' object has no attribute 'get_file_age'
2025-03-02 00:11:32,656 - ERROR - Error getting file info for C:\Program Files\WindowsApps\JuliaComputingInc.Julia_1.17.13.0_x64__b0ra4bp6jsp6c\Julia\BundledJulia\share\julia\base.cache: 'TempFileFinder' object has no attribute 'get_file_age'
2025-03-02 00:11:47,361 - ERROR - Error getting file info for C:\Program Files (x86)\desktop.ini: 'TempFileFinder' object has no attribute 'get_file_age'
2025-03-02 00:11:49,081 - ERROR - Error getting file info for C:\Program Files (x86)\Common Files\Adobe\Adobe PCD\Cache\0808D1CF1710: 'TempFileFinder' object has no attribute 'get_file_age'
2025-03-02 00:11:49,081 - ERROR - Error getting file info for C:\Program Files (x86)\Common Files\Adobe\Adobe PCD\Cache\cache.db: 'TempFileFinder' object has no attribute 'get_file_age'
2025-03-02 00:11:49,112 - ERROR - Error getting file info for C:\Program Files (x86)\Common Files\Adobe\ARM\1.0\Cache\Arm_018244601108_178727110112374653708765927571865882397.msi: 'TempFileFinder' object has no attribute 'get_file_age'
2025-03-02 00:11:49,730 - ERROR - Error getting file info for C:\Program Files (x86)\Common Files\Adobe\CEP\extensions\subtitlepro\dialog\.DS_Store: 'TempFileFinder' object has no attribute 'get_file_age'
2025-03-02 00:11:49,745 - ERROR - Error getting file info for C:\Program Files (x86)\Common Files\Adobe\CEP\extensions\subtitlepro\static\.DS_Store: 'TempFileFinder' object has no attribute 'get_file_age'
2025-03-02 00:11:49,761 - ERROR - Error getting file info for C:\Program Files (x86)\Common Files\Adobe\CEP\extensions\subtitlepro\templates\.DS_Store: 'TempFileFinder' object has no attribute 'get_file_age'
2025-03-02 00:11:49,839 - ERROR - Error getting file info for C:\Program Files (x86)\Common Files\Adobe\Installers\CoreSyncInstall.log: 'TempFileFinder' object has no attribute 'get_file_age'
2025-03-02 00:11:49,839 - ERROR - Error getting file info for C:\Program Files (x86)\Common Files\Adobe\Installers\Install 2024-12-29 05-22-09.log: 'TempFileFinder' object has no attribute 'get_file_age'
2025-03-02 00:11:49,839 - ERROR - Error getting file info for C:\Program Files (x86)\Common Files\Adobe\Installers\Install 2024-12-29 06-37-29.log: 'TempFileFinder' object has no attribute 'get_file_age'
2025-03-02 00:11:49,839 - ERROR - Error getting file info for C:\Program Files (x86)\Common Files\Adobe\Installers\Install 2024-12-30 03-24-16.log: 'TempFileFinder' object has no attribute 'get_file_age'
2025-03-02 00:11:49,839 - ERROR - Error getting file info for C:\Program Files (x86)\Common Files\Adobe\Installers\Install.log: 'TempFileFinder' object has no attribute 'get_file_age'
2025-03-02 00:11:52,513 - ERROR - Error getting file info for C:\Program Files (x86)\EaseUS\EaseUS Partition Master 12.10\bin\Defrag.log: 'TempFileFinder' object has no attribute 'get_file_age'
2025-03-02 00:11:52,513 - ERROR - Error getting file info for C:\Program Files (x86)\EaseUS\EaseUS Partition Master 12.10\bin\Eaolog.log: 'TempFileFinder' object has no attribute 'get_file_age'
2025-03-02 00:11:52,513 - ERROR - Error getting file info for C:\Program Files (x86)\EaseUS\EaseUS Partition Master 12.10\bin\EPMLOG.log: 'TempFileFinder' object has no attribute 'get_file_age'
2025-03-02 00:11:52,513 - ERROR - Error getting file info for C:\Program Files (x86)\EaseUS\EaseUS Partition Master 12.10\bin\ExportISO.log: 'TempFileFinder' object has no attribute 'get_file_age'
2025-03-02 00:11:52,513 - ERROR - Error getting file info for C:\Program Files (x86)\EaseUS\EaseUS Partition Master 12.10\bin\petools.log: 'TempFileFinder' object has no attribute 'get_file_age'
2025-03-02 00:11:52,513 - ERROR - Error getting file info for C:\Program Files (x86)\EaseUS\EaseUS Partition Master 12.10\bin\test.log: 'TempFileFinder' object has no attribute 'get_file_age'
2025-03-02 00:11:52,513 - ERROR - Error getting file info for C:\Program Files (x86)\EaseUS\EaseUS Partition Master 12.10\bin\TrayPopupE\Tray.log: 'TempFileFinder' object has no attribute 'get_file_age'
2025-03-02 00:11:52,513 - ERROR - Error getting file info for C:\Program Files (x86)\EaseUS\EaseUS Partition Master 12.10\bin\TrayPopupE\traynet.log: 'TempFileFinder' object has no attribute 'get_file_age'
2025-03-02 00:11:52,513 - ERROR - Error getting file info for C:\Program Files (x86)\EaseUS\EaseUS Partition Master 12.10\bin\TrayPopupE\TrayTipConfig.log: 'TempFileFinder' object has no attribute 'get_file_age'
2025-03-02 00:11:52,544 - ERROR - Error getting file info for C:\Program Files (x86)\Google\GoogleUpdater\updater.log: 'TempFileFinder' object has no attribute 'get_file_age'
2025-03-02 00:11:52,544 - ERROR - Error getting file info for C:\Program Files (x86)\Google\GoogleUpdater\updater.log.old: 'TempFileFinder' object has no attribute 'get_file_age'
2025-03-02 00:11:52,702 - ERROR - Error getting file info for C:\Program Files (x86)\LinuxLive USB Creator\logs\2023-11-22.log: 'TempFileFinder' object has no attribute 'get_file_age'
2025-03-02 00:11:58,113 - ERROR - Error getting file info for C:\Program Files (x86)\Microsoft Visual Studio\2022\BuildTools\Common7\IDE\Extensions\Microsoft\VsGraphics\TemplateDefaults\defaultfile.obj: 'TempFileFinder' object has no attribute 'get_file_age'
2025-03-02 00:11:59,319 - ERROR - Error getting file info for C:\Program Files (x86)\Microsoft Visual Studio\2022\BuildTools\Common7\IDE\VC\Snippets\1033\Visual C++\~.snippet: 'TempFileFinder' object has no attribute 'get_file_age'
2025-03-02 00:12:00,732 - ERROR - Error getting file info for C:\Program Files (x86)\Microsoft Visual Studio\2022\BuildTools\VC\Auxiliary\build\Microsoft.VCRedistVersion.default.props: 'TempFileFinder' object has no attribute 'get_file_age'
2025-03-02 00:12:00,732 - ERROR - Error getting file info for C:\Program Files (x86)\Microsoft Visual Studio\2022\BuildTools\VC\Auxiliary\build\Microsoft.VCRedistVersion.default.txt: 'TempFileFinder' object has no attribute 'get_file_age'
2025-03-02 00:12:00,732 - ERROR - Error getting file info for C:\Program Files (x86)\Microsoft Visual Studio\2022\BuildTools\VC\Auxiliary\build\Microsoft.VCRedistVersion.v143.default.props: 'TempFileFinder' object has no attribute 'get_file_age'
2025-03-02 00:12:00,732 - ERROR - Error getting file info for C:\Program Files (x86)\Microsoft Visual Studio\2022\BuildTools\VC\Auxiliary\build\Microsoft.VCToolsVersion.default.props: 'TempFileFinder' object has no attribute 'get_file_age'
2025-03-02 00:12:00,732 - ERROR - Error getting file info for C:\Program Files (x86)\Microsoft Visual Studio\2022\BuildTools\VC\Auxiliary\build\Microsoft.VCToolsVersion.default.txt: 'TempFileFinder' object has no attribute 'get_file_age'
2025-03-02 00:12:00,732 - ERROR - Error getting file info for C:\Program Files (x86)\Microsoft Visual Studio\2022\BuildTools\VC\Auxiliary\build\Microsoft.VCToolsVersion.v143.default.props: 'TempFileFinder' object has no attribute 'get_file_age'
2025-03-02 00:12:00,732 - ERROR - Error getting file info for C:\Program Files (x86)\Microsoft Visual Studio\2022\BuildTools\VC\Auxiliary\build\Microsoft.VCToolsVersion.v143.default.txt: 'TempFileFinder' object has no attribute 'get_file_age'
2025-03-02 00:12:00,732 - ERROR - Error getting file info for C:\Program Files (x86)\Microsoft Visual Studio\2022\BuildTools\VC\Auxiliary\build\vcvars32.bat: 'TempFileFinder' object has no attribute 'get_file_age'
2025-03-02 00:12:00,732 - ERROR - Error getting file info for C:\Program Files (x86)\Microsoft Visual Studio\2022\BuildTools\VC\Auxiliary\build\vcvars64.bat: 'TempFileFinder' object has no attribute 'get_file_age'
2025-03-02 00:12:00,732 - ERROR - Error getting file info for C:\Program Files (x86)\Microsoft Visual Studio\2022\BuildTools\VC\Auxiliary\build\vcvarsall.bat: 'TempFileFinder' object has no attribute 'get_file_age'
2025-03-02 00:12:00,732 - ERROR - Error getting file info for C:\Program Files (x86)\Microsoft Visual Studio\2022\BuildTools\VC\Auxiliary\build\vcvarsamd64_x86.bat: 'TempFileFinder' object has no attribute 'get_file_age'
2025-03-02 00:12:00,732 - ERROR - Error getting file info for C:\Program Files (x86)\Microsoft Visual Studio\2022\BuildTools\VC\Auxiliary\build\vcvarsx86_amd64.bat: 'TempFileFinder' object has no attribute 'get_file_age'
2025-03-02 00:12:01,545 - ERROR - Error getting file info for C:\Program Files (x86)\Microsoft Visual Studio\2022\BuildTools\VC\Tools\MSVC\14.42.34433\lib\x64\binmode.obj: 'TempFileFinder' object has no attribute 'get_file_age'
2025-03-02 00:12:01,545 - ERROR - Error getting file info for C:\Program Files (x86)\Microsoft Visual Studio\2022\BuildTools\VC\Tools\MSVC\14.42.34433\lib\x64\chkstk.obj: 'TempFileFinder' object has no attribute 'get_file_age'
2025-03-02 00:12:01,545 - ERROR - Error getting file info for C:\Program Files (x86)\Microsoft Visual Studio\2022\BuildTools\VC\Tools\MSVC\14.42.34433\lib\x64\commode.obj: 'TempFileFinder' object has no attribute 'get_file_age'
2025-03-02 00:12:01,545 - ERROR - Error getting file info for C:\Program Files (x86)\Microsoft Visual Studio\2022\BuildTools\VC\Tools\MSVC\14.42.34433\lib\x64\invalidcontinue.obj: 'TempFileFinder' object has no attribute 'get_file_age'
2025-03-02 00:12:01,545 - ERROR - Error getting file info for C:\Program Files (x86)\Microsoft Visual Studio\2022\BuildTools\VC\Tools\MSVC\14.42.34433\lib\x64\legacy_stdio_float_rounding.obj: 'TempFileFinder' object has no attribute 'get_file_age'
2025-03-02 00:12:01,545 - ERROR - Error getting file info for C:\Program Files (x86)\Microsoft Visual Studio\2022\BuildTools\VC\Tools\MSVC\14.42.34433\lib\x64\loosefpmath.obj: 'TempFileFinder' object has no attribute 'get_file_age'
2025-03-02 00:12:01,545 - ERROR - Error getting file info for C:\Program Files (x86)\Microsoft Visual Studio\2022\BuildTools\VC\Tools\MSVC\14.42.34433\lib\x64\newmode.obj: 'TempFileFinder' object has no attribute 'get_file_age'
2025-03-02 00:12:01,545 - ERROR - Error getting file info for C:\Program Files (x86)\Microsoft Visual Studio\2022\BuildTools\VC\Tools\MSVC\14.42.34433\lib\x64\noarg.obj: 'TempFileFinder' object has no attribute 'get_file_age'
2025-03-02 00:12:01,545 - ERROR - Error getting file info for C:\Program Files (x86)\Microsoft Visual Studio\2022\BuildTools\VC\Tools\MSVC\14.42.34433\lib\x64\noenv.obj: 'TempFileFinder' object has no attribute 'get_file_age'
2025-03-02 00:12:01,545 - ERROR - Error getting file info for C:\Program Files (x86)\Microsoft Visual Studio\2022\BuildTools\VC\Tools\MSVC\14.42.34433\lib\x64\notelemetry.obj: 'TempFileFinder' object has no attribute 'get_file_age'
2025-03-02 00:12:01,545 - ERROR - Error getting file info for C:\Program Files (x86)\Microsoft Visual Studio\2022\BuildTools\VC\Tools\MSVC\14.42.34433\lib\x64\nothrownew.obj: 'TempFileFinder' object has no attribute 'get_file_age'
2025-03-02 00:12:01,545 - ERROR - Error getting file info for C:\Program Files (x86)\Microsoft Visual Studio\2022\BuildTools\VC\Tools\MSVC\14.42.34433\lib\x64\setargv.obj: 'TempFileFinder' object has no attribute 'get_file_age'
2025-03-02 00:12:01,545 - ERROR - Error getting file info for C:\Program Files (x86)\Microsoft Visual Studio\2022\BuildTools\VC\Tools\MSVC\14.42.34433\lib\x64\threadlocale.obj: 'TempFileFinder' object has no attribute 'get_file_age'
2025-03-02 00:12:01,545 - ERROR - Error getting file info for C:\Program Files (x86)\Microsoft Visual Studio\2022\BuildTools\VC\Tools\MSVC\14.42.34433\lib\x64\wsetargv.obj: 'TempFileFinder' object has no attribute 'get_file_age'
2025-03-02 00:12:01,560 - ERROR - Error getting file info for C:\Program Files (x86)\Microsoft Visual Studio\2022\BuildTools\VC\Tools\MSVC\14.42.34433\lib\x64\store\legacy_stdio_float_rounding.obj: 'TempFileFinder' object has no attribute 'get_file_age'
2025-03-02 00:12:01,575 - ERROR - Error getting file info for C:\Program Files (x86)\Microsoft Visual Studio\2022\BuildTools\VC\Tools\MSVC\14.42.34433\lib\x64\uwp\legacy_stdio_float_rounding.obj: 'TempFileFinder' object has no attribute 'get_file_age'
2025-03-02 00:12:01,591 - ERROR - Error getting file info for C:\Program Files (x86)\Microsoft Visual Studio\2022\BuildTools\VC\Tools\MSVC\14.42.34433\lib\x86\binmode.obj: 'TempFileFinder' object has no attribute 'get_file_age'
2025-03-02 00:12:01,591 - ERROR - Error getting file info for C:\Program Files (x86)\Microsoft Visual Studio\2022\BuildTools\VC\Tools\MSVC\14.42.34433\lib\x86\chkstk.obj: 'TempFileFinder' object has no attribute 'get_file_age'
2025-03-02 00:12:01,591 - ERROR - Error getting file info for C:\Program Files (x86)\Microsoft Visual Studio\2022\BuildTools\VC\Tools\MSVC\14.42.34433\lib\x86\commode.obj: 'TempFileFinder' object has no attribute 'get_file_age'
2025-03-02 00:12:01,591 - ERROR - Error getting file info for C:\Program Files (x86)\Microsoft Visual Studio\2022\BuildTools\VC\Tools\MSVC\14.42.34433\lib\x86\fp10.obj: 'TempFileFinder' object has no attribute 'get_file_age'
2025-03-02 00:12:01,591 - ERROR - Error getting file info for C:\Program Files (x86)\Microsoft Visual Studio\2022\BuildTools\VC\Tools\MSVC\14.42.34433\lib\x86\invalidcontinue.obj: 'TempFileFinder' object has no attribute 'get_file_age'
2025-03-02 00:12:01,591 - ERROR - Error getting file info for C:\Program Files (x86)\Microsoft Visual Studio\2022\BuildTools\VC\Tools\MSVC\14.42.34433\lib\x86\legacy_stdio_float_rounding.obj: 'TempFileFinder' object has no attribute 'get_file_age'
2025-03-02 00:12:01,591 - ERROR - Error getting file info for C:\Program Files (x86)\Microsoft Visual Studio\2022\BuildTools\VC\Tools\MSVC\14.42.34433\lib\x86\loosefpmath.obj: 'TempFileFinder' object has no attribute 'get_file_age'
2025-03-02 00:12:01,607 - ERROR - Error getting file info for C:\Program Files (x86)\Microsoft Visual Studio\2022\BuildTools\VC\Tools\MSVC\14.42.34433\lib\x86\newmode.obj: 'TempFileFinder' object has no attribute 'get_file_age'
2025-03-02 00:12:01,607 - ERROR - Error getting file info for C:\Program Files (x86)\Microsoft Visual Studio\2022\BuildTools\VC\Tools\MSVC\14.42.34433\lib\x86\noarg.obj: 'TempFileFinder' object has no attribute 'get_file_age'
2025-03-02 00:12:01,607 - ERROR - Error getting file info for C:\Program Files (x86)\Microsoft Visual Studio\2022\BuildTools\VC\Tools\MSVC\14.42.34433\lib\x86\noenv.obj: 'TempFileFinder' object has no attribute 'get_file_age'
2025-03-02 00:12:01,607 - ERROR - Error getting file info for C:\Program Files (x86)\Microsoft Visual Studio\2022\BuildTools\VC\Tools\MSVC\14.42.34433\lib\x86\notelemetry.obj: 'TempFileFinder' object has no attribute 'get_file_age'
2025-03-02 00:12:01,607 - ERROR - Error getting file info for C:\Program Files (x86)\Microsoft Visual Studio\2022\BuildTools\VC\Tools\MSVC\14.42.34433\lib\x86\nothrownew.obj: 'TempFileFinder' object has no attribute 'get_file_age'
2025-03-02 00:12:01,607 - ERROR - Error getting file info for C:\Program Files (x86)\Microsoft Visual Studio\2022\BuildTools\VC\Tools\MSVC\14.42.34433\lib\x86\setargv.obj: 'TempFileFinder' object has no attribute 'get_file_age'
2025-03-02 00:12:01,607 - ERROR - Error getting file info for C:\Program Files (x86)\Microsoft Visual Studio\2022\BuildTools\VC\Tools\MSVC\14.42.34433\lib\x86\threadlocale.obj: 'TempFileFinder' object has no attribute 'get_file_age'
2025-03-02 00:12:01,607 - ERROR - Error getting file info for C:\Program Files (x86)\Microsoft Visual Studio\2022\BuildTools\VC\Tools\MSVC\14.42.34433\lib\x86\wsetargv.obj: 'TempFileFinder' object has no attribute 'get_file_age'
2025-03-02 00:12:01,622 - ERROR - Error getting file info for C:\Program Files (x86)\Microsoft Visual Studio\2022\BuildTools\VC\Tools\MSVC\14.42.34433\lib\x86\store\legacy_stdio_float_rounding.obj: 'TempFileFinder' object has no attribute 'get_file_age'
2025-03-02 00:12:01,622 - ERROR - Error getting file info for C:\Program Files (x86)\Microsoft Visual Studio\2022\BuildTools\VC\Tools\MSVC\14.42.34433\lib\x86\uwp\legacy_stdio_float_rounding.obj: 'TempFileFinder' object has no attribute 'get_file_age'
2025-03-02 00:12:01,669 - ERROR - Error getting file info for C:\Program Files (x86)\Microsoft Visual Studio\2022\BuildTools\VC#\Snippets\1033\Visual C#\~.snippet: 'TempFileFinder' object has no attribute 'get_file_age'
2025-03-02 00:12:02,203 - ERROR - Error getting file info for C:\Program Files (x86)\Mozilla Maintenance Service\logs\maintenanceservice-install.log: 'TempFileFinder' object has no attribute 'get_file_age'
2025-03-02 00:12:02,203 - ERROR - Error getting file info for C:\Program Files (x86)\Mozilla Maintenance Service\UpdateLogs\308046B0AF4A39CB.log: 'TempFileFinder' object has no attribute 'get_file_age'
2025-03-02 00:12:02,377 - ERROR - Error getting file info for C:\Program Files (x86)\OpenOffice 4\program\JREProperties.class: 'TempFileFinder' object has no attribute 'get_file_age'
2025-03-02 00:12:02,408 - ERROR - Error getting file info for C:\Program Files (x86)\OpenOffice 4\program\python-core-2.7.18\include\python2.7\deliver.log: 'TempFileFinder' object has no attribute 'get_file_age'
2025-03-02 00:12:03,551 - ERROR - Error getting file info for C:\Program Files (x86)\PassFab Activation Unlock\logs\2023-11-23.log: 'TempFileFinder' object has no attribute 'get_file_age'
2025-03-02 00:12:03,551 - ERROR - Error getting file info for C:\Program Files (x86)\PassFab Activation Unlock\logs\2023-11-23_iso.log: 'TempFileFinder' object has no attribute 'get_file_age'
2025-03-02 00:12:03,551 - ERROR - Error getting file info for C:\Program Files (x86)\PassFab Activation Unlock\logs\data.log: 'TempFileFinder' object has no attribute 'get_file_age'
2025-03-02 00:12:03,551 - ERROR - Error getting file info for C:\Program Files (x86)\PassFab Activation Unlock\logs\PassFab Activation Unlock.log: 'TempFileFinder' object has no attribute 'get_file_age'
2025-03-02 00:12:03,551 - ERROR - Error getting file info for C:\Program Files (x86)\PassFab Activation Unlock\logs\RepairItunes.log: 'TempFileFinder' object has no attribute 'get_file_age'
2025-03-02 00:12:13,996 - ERROR - Error getting file info for C:\ProgramData\Adobe\UPI\Log\EMCL.log: 'TempFileFinder' object has no attribute 'get_file_age'
2025-03-02 00:12:13,996 - ERROR - Error getting file info for C:\ProgramData\Adobe\UPI\Log\Upia.log: 'TempFileFinder' object has no attribute 'get_file_age'
2025-03-02 00:12:14,750 - ERROR - Error getting file info for C:\ProgramData\Epic Privacy Browser\Installer\Log\EpicUpdate.log: 'TempFileFinder' object has no attribute 'get_file_age'
2025-03-02 00:12:14,941 - ERROR - Error getting file info for C:\ProgramData\Intel\Intel Extreme Tuning Utility\Logs\XtuCore.20231121-2028427566.log: 'TempFileFinder' object has no attribute 'get_file_age'
2025-03-02 00:12:14,941 - ERROR - Error getting file info for C:\ProgramData\Intel\Intel Extreme Tuning Utility\Logs\XtuCore.20231122-0131005086.log: 'TempFileFinder' object has no attribute 'get_file_age'
2025-03-02 00:12:14,945 - ERROR - Error getting file info for C:\ProgramData\Intel\Logs\IntelCPHS.log: 'TempFileFinder' object has no attribute 'get_file_age'
2025-03-02 00:12:14,976 - ERROR - Error getting file info for C:\ProgramData\LGHUB\Cache\031e0f8ff234e7e79565d0188e9b3d98f5d746ec686980a5d2ed00b73b46b809: 'TempFileFinder' object has no attribute 'get_file_age'
2025-03-02 00:12:14,976 - ERROR - Error getting file info for C:\ProgramData\LGHUB\Cache\10d99074c3815025f2b574ffaa2cf9ab075e8e1411442db5a10f26678844b08b: 'TempFileFinder' object has no attribute 'get_file_age'
2025-03-02 00:12:14,976 - ERROR - Error getting file info for C:\ProgramData\LGHUB\Cache\1756fedf6ea8c5cb825423d6a6afce6d29ef46d4f0b719c0676f4d7c62ce14a4: 'TempFileFinder' object has no attribute 'get_file_age'
2025-03-02 00:12:14,977 - ERROR - Error getting file info for C:\ProgramData\LGHUB\Cache\2e45418a6a0c7a8b6bdf828166a24cb9722257b442b6dfaee9b8a85e137c2ed4: 'TempFileFinder' object has no attribute 'get_file_age'
2025-03-02 00:12:14,977 - ERROR - Error getting file info for C:\ProgramData\LGHUB\Cache\2e6bb3e3169a0d44c47d9e588d09962a86a6545db209087c59f1b36ecba553c0: 'TempFileFinder' object has no attribute 'get_file_age'
2025-03-02 00:12:14,977 - ERROR - Error getting file info for C:\ProgramData\LGHUB\Cache\3eb14b1a3ce9b1d679a5d8688cba7123f8887615b5d872573d2bab05cfabe0d9: 'TempFileFinder' object has no attribute 'get_file_age'
2025-03-02 00:12:14,978 - ERROR - Error getting file info for C:\ProgramData\LGHUB\Cache\4ebb11ed6abacdae9cfe1f2ea457aa4eb1c39b7f4c37be6aa04dc18c10ba2f38: 'TempFileFinder' object has no attribute 'get_file_age'
2025-03-02 00:12:14,978 - ERROR - Error getting file info for C:\ProgramData\LGHUB\Cache\585132eb163201c4403e6157067d1afba05e3e115b2d5b2001c00c41fbad6185: 'TempFileFinder' object has no attribute 'get_file_age'
2025-03-02 00:12:14,978 - ERROR - Error getting file info for C:\ProgramData\LGHUB\Cache\59f45e6d97c1453d7f9757b4ec8a6863e45b01507d7aca0a10ce9f3d8353c4ed: 'TempFileFinder' object has no attribute 'get_file_age'
2025-03-02 00:12:14,978 - ERROR - Error getting file info for C:\ProgramData\LGHUB\Cache\5e0929a486acb7ab150f829a10f1fb72e8996ee48d998244a12d573bc685a9ea: 'TempFileFinder' object has no attribute 'get_file_age'
2025-03-02 00:12:14,978 - ERROR - Error getting file info for C:\ProgramData\LGHUB\Cache\7dd633c4b8b00cc96a15fef6307152c336ca9975fb6d105a616a1cbe6695bebd: 'TempFileFinder' object has no attribute 'get_file_age'
2025-03-02 00:12:14,980 - ERROR - Error getting file info for C:\ProgramData\LGHUB\Cache\8b5e085045d98efd10e7882177c75e0d2092445c37cf9479b729a79cfb0b986d: 'TempFileFinder' object has no attribute 'get_file_age'
2025-03-02 00:12:14,980 - ERROR - Error getting file info for C:\ProgramData\LGHUB\Cache\9832a404b1692dca4a53c1bc30178dce9029fc6c5476914969f54678b64d8d6e: 'TempFileFinder' object has no attribute 'get_file_age'
2025-03-02 00:12:14,981 - ERROR - Error getting file info for C:\ProgramData\LGHUB\Cache\b282f8672de89985a1ef634207175afb3f973d9242d2a80f896b135cad3b50d2: 'TempFileFinder' object has no attribute 'get_file_age'
2025-03-02 00:12:14,981 - ERROR - Error getting file info for C:\ProgramData\LGHUB\Cache\b917f38b99ab2a3a8558e8497543ad9e03793dee889d0489292bc9a282face78: 'TempFileFinder' object has no attribute 'get_file_age'
2025-03-02 00:12:14,981 - ERROR - Error getting file info for C:\ProgramData\LGHUB\Cache\b929bd4e2c8346f17496b189c3185a84bde4ac3245c099bd6c7b8e40f5b59d85: 'TempFileFinder' object has no attribute 'get_file_age'
2025-03-02 00:12:14,981 - ERROR - Error getting file info for C:\ProgramData\LGHUB\Cache\ca81f5ee19c17922fbd779115d9912defb7b5ec5de1f4352fba3793dce69476a: 'TempFileFinder' object has no attribute 'get_file_age'
2025-03-02 00:12:14,982 - ERROR - Error getting file info for C:\ProgramData\LGHUB\Cache\cc8bcfbf95da954185d83934b65d42f5ab46cb80fe62241ad725101f2f3a66f4: 'TempFileFinder' object has no attribute 'get_file_age'
2025-03-02 00:12:14,982 - ERROR - Error getting file info for C:\ProgramData\LGHUB\Cache\f1f57d45d250527e29e1b60424fe9cc82ee91bf495361c8897753bc8950d5bcf: 'TempFileFinder' object has no attribute 'get_file_age'
2025-03-02 00:12:14,983 - ERROR - Error getting file info for C:\ProgramData\LGHUB\Cache\f250be0a9af1539c0862c182c7d9de1ed109047bea92bbb9ec46745b20cb6604: 'TempFileFinder' object has no attribute 'get_file_age'
2025-03-02 00:12:14,983 - ERROR - Error getting file info for C:\ProgramData\LGHUB\Cache\f4144da0464b9b2ea97efddb659c3a68893e213b3257da417b41136e911acdb7: 'TempFileFinder' object has no attribute 'get_file_age'
2025-03-02 00:12:16,468 - ERROR - Error getting file info for C:\ProgramData\Maxon\Logs\maxon-service.log: 'TempFileFinder' object has no attribute 'get_file_age'
2025-03-02 00:12:16,468 - ERROR - Error getting file info for C:\ProgramData\Maxon\Logs\mxredirect.log: 'TempFileFinder' object has no attribute 'get_file_age'
2025-03-02 00:12:16,483 - ERROR - Error getting file info for C:\ProgramData\Maxon\Logs\Red Giant Service_13.dmp: 'TempFileFinder' object has no attribute 'get_file_age'
2025-03-02 00:12:16,483 - ERROR - Error getting file info for C:\ProgramData\Maxon\Logs\Red Giant Service_14.dmp: 'TempFileFinder' object has no attribute 'get_file_age'
2025-03-02 00:12:16,483 - ERROR - Error getting file info for C:\ProgramData\Maxon\Logs\Red Giant Service_15.dmp: 'TempFileFinder' object has no attribute 'get_file_age'
2025-03-02 00:12:16,483 - ERROR - Error getting file info for C:\ProgramData\Maxon\Logs\Red Giant Service_16.dmp: 'TempFileFinder' object has no attribute 'get_file_age'
2025-03-02 00:12:16,483 - ERROR - Error getting file info for C:\ProgramData\Maxon\Logs\Red Giant Service_17.dmp: 'TempFileFinder' object has no attribute 'get_file_age'
2025-03-02 00:12:16,483 - ERROR - Error getting file info for C:\ProgramData\Maxon\Logs\Red Giant Service_18.dmp: 'TempFileFinder' object has no attribute 'get_file_age'
2025-03-02 00:12:16,483 - ERROR - Error getting file info for C:\ProgramData\Maxon\Logs\Red Giant Service_19.dmp: 'TempFileFinder' object has no attribute 'get_file_age'
2025-03-02 00:12:16,483 - ERROR - Error getting file info for C:\ProgramData\Maxon\Logs\Red Giant Service_23922.dmp: 'TempFileFinder' object has no attribute 'get_file_age'
2025-03-02 00:12:16,483 - ERROR - Error getting file info for C:\ProgramData\Maxon\Logs\Red Giant Service_4310.dmp: 'TempFileFinder' object has no attribute 'get_file_age'
2025-03-02 00:12:16,483 - ERROR - Error getting file info for C:\ProgramData\Maxon\Logs\Red Giant Service_77.dmp: 'TempFileFinder' object has no attribute 'get_file_age'
2025-03-02 00:12:16,556 - ERROR - Error getting file info for C:\ProgramData\Maxon\Stats\UsageController.log: 'TempFileFinder' object has no attribute 'get_file_age'
2025-03-02 00:12:19,884 - ERROR - Error getting file info for C:\ProgramData\Microsoft\EdgeUpdate\Log\MicrosoftEdgeUpdate.log: 'TempFileFinder' object has no attribute 'get_file_age'
2025-03-02 00:12:19,888 - ERROR - Error getting file info for C:\ProgramData\Microsoft\EdgeUpdate\Log\MicrosoftEdgeUpdate.log.bak: 'TempFileFinder' object has no attribute 'get_file_age'
2025-03-02 00:12:19,976 - ERROR - Error getting file info for C:\ProgramData\Microsoft\MapData\events.log: 'TempFileFinder' object has no attribute 'get_file_age'
2025-03-02 00:12:20,710 - ERROR - Error getting file info for C:\ProgramData\Microsoft\NetFramework\BreadcrumbStore\netcore,Azure.Core: 'TempFileFinder' object has no attribute 'get_file_age'
2025-03-02 00:12:20,711 - ERROR - Error getting file info for C:\ProgramData\Microsoft\NetFramework\BreadcrumbStore\netcore,ColorCode.Core: 'TempFileFinder' object has no attribute 'get_file_age'
2025-03-02 00:12:20,711 - ERROR - Error getting file info for C:\ProgramData\Microsoft\NetFramework\BreadcrumbStore\netcore,CommunityToolkit.WinUI.UI.Controls.Core: 'TempFileFinder' object has no attribute 'get_file_age'
2025-03-02 00:12:20,712 - ERROR - Error getting file info for C:\ProgramData\Microsoft\NetFramework\BreadcrumbStore\netcore,Humanizer.Core: 'TempFileFinder' object has no attribute 'get_file_age'
2025-03-02 00:12:20,712 - ERROR - Error getting file info for C:\ProgramData\Microsoft\NetFramework\BreadcrumbStore\netcore,Magick.NET.Core: 'TempFileFinder' object has no attribute 'get_file_age'
2025-03-02 00:12:20,713 - ERROR - Error getting file info for C:\ProgramData\Microsoft\NetFramework\BreadcrumbStore\netcore,Microsoft.AspNetCore.SignalR.Client.Core: 'TempFileFinder' object has no attribute 'get_file_age'
2025-03-02 00:12:20,720 - ERROR - Error getting file info for C:\ProgramData\Microsoft\NetFramework\BreadcrumbStore\netcore,Microsoft.Build.Tasks.Core: 'TempFileFinder' object has no attribute 'get_file_age'
2025-03-02 00:12:20,720 - ERROR - Error getting file info for C:\ProgramData\Microsoft\NetFramework\BreadcrumbStore\netcore,Microsoft.Build.Utilities.Core: 'TempFileFinder' object has no attribute 'get_file_age'
2025-03-02 00:12:20,721 - ERROR - Error getting file info for C:\ProgramData\Microsoft\NetFramework\BreadcrumbStore\netcore,Microsoft.Data.Sqlite.Core: 'TempFileFinder' object has no attribute 'get_file_age'
2025-03-02 00:12:20,721 - ERROR - Error getting file info for C:\ProgramData\Microsoft\NetFramework\BreadcrumbStore\netcore,Microsoft.TemplateEngine.Core: 'TempFileFinder' object has no attribute 'get_file_age'
2025-03-02 00:12:20,722 - ERROR - Error getting file info for C:\ProgramData\Microsoft\NetFramework\BreadcrumbStore\netcore,Microsoft.Windows.AugLoop.Core: 'TempFileFinder' object has no attribute 'get_file_age'
2025-03-02 00:12:20,722 - ERROR - Error getting file info for C:\ProgramData\Microsoft\NetFramework\BreadcrumbStore\netcore,NuGet.DependencyResolver.Core: 'TempFileFinder' object has no attribute 'get_file_age'
2025-03-02 00:12:20,723 - ERROR - Error getting file info for C:\ProgramData\Microsoft\NetFramework\BreadcrumbStore\netcore,NuGet.Packaging.Core: 'TempFileFinder' object has no attribute 'get_file_age'
2025-03-02 00:12:20,723 - ERROR - Error getting file info for C:\ProgramData\Microsoft\NetFramework\BreadcrumbStore\netcore,Polly.Core: 'TempFileFinder' object has no attribute 'get_file_age'
2025-03-02 00:12:20,723 - ERROR - Error getting file info for C:\ProgramData\Microsoft\NetFramework\BreadcrumbStore\netcore,SQLitePCLRaw.core: 'TempFileFinder' object has no attribute 'get_file_age'
2025-03-02 00:12:20,724 - ERROR - Error getting file info for C:\ProgramData\Microsoft\NetFramework\BreadcrumbStore\netcore,System.Reactive.Core: 'TempFileFinder' object has no attribute 'get_file_age'
2025-03-02 00:12:20,724 - ERROR - Error getting file info for C:\ProgramData\Microsoft\NetFramework\BreadcrumbStore\netcore,Vanara.Core: 'TempFileFinder' object has no attribute 'get_file_age'
2025-03-02 00:12:21,082 - ERROR - Error getting file info for C:\ProgramData\Microsoft\Network\Downloader\edb.log: 'TempFileFinder' object has no attribute 'get_file_age'
2025-03-02 00:12:21,082 - ERROR - Error getting file info for C:\ProgramData\Microsoft\Network\Downloader\edb0001C.log: 'TempFileFinder' object has no attribute 'get_file_age'
2025-03-02 00:12:21,082 - ERROR - Error getting file info for C:\ProgramData\Microsoft\Network\Downloader\edb0001D.log: 'TempFileFinder' object has no attribute 'get_file_age'
2025-03-02 00:12:21,082 - ERROR - Error getting file info for C:\ProgramData\Microsoft\Network\Downloader\edb0001E.log: 'TempFileFinder' object has no attribute 'get_file_age'
2025-03-02 00:12:21,082 - ERROR - Error getting file info for C:\ProgramData\Microsoft\Network\Downloader\edbtmp.log: 'TempFileFinder' object has no attribute 'get_file_age'
2025-03-02 00:12:21,099 - ERROR - Error getting file info for C:\ProgramData\Microsoft\Network\Downloader\edb.chk: 'TempFileFinder' object has no attribute 'get_file_age'
2025-03-02 00:12:21,364 - ERROR - Error getting file info for C:\ProgramData\Microsoft\SmsRouter\MessageStore\edb.log: 'TempFileFinder' object has no attribute 'get_file_age'
2025-03-02 00:12:21,365 - ERROR - Error getting file info for C:\ProgramData\Microsoft\SmsRouter\MessageStore\edb00002.log: 'TempFileFinder' object has no attribute 'get_file_age'
2025-03-02 00:12:21,366 - ERROR - Error getting file info for C:\ProgramData\Microsoft\SmsRouter\MessageStore\edbtmp.log: 'TempFileFinder' object has no attribute 'get_file_age'
2025-03-02 00:12:21,376 - ERROR - Error getting file info for C:\ProgramData\Microsoft\SmsRouter\MessageStore\edb.chk: 'TempFileFinder' object has no attribute 'get_file_age'
2025-03-02 00:12:21,464 - ERROR - Error getting file info for C:\ProgramData\Microsoft\User Account Pictures\desktop.ini: 'TempFileFinder' object has no attribute 'get_file_age'
2025-03-02 00:12:27,074 - ERROR - Error getting file info for C:\ProgramData\Microsoft\WDF\WudfHost_ext__15388.dmp: 'TempFileFinder' object has no attribute 'get_file_age'
2025-03-02 00:12:27,075 - ERROR - Error getting file info for C:\ProgramData\Microsoft\WDF\WudfHost_ext__8724.dmp: 'TempFileFinder' object has no attribute 'get_file_age'
2025-03-02 00:12:29,577 - ERROR - Error getting file info for C:\ProgramData\Microsoft\Windows\Containers\BaseImages\3d3fe100-2310-4a2e-a18e-fe224e5c39ac\BaseLayer\Files\$Recycle.Bin\S-1-5-21-2047949552-857980807-821054962-504\desktop.ini: 'TempFileFinder' object has no attribute 'get_file_age'
2025-03-02 00:12:29,626 - ERROR - Error getting file info for C:\ProgramData\Microsoft\Windows\Containers\BaseImages\3d3fe100-2310-4a2e-a18e-fe224e5c39ac\BaseLayer\Files\EFI\Microsoft\Boot\BCD.LOG: 'TempFileFinder' object has no attribute 'get_file_age'
2025-03-02 00:12:30,146 - ERROR - Error getting file info for C:\ProgramData\Microsoft\Windows\Containers\BaseImages\3d3fe100-2310-4a2e-a18e-fe224e5c39ac\BaseLayer\Files\EFI\Microsoft\Recovery\BCD.LOG: 'TempFileFinder' object has no attribute 'get_file_age'
2025-03-02 00:12:30,205 - ERROR - Error getting file info for C:\ProgramData\Microsoft\Windows\Containers\BaseImages\3d3fe100-2310-4a2e-a18e-fe224e5c39ac\BaseLayer\Files\Program Files\desktop.ini: 'TempFileFinder' object has no attribute 'get_file_age'
2025-03-02 00:12:40,545 - ERROR - Error getting file info for C:\ProgramData\Microsoft\Windows\Containers\BaseImages\3d3fe100-2310-4a2e-a18e-fe224e5c39ac\BaseLayer\Files\Program Files (x86)\desktop.ini: 'TempFileFinder' object has no attribute 'get_file_age'
2025-03-02 00:12:41,434 - ERROR - Error getting file info for C:\ProgramData\Microsoft\Windows\Containers\BaseImages\3d3fe100-2310-4a2e-a18e-fe224e5c39ac\BaseLayer\Files\ProgramData\Microsoft\EdgeUpdate\Log\MicrosoftEdgeUpdate.log: 'TempFileFinder' object has no attribute 'get_file_age'
2025-03-02 00:12:43,618 - ERROR - Error getting file info for C:\ProgramData\Microsoft\Windows\Containers\BaseImages\3d3fe100-2310-4a2e-a18e-fe224e5c39ac\BaseLayer\Files\ProgramData\Microsoft\Windows\Start Menu\desktop.ini: 'TempFileFinder' object has no attribute 'get_file_age'
2025-03-02 00:12:43,633 - ERROR - Error getting file info for C:\ProgramData\Microsoft\Windows\Containers\BaseImages\3d3fe100-2310-4a2e-a18e-fe224e5c39ac\BaseLayer\Files\ProgramData\Microsoft\Windows\Start Menu\Programs\desktop.ini: 'TempFileFinder' object has no attribute 'get_file_age'
2025-03-02 00:12:43,651 - ERROR - Error getting file info for C:\ProgramData\Microsoft\Windows\Containers\BaseImages\3d3fe100-2310-4a2e-a18e-fe224e5c39ac\BaseLayer\Files\ProgramData\Microsoft\Windows\Start Menu\Programs\Accessibility\desktop.ini: 'TempFileFinder' object has no attribute 'get_file_age'
2025-03-02 00:12:43,668 - ERROR - Error getting file info for C:\ProgramData\Microsoft\Windows\Containers\BaseImages\3d3fe100-2310-4a2e-a18e-fe224e5c39ac\BaseLayer\Files\ProgramData\Microsoft\Windows\Start Menu\Programs\Accessories\desktop.ini: 'TempFileFinder' object has no attribute 'get_file_age'
2025-03-02 00:12:43,676 - ERROR - Error getting file info for C:\ProgramData\Microsoft\Windows\Containers\BaseImages\3d3fe100-2310-4a2e-a18e-fe224e5c39ac\BaseLayer\Files\ProgramData\Microsoft\Windows\Start Menu\Programs\Accessories\System Tools\desktop.ini: 'TempFileFinder' object has no attribute 'get_file_age'
2025-03-02 00:12:43,691 - ERROR - Error getting file info for C:\ProgramData\Microsoft\Windows\Containers\BaseImages\3d3fe100-2310-4a2e-a18e-fe224e5c39ac\BaseLayer\Files\ProgramData\Microsoft\Windows\Start Menu\Programs\Administrative Tools\desktop.ini: 'TempFileFinder' object has no attribute 'get_file_age'
2025-03-02 00:12:43,701 - ERROR - Error getting file info for C:\ProgramData\Microsoft\Windows\Containers\BaseImages\3d3fe100-2310-4a2e-a18e-fe224e5c39ac\BaseLayer\Files\ProgramData\Microsoft\Windows\Start Menu\Programs\Maintenance\desktop.ini: 'TempFileFinder' object has no attribute 'get_file_age'
2025-03-02 00:12:43,703 - ERROR - Error getting file info for C:\ProgramData\Microsoft\Windows\Containers\BaseImages\3d3fe100-2310-4a2e-a18e-fe224e5c39ac\BaseLayer\Files\ProgramData\Microsoft\Windows\Start Menu\Programs\StartUp\desktop.ini: 'TempFileFinder' object has no attribute 'get_file_age'
2025-03-02 00:12:43,725 - ERROR - Error getting file info for C:\ProgramData\Microsoft\Windows\Containers\BaseImages\3d3fe100-2310-4a2e-a18e-fe224e5c39ac\BaseLayer\Files\ProgramData\Microsoft\Windows\Start Menu\Programs\System Tools\desktop.ini: 'TempFileFinder' object has no attribute 'get_file_age'
2025-03-02 00:12:43,737 - ERROR - Error getting file info for C:\ProgramData\Microsoft\Windows\Containers\BaseImages\3d3fe100-2310-4a2e-a18e-fe224e5c39ac\BaseLayer\Files\ProgramData\Microsoft\Windows\Start Menu\Programs\Windows PowerShell\desktop.ini: 'TempFileFinder' object has no attribute 'get_file_age'
2025-03-02 00:12:44,047 - ERROR - Error getting file info for C:\ProgramData\Microsoft\Windows\Containers\BaseImages\3d3fe100-2310-4a2e-a18e-fe224e5c39ac\BaseLayer\Files\Users\desktop.ini: 'TempFileFinder' object has no attribute 'get_file_age'
2025-03-02 00:12:44,146 - ERROR - Error getting file info for C:\ProgramData\Microsoft\Windows\Containers\BaseImages\3d3fe100-2310-4a2e-a18e-fe224e5c39ac\BaseLayer\Files\Users\ContainerAdministrator\AppData\Local\Microsoft\Windows\WinX\Group1\desktop.ini: 'TempFileFinder' object has no attribute 'get_file_age'
2025-03-02 00:12:44,154 - ERROR - Error getting file info for C:\ProgramData\Microsoft\Windows\Containers\BaseImages\3d3fe100-2310-4a2e-a18e-fe224e5c39ac\BaseLayer\Files\Users\ContainerAdministrator\AppData\Local\Microsoft\Windows\WinX\Group2\desktop.ini: 'TempFileFinder' object has no attribute 'get_file_age'
2025-03-02 00:12:44,160 - ERROR - Error getting file info for C:\ProgramData\Microsoft\Windows\Containers\BaseImages\3d3fe100-2310-4a2e-a18e-fe224e5c39ac\BaseLayer\Files\Users\ContainerAdministrator\AppData\Local\Microsoft\Windows\WinX\Group3\desktop.ini: 'TempFileFinder' object has no attribute 'get_file_age'
2025-03-02 00:12:44,204 - ERROR - Error getting file info for C:\ProgramData\Microsoft\Windows\Containers\BaseImages\3d3fe100-2310-4a2e-a18e-fe224e5c39ac\BaseLayer\Files\Users\ContainerAdministrator\AppData\Roaming\Microsoft\Internet Explorer\Quick Launch\desktop.ini: 'TempFileFinder' object has no attribute 'get_file_age'
2025-03-02 00:12:44,238 - ERROR - Error getting file info for C:\ProgramData\Microsoft\Windows\Containers\BaseImages\3d3fe100-2310-4a2e-a18e-fe224e5c39ac\BaseLayer\Files\Users\ContainerAdministrator\AppData\Roaming\Microsoft\Windows\SendTo\desktop.ini: 'TempFileFinder' object has no attribute 'get_file_age'
2025-03-02 00:12:44,251 - ERROR - Error getting file info for C:\ProgramData\Microsoft\Windows\Containers\BaseImages\3d3fe100-2310-4a2e-a18e-fe224e5c39ac\BaseLayer\Files\Users\ContainerAdministrator\AppData\Roaming\Microsoft\Windows\Start Menu\Programs\desktop.ini: 'TempFileFinder' object has no attribute 'get_file_age'
2025-03-02 00:12:44,257 - ERROR - Error getting file info for C:\ProgramData\Microsoft\Windows\Containers\BaseImages\3d3fe100-2310-4a2e-a18e-fe224e5c39ac\BaseLayer\Files\Users\ContainerAdministrator\AppData\Roaming\Microsoft\Windows\Start Menu\Programs\Accessibility\desktop.ini: 'TempFileFinder' object has no attribute 'get_file_age'
2025-03-02 00:12:44,263 - ERROR - Error getting file info for C:\ProgramData\Microsoft\Windows\Containers\BaseImages\3d3fe100-2310-4a2e-a18e-fe224e5c39ac\BaseLayer\Files\Users\ContainerAdministrator\AppData\Roaming\Microsoft\Windows\Start Menu\Programs\Accessories\desktop.ini: 'TempFileFinder' object has no attribute 'get_file_age'
2025-03-02 00:12:44,271 - ERROR - Error getting file info for C:\ProgramData\Microsoft\Windows\Containers\BaseImages\3d3fe100-2310-4a2e-a18e-fe224e5c39ac\BaseLayer\Files\Users\ContainerAdministrator\AppData\Roaming\Microsoft\Windows\Start Menu\Programs\Maintenance\desktop.ini: 'TempFileFinder' object has no attribute 'get_file_age'
2025-03-02 00:12:44,278 - ERROR - Error getting file info for C:\ProgramData\Microsoft\Windows\Containers\BaseImages\3d3fe100-2310-4a2e-a18e-fe224e5c39ac\BaseLayer\Files\Users\ContainerAdministrator\AppData\Roaming\Microsoft\Windows\Start Menu\Programs\System Tools\desktop.ini: 'TempFileFinder' object has no attribute 'get_file_age'
2025-03-02 00:12:44,419 - ERROR - Error getting file info for C:\ProgramData\Microsoft\Windows\Containers\BaseImages\3d3fe100-2310-4a2e-a18e-fe224e5c39ac\BaseLayer\Files\Users\ContainerUser\AppData\Local\Microsoft\Windows\WinX\Group1\desktop.ini: 'TempFileFinder' object has no attribute 'get_file_age'
2025-03-02 00:12:44,426 - ERROR - Error getting file info for C:\ProgramData\Microsoft\Windows\Containers\BaseImages\3d3fe100-2310-4a2e-a18e-fe224e5c39ac\BaseLayer\Files\Users\ContainerUser\AppData\Local\Microsoft\Windows\WinX\Group2\desktop.ini: 'TempFileFinder' object has no attribute 'get_file_age'
2025-03-02 00:12:44,432 - ERROR - Error getting file info for C:\ProgramData\Microsoft\Windows\Containers\BaseImages\3d3fe100-2310-4a2e-a18e-fe224e5c39ac\BaseLayer\Files\Users\ContainerUser\AppData\Local\Microsoft\Windows\WinX\Group3\desktop.ini: 'TempFileFinder' object has no attribute 'get_file_age'
2025-03-02 00:12:44,474 - ERROR - Error getting file info for C:\ProgramData\Microsoft\Windows\Containers\BaseImages\3d3fe100-2310-4a2e-a18e-fe224e5c39ac\BaseLayer\Files\Users\ContainerUser\AppData\Roaming\Microsoft\Internet Explorer\Quick Launch\desktop.ini: 'TempFileFinder' object has no attribute 'get_file_age'
2025-03-02 00:12:44,507 - ERROR - Error getting file info for C:\ProgramData\Microsoft\Windows\Containers\BaseImages\3d3fe100-2310-4a2e-a18e-fe224e5c39ac\BaseLayer\Files\Users\ContainerUser\AppData\Roaming\Microsoft\Windows\SendTo\desktop.ini: 'TempFileFinder' object has no attribute 'get_file_age'
2025-03-02 00:12:44,526 - ERROR - Error getting file info for C:\ProgramData\Microsoft\Windows\Containers\BaseImages\3d3fe100-2310-4a2e-a18e-fe224e5c39ac\BaseLayer\Files\Users\ContainerUser\AppData\Roaming\Microsoft\Windows\Start Menu\Programs\desktop.ini: 'TempFileFinder' object has no attribute 'get_file_age'
2025-03-02 00:12:44,533 - ERROR - Error getting file info for C:\ProgramData\Microsoft\Windows\Containers\BaseImages\3d3fe100-2310-4a2e-a18e-fe224e5c39ac\BaseLayer\Files\Users\ContainerUser\AppData\Roaming\Microsoft\Windows\Start Menu\Programs\Accessibility\desktop.ini: 'TempFileFinder' object has no attribute 'get_file_age'
2025-03-02 00:12:44,540 - ERROR - Error getting file info for C:\ProgramData\Microsoft\Windows\Containers\BaseImages\3d3fe100-2310-4a2e-a18e-fe224e5c39ac\BaseLayer\Files\Users\ContainerUser\AppData\Roaming\Microsoft\Windows\Start Menu\Programs\Accessories\desktop.ini: 'TempFileFinder' object has no attribute 'get_file_age'
2025-03-02 00:12:44,546 - ERROR - Error getting file info for C:\ProgramData\Microsoft\Windows\Containers\BaseImages\3d3fe100-2310-4a2e-a18e-fe224e5c39ac\BaseLayer\Files\Users\ContainerUser\AppData\Roaming\Microsoft\Windows\Start Menu\Programs\Maintenance\desktop.ini: 'TempFileFinder' object has no attribute 'get_file_age'
2025-03-02 00:12:44,553 - ERROR - Error getting file info for C:\ProgramData\Microsoft\Windows\Containers\BaseImages\3d3fe100-2310-4a2e-a18e-fe224e5c39ac\BaseLayer\Files\Users\ContainerUser\AppData\Roaming\Microsoft\Windows\Start Menu\Programs\System Tools\desktop.ini: 'TempFileFinder' object has no attribute 'get_file_age'
2025-03-02 00:12:44,721 - ERROR - Error getting file info for C:\ProgramData\Microsoft\Windows\Containers\BaseImages\3d3fe100-2310-4a2e-a18e-fe224e5c39ac\BaseLayer\Files\Users\Default\AppData\Local\Microsoft\Windows\WinX\Group1\desktop.ini: 'TempFileFinder' object has no attribute 'get_file_age'
2025-03-02 00:12:44,728 - ERROR - Error getting file info for C:\ProgramData\Microsoft\Windows\Containers\BaseImages\3d3fe100-2310-4a2e-a18e-fe224e5c39ac\BaseLayer\Files\Users\Default\AppData\Local\Microsoft\Windows\WinX\Group2\desktop.ini: 'TempFileFinder' object has no attribute 'get_file_age'
2025-03-02 00:12:44,738 - ERROR - Error getting file info for C:\ProgramData\Microsoft\Windows\Containers\BaseImages\3d3fe100-2310-4a2e-a18e-fe224e5c39ac\BaseLayer\Files\Users\Default\AppData\Local\Microsoft\Windows\WinX\Group3\desktop.ini: 'TempFileFinder' object has no attribute 'get_file_age'
2025-03-02 00:12:44,858 - ERROR - Error getting file info for C:\ProgramData\Microsoft\Windows\Containers\BaseImages\3d3fe100-2310-4a2e-a18e-fe224e5c39ac\BaseLayer\Files\Users\Default\AppData\Roaming\Microsoft\Internet Explorer\Quick Launch\desktop.ini: 'TempFileFinder' object has no attribute 'get_file_age'
2025-03-02 00:12:44,949 - ERROR - Error getting file info for C:\ProgramData\Microsoft\Windows\Containers\BaseImages\3d3fe100-2310-4a2e-a18e-fe224e5c39ac\BaseLayer\Files\Users\Default\AppData\Roaming\Microsoft\Windows\SendTo\desktop.ini: 'TempFileFinder' object has no attribute 'get_file_age'
2025-03-02 00:12:44,967 - ERROR - Error getting file info for C:\ProgramData\Microsoft\Windows\Containers\BaseImages\3d3fe100-2310-4a2e-a18e-fe224e5c39ac\BaseLayer\Files\Users\Default\AppData\Roaming\Microsoft\Windows\Start Menu\Programs\desktop.ini: 'TempFileFinder' object has no attribute 'get_file_age'
2025-03-02 00:12:44,977 - ERROR - Error getting file info for C:\ProgramData\Microsoft\Windows\Containers\BaseImages\3d3fe100-2310-4a2e-a18e-fe224e5c39ac\BaseLayer\Files\Users\Default\AppData\Roaming\Microsoft\Windows\Start Menu\Programs\Accessibility\desktop.ini: 'TempFileFinder' object has no attribute 'get_file_age'
2025-03-02 00:12:44,988 - ERROR - Error getting file info for C:\ProgramData\Microsoft\Windows\Containers\BaseImages\3d3fe100-2310-4a2e-a18e-fe224e5c39ac\BaseLayer\Files\Users\Default\AppData\Roaming\Microsoft\Windows\Start Menu\Programs\Accessories\desktop.ini: 'TempFileFinder' object has no attribute 'get_file_age'
2025-03-02 00:12:44,999 - ERROR - Error getting file info for C:\ProgramData\Microsoft\Windows\Containers\BaseImages\3d3fe100-2310-4a2e-a18e-fe224e5c39ac\BaseLayer\Files\Users\Default\AppData\Roaming\Microsoft\Windows\Start Menu\Programs\Maintenance\desktop.ini: 'TempFileFinder' object has no attribute 'get_file_age'
2025-03-02 00:12:45,011 - ERROR - Error getting file info for C:\ProgramData\Microsoft\Windows\Containers\BaseImages\3d3fe100-2310-4a2e-a18e-fe224e5c39ac\BaseLayer\Files\Users\Default\AppData\Roaming\Microsoft\Windows\Start Menu\Programs\System Tools\desktop.ini: 'TempFileFinder' object has no attribute 'get_file_age'
2025-03-02 00:12:45,106 - ERROR - Error getting file info for C:\ProgramData\Microsoft\Windows\Containers\BaseImages\3d3fe100-2310-4a2e-a18e-fe224e5c39ac\BaseLayer\Files\Users\Public\desktop.ini: 'TempFileFinder' object has no attribute 'get_file_age'
2025-03-02 00:12:45,113 - ERROR - Error getting file info for C:\ProgramData\Microsoft\Windows\Containers\BaseImages\3d3fe100-2310-4a2e-a18e-fe224e5c39ac\BaseLayer\Files\Users\Public\AccountPictures\desktop.ini: 'TempFileFinder' object has no attribute 'get_file_age'
2025-03-02 00:12:45,121 - ERROR - Error getting file info for C:\ProgramData\Microsoft\Windows\Containers\BaseImages\3d3fe100-2310-4a2e-a18e-fe224e5c39ac\BaseLayer\Files\Users\Public\Desktop\desktop.ini: 'TempFileFinder' object has no attribute 'get_file_age'
2025-03-02 00:12:45,133 - ERROR - Error getting file info for C:\ProgramData\Microsoft\Windows\Containers\BaseImages\3d3fe100-2310-4a2e-a18e-fe224e5c39ac\BaseLayer\Files\Users\Public\Documents\desktop.ini: 'TempFileFinder' object has no attribute 'get_file_age'
2025-03-02 00:12:45,143 - ERROR - Error getting file info for C:\ProgramData\Microsoft\Windows\Containers\BaseImages\3d3fe100-2310-4a2e-a18e-fe224e5c39ac\BaseLayer\Files\Users\Public\Downloads\desktop.ini: 'TempFileFinder' object has no attribute 'get_file_age'
2025-03-02 00:12:45,154 - ERROR - Error getting file info for C:\ProgramData\Microsoft\Windows\Containers\BaseImages\3d3fe100-2310-4a2e-a18e-fe224e5c39ac\BaseLayer\Files\Users\Public\Libraries\desktop.ini: 'TempFileFinder' object has no attribute 'get_file_age'
2025-03-02 00:12:45,164 - ERROR - Error getting file info for C:\ProgramData\Microsoft\Windows\Containers\BaseImages\3d3fe100-2310-4a2e-a18e-fe224e5c39ac\BaseLayer\Files\Users\Public\Music\desktop.ini: 'TempFileFinder' object has no attribute 'get_file_age'
2025-03-02 00:12:45,176 - ERROR - Error getting file info for C:\ProgramData\Microsoft\Windows\Containers\BaseImages\3d3fe100-2310-4a2e-a18e-fe224e5c39ac\BaseLayer\Files\Users\Public\Pictures\desktop.ini: 'TempFileFinder' object has no attribute 'get_file_age'
2025-03-02 00:12:45,186 - ERROR - Error getting file info for C:\ProgramData\Microsoft\Windows\Containers\BaseImages\3d3fe100-2310-4a2e-a18e-fe224e5c39ac\BaseLayer\Files\Users\Public\Videos\desktop.ini: 'TempFileFinder' object has no attribute 'get_file_age'
2025-03-02 00:12:45,210 - ERROR - Error getting file info for C:\ProgramData\Microsoft\Windows\Containers\BaseImages\3d3fe100-2310-4a2e-a18e-fe224e5c39ac\BaseLayer\Files\Users\WDAGUtilityAccount\3D Objects\desktop.ini: 'TempFileFinder' object has no attribute 'get_file_age'
2025-03-02 00:12:45,330 - ERROR - Error getting file info for C:\ProgramData\Microsoft\Windows\Containers\BaseImages\3d3fe100-2310-4a2e-a18e-fe224e5c39ac\BaseLayer\Files\Users\WDAGUtilityAccount\AppData\Local\Microsoft\Edge\User Data\Default\Site Characteristics Database\000003.log: 'TempFileFinder' object has no attribute 'get_file_age'
2025-03-02 00:12:45,351 - ERROR - Error getting file info for C:\ProgramData\Microsoft\Windows\Containers\BaseImages\3d3fe100-2310-4a2e-a18e-fe224e5c39ac\BaseLayer\Files\Users\WDAGUtilityAccount\AppData\Local\Microsoft\Edge\User Data\Default\Sync Data\LevelDB\000003.log: 'TempFileFinder' object has no attribute 'get_file_age'
2025-03-19 20:19:16,085 - DEBUG - System temp directories: ['C:\\Users\\Home\\AppData\\Local\\Temp', 'C:\\Users\\Home\\AppData\\Local\\Temp', 'C:\\Users\\Home\\AppData\\Local\\Temp', 'C:\\Users\\Home\\AppData\\Local\\Temp', 'C:\\WINDOWS\\Temp', 'C:\\Users\\Home\\AppData\\Local\\Temp', 'C:\\ProgramData\\Temp']
2025-03-19 20:19:16,085 - ERROR - Error getting file info for C:\WINDOWS\Temp\TS_48D0.tmp: 'TempFileFinder' object has no attribute 'get_file_age'
2025-03-19 20:19:16,094 - ERROR - Error getting file info for C:\WINDOWS\Temp\TS_4900.tmp: 'TempFileFinder' object has no attribute 'get_file_age'
2025-03-19 20:19:16,094 - ERROR - Error getting file info for C:\WINDOWS\Temp\TS_4920.tmp: 'TempFileFinder' object has no attribute 'get_file_age'
2025-03-19 20:19:16,094 - ERROR - Error getting file info for C:\WINDOWS\Temp\TS_49EC.tmp: 'TempFileFinder' object has no attribute 'get_file_age'
2025-03-19 20:19:16,094 - ERROR - Error getting file info for C:\WINDOWS\Temp\TS_4A0D.tmp: 'TempFileFinder' object has no attribute 'get_file_age'
2025-03-19 20:19:16,094 - ERROR - Error getting file info for C:\WINDOWS\Temp\TS_4A1D.tmp: 'TempFileFinder' object has no attribute 'get_file_age'
2025-03-19 20:19:16,094 - ERROR - Error getting file info for C:\WINDOWS\Temp\TS_4A3E.tmp: 'TempFileFinder' object has no attribute 'get_file_age'
2025-03-19 20:19:16,094 - ERROR - Error getting file info for C:\WINDOWS\Temp\TS_90CD.tmp: 'TempFileFinder' object has no attribute 'get_file_age'
2025-03-19 20:19:16,094 - ERROR - Error getting file info for C:\WINDOWS\Temp\TS_90DE.tmp: 'TempFileFinder' object has no attribute 'get_file_age'
2025-03-19 20:19:16,094 - ERROR - Error getting file info for C:\WINDOWS\Temp\TS_910E.tmp: 'TempFileFinder' object has no attribute 'get_file_age'
2025-03-19 20:19:16,094 - ERROR - Error getting file info for C:\WINDOWS\Temp\TS_913D.tmp: 'TempFileFinder' object has no attribute 'get_file_age'
2025-03-19 20:19:16,094 - ERROR - Error getting file info for C:\WINDOWS\Temp\TS_997C.tmp: 'TempFileFinder' object has no attribute 'get_file_age'
2025-03-19 20:19:16,094 - ERROR - Error getting file info for C:\WINDOWS\Temp\TS_99AC.tmp: 'TempFileFinder' object has no attribute 'get_file_age'
2025-03-19 20:19:16,094 - ERROR - Error getting file info for C:\WINDOWS\Temp\AdobeARM.log: 'TempFileFinder' object has no attribute 'get_file_age'
2025-03-19 20:19:16,094 - ERROR - Error getting file info for C:\WINDOWS\Temp\AdobeARM_Helper.log: 'TempFileFinder' object has no attribute 'get_file_age'
2025-03-19 20:19:16,102 - ERROR - Error getting file info for C:\WINDOWS\Temp\adobegc.log: 'TempFileFinder' object has no attribute 'get_file_age'
2025-03-19 20:19:16,102 - ERROR - Error getting file info for C:\WINDOWS\Temp\AdobePDFPrinterInstall.log: 'TempFileFinder' object has no attribute 'get_file_age'
2025-03-19 20:19:16,102 - ERROR - Error getting file info for C:\WINDOWS\Temp\dd_VSIXInstaller_20250313101105_317c.log: 'TempFileFinder' object has no attribute 'get_file_age'
2025-03-19 20:19:16,102 - ERROR - Error getting file info for C:\WINDOWS\Temp\dd_VSIXInstaller_20250314055728_1df0.log: 'TempFileFinder' object has no attribute 'get_file_age'
2025-03-19 20:19:16,102 - ERROR - Error getting file info for C:\WINDOWS\Temp\dd_VSIXInstaller_20250315061535_3104.log: 'TempFileFinder' object has no attribute 'get_file_age'
2025-03-19 20:19:16,102 - ERROR - Error getting file info for C:\WINDOWS\Temp\dd_VSIXInstaller_20250316170902_088c.log: 'TempFileFinder' object has no attribute 'get_file_age'
2025-03-19 20:19:16,102 - ERROR - Error getting file info for C:\WINDOWS\Temp\dd_VSIXInstaller_20250317033506_3340.log: 'TempFileFinder' object has no attribute 'get_file_age'
2025-03-19 20:19:16,102 - ERROR - Error getting file info for C:\WINDOWS\Temp\dd_VSIXInstaller_20250318124242_51f4.log: 'TempFileFinder' object has no attribute 'get_file_age'
2025-03-19 20:19:16,102 - ERROR - Error getting file info for C:\WINDOWS\Temp\dd_VSIXInstaller_20250319101426_3148.log: 'TempFileFinder' object has no attribute 'get_file_age'
2025-03-19 20:19:16,102 - ERROR - Error getting file info for C:\WINDOWS\Temp\GoogleDFSSetup_250313015741_8508.log: 'TempFileFinder' object has no attribute 'get_file_age'
2025-03-19 20:19:16,102 - ERROR - Error getting file info for C:\WINDOWS\Temp\MpCmdRun.log: 'TempFileFinder' object has no attribute 'get_file_age'
2025-03-19 20:19:16,102 - ERROR - Error getting file info for C:\WINDOWS\Temp\MpSigStub.log: 'TempFileFinder' object has no attribute 'get_file_age'
2025-03-19 20:19:16,102 - ERROR - Error getting file info for C:\WINDOWS\Temp\MSI4f4b7.LOG: 'TempFileFinder' object has no attribute 'get_file_age'
2025-03-19 20:19:16,102 - ERROR - Error getting file info for C:\WINDOWS\Temp\MSI9c8e0.LOG: 'TempFileFinder' object has no attribute 'get_file_age'
2025-03-19 20:19:16,118 - ERROR - Error getting file info for C:\WINDOWS\Temp\CreativeCloud\ACC\ACC.log: 'TempFileFinder' object has no attribute 'get_file_age'
2025-03-19 20:19:16,258 - ERROR - Error getting file info for C:\Users\Home\AppData\Local\Temp\03efff21-c063-4f1a-9c3f-c78e2f7b29ad.tmp: 'TempFileFinder' object has no attribute 'get_file_age'
2025-03-19 20:19:16,258 - ERROR - Error getting file info for C:\Users\Home\AppData\Local\Temp\05219c20-33b3-4af6-a7b7-bc45ad29f50a.tmp: 'TempFileFinder' object has no attribute 'get_file_age'
2025-03-19 20:19:16,258 - ERROR - Error getting file info for C:\Users\Home\AppData\Local\Temp\06d39190-36a2-4155-a1d1-3c5080a7d4a6.tmp: 'TempFileFinder' object has no attribute 'get_file_age'
2025-03-19 20:19:16,258 - ERROR - Error getting file info for C:\Users\Home\AppData\Local\Temp\082e1e5d-0310-41d9-8c44-13b83e4c3f41.tmp: 'TempFileFinder' object has no attribute 'get_file_age'
2025-03-19 20:19:16,258 - ERROR - Error getting file info for C:\Users\Home\AppData\Local\Temp\08cd193e-98ba-4dac-b070-27d52445e515.tmp: 'TempFileFinder' object has no attribute 'get_file_age'
2025-03-19 20:19:16,258 - ERROR - Error getting file info for C:\Users\Home\AppData\Local\Temp\0a6003ea-af40-49ed-a12a-4a5f400df72f.tmp: 'TempFileFinder' object has no attribute 'get_file_age'
2025-03-19 20:19:16,258 - ERROR - Error getting file info for C:\Users\Home\AppData\Local\Temp\0b044399-d64c-4d4f-90d0-ffb55761f200.tmp: 'TempFileFinder' object has no attribute 'get_file_age'
2025-03-19 20:19:16,258 - ERROR - Error getting file info for C:\Users\Home\AppData\Local\Temp\0f743ecd-3004-4d8f-b31e-ad046577bc82.tmp: 'TempFileFinder' object has no attribute 'get_file_age'
2025-03-19 20:19:16,258 - ERROR - Error getting file info for C:\Users\Home\AppData\Local\Temp\2103abf4-8968-4030-89ac-7699d827cc3f.tmp: 'TempFileFinder' object has no attribute 'get_file_age'
2025-03-19 20:19:16,258 - ERROR - Error getting file info for C:\Users\Home\AppData\Local\Temp\23ac3376-1868-4815-9948-674c4c47d299.tmp: 'TempFileFinder' object has no attribute 'get_file_age'
2025-03-19 20:19:16,258 - ERROR - Error getting file info for C:\Users\Home\AppData\Local\Temp\25d765dd-c3e2-443f-b4fb-e39de67d3161.tmp: 'TempFileFinder' object has no attribute 'get_file_age'
2025-03-19 20:19:16,258 - ERROR - Error getting file info for C:\Users\Home\AppData\Local\Temp\2b597726-25a9-44e8-8333-b4769824e8af.tmp: 'TempFileFinder' object has no attribute 'get_file_age'
2025-03-19 20:19:16,258 - ERROR - Error getting file info for C:\Users\Home\AppData\Local\Temp\2df6a030-70dc-4227-ae2e-d2228ef8d364.tmp: 'TempFileFinder' object has no attribute 'get_file_age'
2025-03-19 20:19:16,258 - ERROR - Error getting file info for C:\Users\Home\AppData\Local\Temp\2f844f42-aea6-4fa4-924c-cc36dcd09699.tmp: 'TempFileFinder' object has no attribute 'get_file_age'
2025-03-19 20:19:16,258 - ERROR - Error getting file info for C:\Users\Home\AppData\Local\Temp\3ae03dc4-d3ba-4b3d-812f-12bc2a410d98.tmp: 'TempFileFinder' object has no attribute 'get_file_age'
2025-03-19 20:19:16,258 - ERROR - Error getting file info for C:\Users\Home\AppData\Local\Temp\3fe3c572-d2db-4e6a-aaff-e2aa3a49e577.tmp: 'TempFileFinder' object has no attribute 'get_file_age'
2025-03-19 20:19:16,258 - ERROR - Error getting file info for C:\Users\Home\AppData\Local\Temp\465285c9-1e8b-45f5-9a91-46d14b946333.tmp: 'TempFileFinder' object has no attribute 'get_file_age'
2025-03-19 20:19:16,258 - ERROR - Error getting file info for C:\Users\Home\AppData\Local\Temp\59dd0590-bb6f-412d-a745-c151c8811b60.tmp: 'TempFileFinder' object has no attribute 'get_file_age'
2025-03-19 20:19:16,258 - ERROR - Error getting file info for C:\Users\Home\AppData\Local\Temp\5bd65fde-01e0-41e5-9b3b-56fa8b188086.tmp: 'TempFileFinder' object has no attribute 'get_file_age'
2025-03-19 20:19:16,258 - ERROR - Error getting file info for C:\Users\Home\AppData\Local\Temp\5f3e07a8-1030-44bf-b061-d34c958c7011.tmp: 'TempFileFinder' object has no attribute 'get_file_age'
2025-03-19 20:19:16,258 - ERROR - Error getting file info for C:\Users\Home\AppData\Local\Temp\616b88b0-8981-45e1-bdfe-19063e73e821.tmp: 'TempFileFinder' object has no attribute 'get_file_age'
2025-03-19 20:19:16,258 - ERROR - Error getting file info for C:\Users\Home\AppData\Local\Temp\62edd8f8-26f0-45ff-a1b8-9f0ea0de5728.tmp: 'TempFileFinder' object has no attribute 'get_file_age'
2025-03-19 20:19:16,258 - ERROR - Error getting file info for C:\Users\Home\AppData\Local\Temp\71fd6bc2-07d3-471f-aeed-66834bd30192.tmp: 'TempFileFinder' object has no attribute 'get_file_age'
2025-03-19 20:19:16,258 - ERROR - Error getting file info for C:\Users\Home\AppData\Local\Temp\757f1df9-02a6-4f0e-bb94-4ce1091b4cb9.tmp: 'TempFileFinder' object has no attribute 'get_file_age'
2025-03-19 20:19:16,258 - ERROR - Error getting file info for C:\Users\Home\AppData\Local\Temp\79703a49-bcf0-44a6-ab0e-c95718128cc3.tmp: 'TempFileFinder' object has no attribute 'get_file_age'
2025-03-19 20:19:16,258 - ERROR - Error getting file info for C:\Users\Home\AppData\Local\Temp\7f36f6e2-5d9e-4230-9a61-3d635320c3f2.tmp: 'TempFileFinder' object has no attribute 'get_file_age'
2025-03-19 20:19:16,258 - ERROR - Error getting file info for C:\Users\Home\AppData\Local\Temp\81e1aea7-f6aa-432b-9bbf-e0679bba9352.tmp: 'TempFileFinder' object has no attribute 'get_file_age'
2025-03-19 20:19:16,258 - ERROR - Error getting file info for C:\Users\Home\AppData\Local\Temp\820baf50-f0bb-4701-92ca-724aa66f6faa.tmp: 'TempFileFinder' object has no attribute 'get_file_age'
2025-03-19 20:19:16,258 - ERROR - Error getting file info for C:\Users\Home\AppData\Local\Temp\873f11bf-6356-45e0-afc7-06ef05a054de.tmp: 'TempFileFinder' object has no attribute 'get_file_age'
2025-03-19 20:19:16,258 - ERROR - Error getting file info for C:\Users\Home\AppData\Local\Temp\93571250-0443-4a8d-9fcd-710da2f1cf27.tmp: 'TempFileFinder' object has no attribute 'get_file_age'
2025-03-19 20:19:16,258 - ERROR - Error getting file info for C:\Users\Home\AppData\Local\Temp\9ec641f4-8789-4aff-8fe1-9b6e004ad76e.tmp: 'TempFileFinder' object has no attribute 'get_file_age'
2025-03-19 20:19:16,258 - ERROR - Error getting file info for C:\Users\Home\AppData\Local\Temp\9f3bb8f6-f236-443a-accb-d60588307a64.tmp: 'TempFileFinder' object has no attribute 'get_file_age'
2025-03-19 20:19:16,258 - ERROR - Error getting file info for C:\Users\Home\AppData\Local\Temp\a26e58d5-b177-43db-a3aa-a33aa005edd9.tmp: 'TempFileFinder' object has no attribute 'get_file_age'
2025-03-19 20:19:16,258 - ERROR - Error getting file info for C:\Users\Home\AppData\Local\Temp\a7437981-c9fc-4582-a80c-0c9c99821fbd.tmp: 'TempFileFinder' object has no attribute 'get_file_age'
2025-03-19 20:19:16,258 - ERROR - Error getting file info for C:\Users\Home\AppData\Local\Temp\afd933d5-277a-462e-b0a1-db05ddd51831.tmp: 'TempFileFinder' object has no attribute 'get_file_age'
2025-03-19 20:19:16,258 - ERROR - Error getting file info for C:\Users\Home\AppData\Local\Temp\b5214eca-5b5e-459a-bc11-ed2f68789bbd.tmp: 'TempFileFinder' object has no attribute 'get_file_age'
2025-03-19 20:19:16,258 - ERROR - Error getting file info for C:\Users\Home\AppData\Local\Temp\bab307a6-d57d-4077-8b8e-9d30d449a9b5.tmp: 'TempFileFinder' object has no attribute 'get_file_age'
2025-03-19 20:19:16,258 - ERROR - Error getting file info for C:\Users\Home\AppData\Local\Temp\c2e41ca6-e7de-4c61-9943-8bfaaeba57df.tmp: 'TempFileFinder' object has no attribute 'get_file_age'
2025-03-19 20:19:16,258 - ERROR - Error getting file info for C:\Users\Home\AppData\Local\Temp\c87715d4-2255-41b3-a689-8ced28f0c300.tmp: 'TempFileFinder' object has no attribute 'get_file_age'
2025-03-19 20:19:16,258 - ERROR - Error getting file info for C:\Users\Home\AppData\Local\Temp\d2796b87-0eb0-4331-9a08-aa5a39a553dd.tmp: 'TempFileFinder' object has no attribute 'get_file_age'
2025-03-19 20:19:16,258 - ERROR - Error getting file info for C:\Users\Home\AppData\Local\Temp\dd196f6d-3957-44de-8c59-6cc63ef76892.tmp: 'TempFileFinder' object has no attribute 'get_file_age'
2025-03-19 20:19:16,258 - ERROR - Error getting file info for C:\Users\Home\AppData\Local\Temp\e6fb4c35-4768-42c9-88b3-de75d8fdc06c.tmp: 'TempFileFinder' object has no attribute 'get_file_age'
2025-03-19 20:19:16,258 - ERROR - Error getting file info for C:\Users\Home\AppData\Local\Temp\ec68888f-fd05-4342-8d82-8fb3e9e71df1.tmp: 'TempFileFinder' object has no attribute 'get_file_age'
2025-03-19 20:19:16,274 - ERROR - Error getting file info for C:\Users\Home\AppData\Local\Temp\ecad7d2c-a3d8-48b5-a9d8-5ea4da2aefdf.tmp: 'TempFileFinder' object has no attribute 'get_file_age'
2025-03-19 20:19:16,274 - ERROR - Error getting file info for C:\Users\Home\AppData\Local\Temp\ee052ab1-cd8f-40a2-90ef-6ebfbddaad17.tmp: 'TempFileFinder' object has no attribute 'get_file_age'
2025-03-19 20:19:16,274 - ERROR - Error getting file info for C:\Users\Home\AppData\Local\Temp\f4037682-da4d-4528-8460-f5cab61d8c3d.tmp: 'TempFileFinder' object has no attribute 'get_file_age'
2025-03-19 20:19:16,274 - ERROR - Error getting file info for C:\Users\Home\AppData\Local\Temp\f7d86ae9-0f76-4047-8369-0daef767ce15.tmp: 'TempFileFinder' object has no attribute 'get_file_age'
2025-03-19 20:19:16,274 - ERROR - Error getting file info for C:\Users\Home\AppData\Local\Temp\fde8f586-9c10-49e6-bd7b-85809685b7c9.tmp: 'TempFileFinder' object has no attribute 'get_file_age'
2025-03-19 20:19:16,274 - ERROR - Error getting file info for C:\Users\Home\AppData\Local\Temp\AdobeARM.log: 'TempFileFinder' object has no attribute 'get_file_age'
2025-03-19 20:19:16,274 - ERROR - Error getting file info for C:\Users\Home\AppData\Local\Temp\AdobeARM_NotLocked.log: 'TempFileFinder' object has no attribute 'get_file_age'
2025-03-19 20:19:16,274 - ERROR - Error getting file info for C:\Users\Home\AppData\Local\Temp\AdobeARM_UCB.log: 'TempFileFinder' object has no attribute 'get_file_age'
2025-03-19 20:19:16,274 - ERROR - Error getting file info for C:\Users\Home\AppData\Local\Temp\adobegc.log: 'TempFileFinder' object has no attribute 'get_file_age'
2025-03-19 20:19:16,274 - ERROR - Error getting file info for C:\Users\Home\AppData\Local\Temp\APROInstaller.log: 'TempFileFinder' object has no attribute 'get_file_age'
2025-03-19 20:19:16,274 - ERROR - Error getting file info for C:\Users\Home\AppData\Local\Temp\cursor-inno-updater-1742426358.log: 'TempFileFinder' object has no attribute 'get_file_age'
2025-03-19 20:19:16,274 - ERROR - Error getting file info for C:\Users\Home\AppData\Local\Temp\dd_updateconfiguration_20250318181145.log: 'TempFileFinder' object has no attribute 'get_file_age'
2025-03-19 20:19:16,274 - ERROR - Error getting file info for C:\Users\Home\AppData\Local\Temp\oobelib.log: 'TempFileFinder' object has no attribute 'get_file_age'
2025-03-19 20:19:16,274 - ERROR - Error getting file info for C:\Users\Home\AppData\Local\Temp\PDApp.log: 'TempFileFinder' object has no attribute 'get_file_age'
2025-03-19 20:19:16,274 - ERROR - Error getting file info for C:\Users\Home\AppData\Local\Temp\vscode-inno-updater-1742426321.log: 'TempFileFinder' object has no attribute 'get_file_age'
2025-03-19 20:19:17,368 - ERROR - Error getting file info for C:\Users\Home\AppData\Local\Temp\acrobat_sbx\NGL\NGLClient_AcrobatDC124.5.20421.7.log: 'TempFileFinder' object has no attribute 'get_file_age'
2025-03-19 20:19:17,406 - ERROR - Error getting file info for C:\Users\Home\AppData\Local\Temp\Adobe\com.adobe.dunamis\dunamis-2025-03-17_05-06-22.log: 'TempFileFinder' object has no attribute 'get_file_age'
2025-03-19 20:19:17,406 - ERROR - Error getting file info for C:\Users\Home\AppData\Local\Temp\Adobe\com.adobe.dunamis\dunamis-2025-03-17_05-06-27.log: 'TempFileFinder' object has no attribute 'get_file_age'
2025-03-19 20:19:17,406 - ERROR - Error getting file info for C:\Users\Home\AppData\Local\Temp\Adobe\com.adobe.dunamis\dunamis-2025-03-17_05-06-34.log: 'TempFileFinder' object has no attribute 'get_file_age'
2025-03-19 20:19:17,406 - ERROR - Error getting file info for C:\Users\Home\AppData\Local\Temp\Adobe\com.adobe.dunamis\dunamis-2025-03-17_18-38-01.log: 'TempFileFinder' object has no attribute 'get_file_age'
2025-03-19 20:19:17,406 - ERROR - Error getting file info for C:\Users\Home\AppData\Local\Temp\Adobe\com.adobe.dunamis\dunamis-2025-03-18_05-03-53.log: 'TempFileFinder' object has no attribute 'get_file_age'
2025-03-19 20:19:17,406 - ERROR - Error getting file info for C:\Users\Home\AppData\Local\Temp\Adobe\com.adobe.dunamis\dunamis-2025-03-18_16-44-56.log: 'TempFileFinder' object has no attribute 'get_file_age'
2025-03-19 20:19:17,406 - ERROR - Error getting file info for C:\Users\Home\AppData\Local\Temp\Adobe\com.adobe.dunamis\dunamis-2025-03-18_22-13-29.log: 'TempFileFinder' object has no attribute 'get_file_age'
2025-03-19 20:19:17,406 - ERROR - Error getting file info for C:\Users\Home\AppData\Local\Temp\Adobe\com.adobe.dunamis\dunamis-2025-03-18_22-13-33.log: 'TempFileFinder' object has no attribute 'get_file_age'
2025-03-19 20:19:17,406 - ERROR - Error getting file info for C:\Users\Home\AppData\Local\Temp\Adobe\com.adobe.dunamis\dunamis-2025-03-18_22-13-38.log: 'TempFileFinder' object has no attribute 'get_file_age'
2025-03-19 20:19:17,406 - ERROR - Error getting file info for C:\Users\Home\AppData\Local\Temp\Adobe\com.adobe.dunamis\dunamis-2025-03-18_22-13-43.log: 'TempFileFinder' object has no attribute 'get_file_age'
2025-03-19 20:19:17,406 - ERROR - Error getting file info for C:\Users\Home\AppData\Local\Temp\Adobe\com.adobe.dunamis\dunamis-2025-03-19_23-12-08.log: 'TempFileFinder' object has no attribute 'get_file_age'
2025-03-19 20:19:17,406 - ERROR - Error getting file info for C:\Users\Home\AppData\Local\Temp\Adobe\com.adobe.dunamis\dunamis-2025-03-19_23-52-21.log: 'TempFileFinder' object has no attribute 'get_file_age'
2025-03-19 20:19:17,421 - ERROR - Error getting file info for C:\Users\Home\AppData\Local\Temp\Adobe\GrowthSDK\Production\Creative Cloud Desktop_2025-03-18.log: 'TempFileFinder' object has no attribute 'get_file_age'
2025-03-19 20:19:17,421 - ERROR - Error getting file info for C:\Users\Home\AppData\Local\Temp\Adobe\GrowthSDK\Production\Creative Cloud Desktop_2025-03-19.log: 'TempFileFinder' object has no attribute 'get_file_age'
2025-03-19 20:19:17,484 - ERROR - Error getting file info for C:\Users\Home\AppData\Local\Temp\AdobeVulcan\AdobeIPCBroker.log: 'TempFileFinder' object has no attribute 'get_file_age'
2025-03-19 20:19:17,863 - ERROR - Error getting file info for C:\Users\Home\AppData\Local\Temp\CreativeCloud\ACC\ACC 2025-3-18 01-12-28.log: 'TempFileFinder' object has no attribute 'get_file_age'
2025-03-19 20:19:17,863 - ERROR - Error getting file info for C:\Users\Home\AppData\Local\Temp\CreativeCloud\ACC\ACC 2025-3-18 18-13-28.log: 'TempFileFinder' object has no attribute 'get_file_age'
2025-03-19 20:19:17,863 - ERROR - Error getting file info for C:\Users\Home\AppData\Local\Temp\CreativeCloud\ACC\ACC.log: 'TempFileFinder' object has no attribute 'get_file_age'
2025-03-19 20:19:17,863 - ERROR - Error getting file info for C:\Users\Home\AppData\Local\Temp\CreativeCloud\ACC\CEF.log: 'TempFileFinder' object has no attribute 'get_file_age'
2025-03-19 20:19:17,863 - ERROR - Error getting file info for C:\Users\Home\AppData\Local\Temp\CreativeCloud\ACC\AdobeDownload\DLM.log: 'TempFileFinder' object has no attribute 'get_file_age'
2025-03-19 20:19:17,878 - ERROR - Error getting file info for C:\Users\Home\AppData\Local\Temp\CreativeCloud\ACPLocalLogs\Adobe Photoshop 2024\ACPL__2025-03-17_18-38-09.945657Z_00.log: 'TempFileFinder' object has no attribute 'get_file_age'
2025-03-19 20:19:17,878 - ERROR - Error getting file info for C:\Users\Home\AppData\Local\Temp\CreativeCloud\ACPLocalLogs\Adobe Photoshop 2024\ACPL__2025-03-20_00-10-18.008240Z_00.log: 'TempFileFinder' object has no attribute 'get_file_age'
2025-03-19 20:19:17,878 - ERROR - Error getting file info for C:\Users\Home\AppData\Local\Temp\CreativeCloud\ACPLocalLogs\creative_cloud_cloud_docs_v5_3 6.5.0.348\ACPL__2025-03-17_05-07-06.289461Z_00.log: 'TempFileFinder' object has no attribute 'get_file_age'
2025-03-19 20:19:17,878 - ERROR - Error getting file info for C:\Users\Home\AppData\Local\Temp\CreativeCloud\ACPLocalLogs\creative_cloud_cloud_docs_v5_3 6.5.0.348\ACPL__2025-03-18_01-31-48.537008Z_00.log: 'TempFileFinder' object has no attribute 'get_file_age'
2025-03-19 20:19:17,878 - ERROR - Error getting file info for C:\Users\Home\AppData\Local\Temp\CreativeCloud\ACPLocalLogs\creative_cloud_cloud_docs_v5_3 6.5.0.348\ACPL__2025-03-18_05-04-49.409085Z_00.log: 'TempFileFinder' object has no attribute 'get_file_age'
2025-03-19 20:19:17,878 - ERROR - Error getting file info for C:\Users\Home\AppData\Local\Temp\CreativeCloud\ACPLocalLogs\creative_cloud_cloud_docs_v5_3 6.5.0.348\ACPL__2025-03-18_22-14-07.232461Z_00.log: 'TempFileFinder' object has no attribute 'get_file_age'
2025-03-19 20:19:17,910 - ERROR - Error getting file info for C:\Users\Home\AppData\Local\Temp\CreativeCloud\CCX Welcome\CCX Process.log: 'TempFileFinder' object has no attribute 'get_file_age'
2025-03-19 20:19:17,910 - ERROR - Error getting file info for C:\Users\Home\AppData\Local\Temp\CreativeCloud\CoreSync\CoreSync-2025-03-18.log: 'TempFileFinder' object has no attribute 'get_file_age'
2025-03-19 20:19:17,910 - ERROR - Error getting file info for C:\Users\Home\AppData\Local\Temp\CreativeCloud\CoreSync\CoreSync-2025-03-19.log: 'TempFileFinder' object has no attribute 'get_file_age'
2025-03-19 20:19:18,050 - ERROR - Error getting file info for C:\Users\Home\AppData\Local\Temp\edge_BITS_18556_365838291\BITD82E.tmp: 'TempFileFinder' object has no attribute 'get_file_age'
2025-03-19 20:19:18,144 - ERROR - Error getting file info for C:\Users\Home\AppData\Local\Temp\is-BESG2.tmp\_isetup\_setup64.tmp: 'TempFileFinder' object has no attribute 'get_file_age'
2025-03-19 20:19:18,144 - ERROR - Error getting file info for C:\Users\Home\AppData\Local\Temp\is-HRD4I.tmp\CodeSetup-stable-ddc367ed5c8936efe395cffeec279b04ffd7db78.tmp: 'TempFileFinder' object has no attribute 'get_file_age'
2025-03-19 20:19:18,144 - ERROR - Error getting file info for C:\Users\Home\AppData\Local\Temp\is-PQ9OE.tmp\CodeSetup-stable-0.47.7.tmp: 'TempFileFinder' object has no attribute 'get_file_age'
2025-03-19 20:19:18,159 - ERROR - Error getting file info for C:\Users\Home\AppData\Local\Temp\NGL\NGLClient_AcrobatDC124.5.20421.8 2025-03-18 00-31-21-289.log: 'TempFileFinder' object has no attribute 'get_file_age'
2025-03-19 20:19:18,159 - ERROR - Error getting file info for C:\Users\Home\AppData\Local\Temp\NGL\NGLClient_AcrobatDC124.5.20421.8 2025-03-18 18-24-05-193.log: 'TempFileFinder' object has no attribute 'get_file_age'
2025-03-19 20:19:18,159 - ERROR - Error getting file info for C:\Users\Home\AppData\Local\Temp\NGL\NGLClient_AcrobatDC124.5.20421.8.log: 'TempFileFinder' object has no attribute 'get_file_age'
2025-03-19 20:19:18,159 - ERROR - Error getting file info for C:\Users\Home\AppData\Local\Temp\NGL\NGLClient_CCXProcess16.3 2025-03-18 18-13-50-019.log: 'TempFileFinder' object has no attribute 'get_file_age'
2025-03-19 20:19:18,159 - ERROR - Error getting file info for C:\Users\Home\AppData\Local\Temp\NGL\NGLClient_CCXProcess16.3 2025-03-19 10-15-43-031.log: 'TempFileFinder' object has no attribute 'get_file_age'
2025-03-19 20:19:18,159 - ERROR - Error getting file info for C:\Users\Home\AppData\Local\Temp\NGL\NGLClient_CCXProcess16.3 2025-03-19 20-10-24-718.log: 'TempFileFinder' object has no attribute 'get_file_age'
2025-03-19 20:19:18,159 - ERROR - Error getting file info for C:\Users\Home\AppData\Local\Temp\NGL\NGLClient_CCXProcess16.3.log: 'TempFileFinder' object has no attribute 'get_file_age'
2025-03-19 20:19:18,159 - ERROR - Error getting file info for C:\Users\Home\AppData\Local\Temp\NGL\NGLClient_CoreSync17.4.0.31 2025-03-18 18-13-39-655.log: 'TempFileFinder' object has no attribute 'get_file_age'
2025-03-19 20:19:18,159 - ERROR - Error getting file info for C:\Users\Home\AppData\Local\Temp\NGL\NGLClient_CoreSync17.4.0.31 2025-03-18 22-41-26-583.log: 'TempFileFinder' object has no attribute 'get_file_age'
2025-03-19 20:19:18,159 - ERROR - Error getting file info for C:\Users\Home\AppData\Local\Temp\NGL\NGLClient_CoreSync17.4.0.31 2025-03-19 00-14-58-184.log: 'TempFileFinder' object has no attribute 'get_file_age'
2025-03-19 20:19:18,159 - ERROR - Error getting file info for C:\Users\Home\AppData\Local\Temp\NGL\NGLClient_CoreSync17.4.0.31 2025-03-19 11-35-59-853.log: 'TempFileFinder' object has no attribute 'get_file_age'
2025-03-19 20:19:18,159 - ERROR - Error getting file info for C:\Users\Home\AppData\Local\Temp\NGL\NGLClient_CoreSync17.4.0.31 2025-03-19 14-46-18-980.log: 'TempFileFinder' object has no attribute 'get_file_age'
2025-03-19 20:19:18,159 - ERROR - Error getting file info for C:\Users\Home\AppData\Local\Temp\NGL\NGLClient_CoreSync17.4.0.31 2025-03-19 19-40-18-177.log: 'TempFileFinder' object has no attribute 'get_file_age'
2025-03-19 20:19:18,159 - ERROR - Error getting file info for C:\Users\Home\AppData\Local\Temp\NGL\NGLClient_CoreSync17.4.0.31.log: 'TempFileFinder' object has no attribute 'get_file_age'
2025-03-19 20:19:18,159 - ERROR - Error getting file info for C:\Users\Home\AppData\Local\Temp\NGL\NGLClient_CreativeCloud26.5.0.348 2025-03-17 18-04-51-260.log: 'TempFileFinder' object has no attribute 'get_file_age'
2025-03-19 20:19:18,159 - ERROR - Error getting file info for C:\Users\Home\AppData\Local\Temp\NGL\NGLClient_CreativeCloud26.5.0.348 2025-03-18 01-04-15-421.log: 'TempFileFinder' object has no attribute 'get_file_age'
2025-03-19 20:19:18,159 - ERROR - Error getting file info for C:\Users\Home\AppData\Local\Temp\NGL\NGLClient_CreativeCloud26.5.0.348 2025-03-18 18-13-33-823.log: 'TempFileFinder' object has no attribute 'get_file_age'
2025-03-19 20:19:18,159 - ERROR - Error getting file info for C:\Users\Home\AppData\Local\Temp\NGL\NGLClient_CreativeCloud26.5.0.348 2025-03-19 00-09-12-974.log: 'TempFileFinder' object has no attribute 'get_file_age'
2025-03-19 20:19:18,159 - ERROR - Error getting file info for C:\Users\Home\AppData\Local\Temp\NGL\NGLClient_CreativeCloud26.5.0.348 2025-03-19 20-05-12-574.log: 'TempFileFinder' object has no attribute 'get_file_age'
2025-03-19 20:19:18,159 - ERROR - Error getting file info for C:\Users\Home\AppData\Local\Temp\NGL\NGLClient_CreativeCloud26.5.0.348.log: 'TempFileFinder' object has no attribute 'get_file_age'
2025-03-19 20:19:18,159 - ERROR - Error getting file info for C:\Users\Home\AppData\Local\Temp\NGL\NGLClient_default.log: 'TempFileFinder' object has no attribute 'get_file_age'
2025-03-19 20:19:18,159 - ERROR - Error getting file info for C:\Users\Home\AppData\Local\Temp\NGL\NGLClient_Photoshop125.2.0 2025-03-19 19-52-17-554.log: 'TempFileFinder' object has no attribute 'get_file_age'
2025-03-19 20:19:18,159 - ERROR - Error getting file info for C:\Users\Home\AppData\Local\Temp\NGL\NGLClient_Photoshop125.2.0.log: 'TempFileFinder' object has no attribute 'get_file_age'
2025-03-19 20:19:18,269 - DEBUG - findfont: Matching sans\-serif:style=normal:variant=normal:weight=normal:stretch=normal:size=10.0.
2025-03-19 20:19:18,269 - DEBUG - findfont: score(FontEntry(fname='C:\\Users\\Home\\AppData\\Local\\Programs\\Python\\Python310\\lib\\site-packages\\matplotlib\\mpl-data\\fonts\\ttf\\cmsy10.ttf', name='cmsy10', style='normal', variant='normal', weight=400, stretch='normal', size='scalable')) = 10.05
2025-03-19 20:19:18,269 - DEBUG - findfont: score(FontEntry(fname='C:\\Users\\Home\\AppData\\Local\\Programs\\Python\\Python310\\lib\\site-packages\\matplotlib\\mpl-data\\fonts\\ttf\\DejaVuSansMono-Bold.ttf', name='DejaVu Sans Mono', style='normal', variant='normal', weight=700, stretch='normal', size='scalable')) = 10.335
2025-03-19 20:19:18,269 - DEBUG - findfont: score(FontEntry(fname='C:\\Users\\Home\\AppData\\Local\\Programs\\Python\\Python310\\lib\\site-packages\\matplotlib\\mpl-data\\fonts\\ttf\\cmmi10.ttf', name='cmmi10', style='normal', variant='normal', weight=400, stretch='normal', size='scalable')) = 10.05
2025-03-19 20:19:18,269 - DEBUG - findfont: score(FontEntry(fname='C:\\Users\\Home\\AppData\\Local\\Programs\\Python\\Python310\\lib\\site-packages\\matplotlib\\mpl-data\\fonts\\ttf\\STIXGeneralBol.ttf', name='STIXGeneral', style='normal', variant='normal', weight=700, stretch='normal', size='scalable')) = 10.335
2025-03-19 20:19:18,269 - DEBUG - findfont: score(FontEntry(fname='C:\\Users\\Home\\AppData\\Local\\Programs\\Python\\Python310\\lib\\site-packages\\matplotlib\\mpl-data\\fonts\\ttf\\cmr10.ttf', name='cmr10', style='normal', variant='normal', weight=400, stretch='normal', size='scalable')) = 10.05
2025-03-19 20:19:18,269 - DEBUG - findfont: score(FontEntry(fname='C:\\Users\\Home\\AppData\\Local\\Programs\\Python\\Python310\\lib\\site-packages\\matplotlib\\mpl-data\\fonts\\ttf\\STIXSizTwoSymBol.ttf', name='STIXSizeTwoSym', style='normal', variant='normal', weight=700, stretch='normal', size='scalable')) = 10.335
2025-03-19 20:19:18,269 - DEBUG - findfont: score(FontEntry(fname='C:\\Users\\Home\\AppData\\Local\\Programs\\Python\\Python310\\lib\\site-packages\\matplotlib\\mpl-data\\fonts\\ttf\\DejaVuSans-BoldOblique.ttf', name='DejaVu Sans', style='oblique', variant='normal', weight=700, stretch='normal', size='scalable')) = 1.335
2025-03-19 20:19:18,269 - DEBUG - findfont: score(FontEntry(fname='C:\\Users\\Home\\AppData\\Local\\Programs\\Python\\Python310\\lib\\site-packages\\matplotlib\\mpl-data\\fonts\\ttf\\STIXSizThreeSymBol.ttf', name='STIXSizeThreeSym', style='normal', variant='normal', weight=700, stretch='normal', size='scalable')) = 10.335
2025-03-19 20:19:18,269 - DEBUG - findfont: score(FontEntry(fname='C:\\Users\\Home\\AppData\\Local\\Programs\\Python\\Python310\\lib\\site-packages\\matplotlib\\mpl-data\\fonts\\ttf\\DejaVuSans-Oblique.ttf', name='DejaVu Sans', style='oblique', variant='normal', weight=400, stretch='normal', size='scalable')) = 1.05
2025-03-19 20:19:18,269 - DEBUG - findfont: score(FontEntry(fname='C:\\Users\\Home\\AppData\\Local\\Programs\\Python\\Python310\\lib\\site-packages\\matplotlib\\mpl-data\\fonts\\ttf\\DejaVuSans-Bold.ttf', name='DejaVu Sans', style='normal', variant='normal', weight=700, stretch='normal', size='scalable')) = 0.33499999999999996
2025-03-19 20:19:18,269 - DEBUG - findfont: score(FontEntry(fname='C:\\Users\\Home\\AppData\\Local\\Programs\\Python\\Python310\\lib\\site-packages\\matplotlib\\mpl-data\\fonts\\ttf\\STIXGeneral.ttf', name='STIXGeneral', style='normal', variant='normal', weight=400, stretch='normal', size='scalable')) = 10.05
2025-03-19 20:19:18,269 - DEBUG - findfont: score(FontEntry(fname='C:\\Users\\Home\\AppData\\Local\\Programs\\Python\\Python310\\lib\\site-packages\\matplotlib\\mpl-data\\fonts\\ttf\\STIXSizThreeSymReg.ttf', name='STIXSizeThreeSym', style='normal', variant='normal', weight=400, stretch='normal', size='scalable')) = 10.05
2025-03-19 20:19:18,269 - DEBUG - findfont: score(FontEntry(fname='C:\\Users\\Home\\AppData\\Local\\Programs\\Python\\Python310\\lib\\site-packages\\matplotlib\\mpl-data\\fonts\\ttf\\DejaVuSerif-Bold.ttf', name='DejaVu Serif', style='normal', variant='normal', weight=700, stretch='normal', size='scalable')) = 10.335
2025-03-19 20:19:18,269 - DEBUG - findfont: score(FontEntry(fname='C:\\Users\\Home\\AppData\\Local\\Programs\\Python\\Python310\\lib\\site-packages\\matplotlib\\mpl-data\\fonts\\ttf\\DejaVuSerif-Italic.ttf', name='DejaVu Serif', style='italic', variant='normal', weight=400, stretch='normal', size='scalable')) = 11.05
2025-03-19 20:19:18,269 - DEBUG - findfont: score(FontEntry(fname='C:\\Users\\Home\\AppData\\Local\\Programs\\Python\\Python310\\lib\\site-packages\\matplotlib\\mpl-data\\fonts\\ttf\\STIXNonUniBolIta.ttf', name='STIXNonUnicode', style='italic', variant='normal', weight=700, stretch='normal', size='scalable')) = 11.335
2025-03-19 20:19:18,269 - DEBUG - findfont: score(FontEntry(fname='C:\\Users\\Home\\AppData\\Local\\Programs\\Python\\Python310\\lib\\site-packages\\matplotlib\\mpl-data\\fonts\\ttf\\STIXSizTwoSymReg.ttf', name='STIXSizeTwoSym', style='normal', variant='normal', weight=400, stretch='normal', size='scalable')) = 10.05
2025-03-19 20:19:18,269 - DEBUG - findfont: score(FontEntry(fname='C:\\Users\\Home\\AppData\\Local\\Programs\\Python\\Python310\\lib\\site-packages\\matplotlib\\mpl-data\\fonts\\ttf\\cmb10.ttf', name='cmb10', style='normal', variant='normal', weight=400, stretch='normal', size='scalable')) = 10.05
2025-03-19 20:19:18,269 - DEBUG - findfont: score(FontEntry(fname='C:\\Users\\Home\\AppData\\Local\\Programs\\Python\\Python310\\lib\\site-packages\\matplotlib\\mpl-data\\fonts\\ttf\\DejaVuSerif.ttf', name='DejaVu Serif', style='normal', variant='normal', weight=400, stretch='normal', size='scalable')) = 10.05
2025-03-19 20:19:18,269 - DEBUG - findfont: score(FontEntry(fname='C:\\Users\\Home\\AppData\\Local\\Programs\\Python\\Python310\\lib\\site-packages\\matplotlib\\mpl-data\\fonts\\ttf\\DejaVuSerif-BoldItalic.ttf', name='DejaVu Serif', style='italic', variant='normal', weight=700, stretch='normal', size='scalable')) = 11.335
2025-03-19 20:19:18,269 - DEBUG - findfont: score(FontEntry(fname='C:\\Users\\Home\\AppData\\Local\\Programs\\Python\\Python310\\lib\\site-packages\\matplotlib\\mpl-data\\fonts\\ttf\\DejaVuSerifDisplay.ttf', name='DejaVu Serif Display', style='normal', variant='normal', weight=400, stretch='normal', size='scalable')) = 10.05
2025-03-19 20:19:18,269 - DEBUG - findfont: score(FontEntry(fname='C:\\Users\\Home\\AppData\\Local\\Programs\\Python\\Python310\\lib\\site-packages\\matplotlib\\mpl-data\\fonts\\ttf\\STIXGeneralItalic.ttf', name='STIXGeneral', style='italic', variant='normal', weight=400, stretch='normal', size='scalable')) = 11.05
2025-03-19 20:19:18,269 - DEBUG - findfont: score(FontEntry(fname='C:\\Users\\Home\\AppData\\Local\\Programs\\Python\\Python310\\lib\\site-packages\\matplotlib\\mpl-data\\fonts\\ttf\\cmex10.ttf', name='cmex10', style='normal', variant='normal', weight=400, stretch='normal', size='scalable')) = 10.05
2025-03-19 20:19:18,269 - DEBUG - findfont: score(FontEntry(fname='C:\\Users\\Home\\AppData\\Local\\Programs\\Python\\Python310\\lib\\site-packages\\matplotlib\\mpl-data\\fonts\\ttf\\cmss10.ttf', name='cmss10', style='normal', variant='normal', weight=400, stretch='normal', size='scalable')) = 10.05
2025-03-19 20:19:18,269 - DEBUG - findfont: score(FontEntry(fname='C:\\Users\\Home\\AppData\\Local\\Programs\\Python\\Python310\\lib\\site-packages\\matplotlib\\mpl-data\\fonts\\ttf\\STIXNonUniBol.ttf', name='STIXNonUnicode', style='normal', variant='normal', weight=700, stretch='normal', size='scalable')) = 10.335
2025-03-19 20:19:18,269 - DEBUG - findfont: score(FontEntry(fname='C:\\Users\\Home\\AppData\\Local\\Programs\\Python\\Python310\\lib\\site-packages\\matplotlib\\mpl-data\\fonts\\ttf\\DejaVuSansMono.ttf', name='DejaVu Sans Mono', style='normal', variant='normal', weight=400, stretch='normal', size='scalable')) = 10.05
2025-03-19 20:19:18,269 - DEBUG - findfont: score(FontEntry(fname='C:\\Users\\Home\\AppData\\Local\\Programs\\Python\\Python310\\lib\\site-packages\\matplotlib\\mpl-data\\fonts\\ttf\\DejaVuSansMono-Oblique.ttf', name='DejaVu Sans Mono', style='oblique', variant='normal', weight=400, stretch='normal', size='scalable')) = 11.05
2025-03-19 20:19:18,269 - DEBUG - findfont: score(FontEntry(fname='C:\\Users\\Home\\AppData\\Local\\Programs\\Python\\Python310\\lib\\site-packages\\matplotlib\\mpl-data\\fonts\\ttf\\STIXNonUniIta.ttf', name='STIXNonUnicode', style='italic', variant='normal', weight=400, stretch='normal', size='scalable')) = 11.05
2025-03-19 20:19:18,269 - DEBUG - findfont: score(FontEntry(fname='C:\\Users\\Home\\AppData\\Local\\Programs\\Python\\Python310\\lib\\site-packages\\matplotlib\\mpl-data\\fonts\\ttf\\cmtt10.ttf', name='cmtt10', style='normal', variant='normal', weight=400, stretch='normal', size='scalable')) = 10.05
2025-03-19 20:19:18,269 - DEBUG - findfont: score(FontEntry(fname='C:\\Users\\Home\\AppData\\Local\\Programs\\Python\\Python310\\lib\\site-packages\\matplotlib\\mpl-data\\fonts\\ttf\\STIXSizFiveSymReg.ttf', name='STIXSizeFiveSym', style='normal', variant='normal', weight=400, stretch='normal', size='scalable')) = 10.05
2025-03-19 20:19:18,269 - DEBUG - findfont: score(FontEntry(fname='C:\\Users\\Home\\AppData\\Local\\Programs\\Python\\Python310\\lib\\site-packages\\matplotlib\\mpl-data\\fonts\\ttf\\DejaVuSans.ttf', name='DejaVu Sans', style='normal', variant='normal', weight=400, stretch='normal', size='scalable')) = 0.05
2025-03-19 20:19:18,269 - DEBUG - findfont: score(FontEntry(fname='C:\\Users\\Home\\AppData\\Local\\Programs\\Python\\Python310\\lib\\site-packages\\matplotlib\\mpl-data\\fonts\\ttf\\STIXSizOneSymBol.ttf', name='STIXSizeOneSym', style='normal', variant='normal', weight=700, stretch='normal', size='scalable')) = 10.335
2025-03-19 20:19:18,269 - DEBUG - findfont: score(FontEntry(fname='C:\\Users\\Home\\AppData\\Local\\Programs\\Python\\Python310\\lib\\site-packages\\matplotlib\\mpl-data\\fonts\\ttf\\STIXSizFourSymBol.ttf', name='STIXSizeFourSym', style='normal', variant='normal', weight=700, stretch='normal', size='scalable')) = 10.335
2025-03-19 20:19:18,269 - DEBUG - findfont: score(FontEntry(fname='C:\\Users\\Home\\AppData\\Local\\Programs\\Python\\Python310\\lib\\site-packages\\matplotlib\\mpl-data\\fonts\\ttf\\STIXSizFourSymReg.ttf', name='STIXSizeFourSym', style='normal', variant='normal', weight=400, stretch='normal', size='scalable')) = 10.05
2025-03-19 20:19:18,269 - DEBUG - findfont: score(FontEntry(fname='C:\\Users\\Home\\AppData\\Local\\Programs\\Python\\Python310\\lib\\site-packages\\matplotlib\\mpl-data\\fonts\\ttf\\DejaVuSansDisplay.ttf', name='DejaVu Sans Display', style='normal', variant='normal', weight=400, stretch='normal', size='scalable')) = 10.05
2025-03-19 20:19:18,269 - DEBUG - findfont: score(FontEntry(fname='C:\\Users\\Home\\AppData\\Local\\Programs\\Python\\Python310\\lib\\site-packages\\matplotlib\\mpl-data\\fonts\\ttf\\STIXGeneralBolIta.ttf', name='STIXGeneral', style='italic', variant='normal', weight=700, stretch='normal', size='scalable')) = 11.335
2025-03-19 20:19:18,269 - DEBUG - findfont: score(FontEntry(fname='C:\\Users\\Home\\AppData\\Local\\Programs\\Python\\Python310\\lib\\site-packages\\matplotlib\\mpl-data\\fonts\\ttf\\STIXNonUni.ttf', name='STIXNonUnicode', style='normal', variant='normal', weight=400, stretch='normal', size='scalable')) = 10.05
2025-03-19 20:19:18,269 - DEBUG - findfont: score(FontEntry(fname='C:\\Users\\Home\\AppData\\Local\\Programs\\Python\\Python310\\lib\\site-packages\\matplotlib\\mpl-data\\fonts\\ttf\\STIXSizOneSymReg.ttf', name='STIXSizeOneSym', style='normal', variant='normal', weight=400, stretch='normal', size='scalable')) = 10.05
2025-03-19 20:19:18,269 - DEBUG - findfont: score(FontEntry(fname='C:\\Users\\Home\\AppData\\Local\\Programs\\Python\\Python310\\lib\\site-packages\\matplotlib\\mpl-data\\fonts\\ttf\\DejaVuSansMono-BoldOblique.ttf', name='DejaVu Sans Mono', style='oblique', variant='normal', weight=700, stretch='normal', size='scalable')) = 11.335
2025-03-19 20:19:18,269 - DEBUG - findfont: score(FontEntry(fname='C:\\Windows\\Fonts\\gadugi.ttf', name='Gadugi', style='normal', variant='normal', weight=400, stretch='normal', size='scalable')) = 10.05
2025-03-19 20:19:18,269 - DEBUG - findfont: score(FontEntry(fname='C:\\Users\\Home\\AppData\\Local\\Microsoft\\Windows\\Fonts\\neo-latina-demo-FFP.ttf', name='neo latina', style='normal', variant='normal', weight=400, stretch='normal', size='scalable')) = 10.05
2025-03-19 20:19:18,269 - DEBUG - findfont: score(FontEntry(fname='C:\\Windows\\Fonts\\SourceSansPro-SemiBold.ttf', name='Source Sans Pro', style='normal', variant='normal', weight=600, stretch='normal', size='scalable')) = 10.24
2025-03-19 20:19:18,269 - DEBUG - findfont: score(FontEntry(fname='C:\\Windows\\Fonts\\Montserrat-LightItalic.ttf', name='Montserrat', style='italic', variant='normal', weight=300, stretch='normal', size='scalable')) = 11.145
2025-03-19 20:19:18,269 - DEBUG - findfont: score(FontEntry(fname='C:\\Windows\\Fonts\\Oswald-Bold.ttf', name='Oswald', style='normal', variant='normal', weight=700, stretch='normal', size='scalable')) = 10.335
2025-03-19 20:19:18,269 - DEBUG - findfont: score(FontEntry(fname='C:\\Windows\\Fonts\\BarlowCondensed-ExtraLight.ttf', name='Barlow Condensed', style='normal', variant='normal', weight=275, stretch='condensed', size='scalable')) = 10.368749999999999
2025-03-19 20:19:18,269 - DEBUG - findfont: score(FontEntry(fname='C:\\Users\\Home\\AppData\\Local\\Microsoft\\Windows\\Fonts\\makhina.ttf', name='Makhina', style='normal', variant='normal', weight=400, stretch='normal', size='scalable')) = 10.05
2025-03-19 20:19:18,269 - DEBUG - findfont: score(FontEntry(fname='C:\\Users\\Home\\AppData\\Local\\Microsoft\\Windows\\Fonts\\raidercrusaderchrome.ttf', name='Raider Crusader Chrome', style='normal', variant='normal', weight=400, stretch='normal', size='scalable')) = 10.05
2025-03-19 20:19:18,269 - DEBUG - findfont: score(FontEntry(fname='C:\\Users\\Home\\AppData\\Local\\Microsoft\\Windows\\Fonts\\earthorbiterboldital.ttf', name='Earth Orbiter Bold Italic', style='italic', variant='normal', weight=400, stretch='normal', size='scalable')) = 11.05
2025-03-19 20:19:18,269 - DEBUG - findfont: score(FontEntry(fname='C:\\Windows\\Fonts\\GenBasB.ttf', name='Gentium Basic', style='normal', variant='normal', weight=700, stretch='normal', size='scalable')) = 10.335
2025-03-19 20:19:18,269 - DEBUG - findfont: score(FontEntry(fname='C:\\Windows\\Fonts\\BarlowCondensed-BoldItalic.ttf', name='Barlow Condensed', style='italic', variant='normal', weight=700, stretch='condensed', size='scalable')) = 11.535
2025-03-19 20:19:18,269 - DEBUG - findfont: score(FontEntry(fname='C:\\Windows\\Fonts\\UbuntuMono-Italic.ttf', name='Ubuntu Mono', style='italic', variant='normal', weight=400, stretch='normal', size='scalable')) = 11.05
2025-03-19 20:19:18,269 - DEBUG - findfont: score(FontEntry(fname='C:\\Windows\\Fonts\\pala.ttf', name='Palatino Linotype', style='normal', variant='normal', weight=400, stretch='normal', size='scalable')) = 10.05
2025-03-19 20:19:18,269 - DEBUG - findfont: score(FontEntry(fname='C:\\Windows\\Fonts\\framd.ttf', name='Franklin Gothic Medium', style='normal', variant='normal', weight=400, stretch='normal', size='scalable')) = 10.05
2025-03-19 20:19:18,269 - DEBUG - findfont: score(FontEntry(fname='C:\\Windows\\Fonts\\ntailu.ttf', name='Microsoft New Tai Lue', style='normal', variant='normal', weight=400, stretch='normal', size='scalable')) = 10.05
2025-03-19 20:19:18,269 - DEBUG - findfont: score(FontEntry(fname='C:\\Users\\Home\\AppData\\Local\\Microsoft\\Windows\\Fonts\\raidercrusader3d.ttf', name='Raider Crusader 3D', style='normal', variant='normal', weight=400, stretch='normal', size='scalable')) = 10.05
2025-03-19 20:19:18,269 - DEBUG - findfont: score(FontEntry(fname='C:\\Windows\\Fonts\\mvboli.ttf', name='MV Boli', style='normal', variant='normal', weight=400, stretch='normal', size='scalable')) = 10.05
2025-03-19 20:19:18,269 - DEBUG - findfont: score(FontEntry(fname='C:\\Windows\\Fonts\\segoeuiz.ttf', name='Segoe UI', style='italic', variant='normal', weight=700, stretch='normal', size='scalable')) = 11.335
2025-03-19 20:19:18,269 - DEBUG - findfont: score(FontEntry(fname='C:\\Windows\\Fonts\\Roboto-Light.ttf', name='Roboto', style='normal', variant='normal', weight=300, stretch='normal', size='scalable')) = 10.145
2025-03-19 20:19:18,269 - DEBUG - findfont: score(FontEntry(fname='C:\\Windows\\Fonts\\SitkaZ.ttc', name='Sitka Small', style='italic', variant='normal', weight=700, stretch='normal', size='scalable')) = 11.335
2025-03-19 20:19:18,269 - DEBUG - findfont: score(FontEntry(fname='C:\\Windows\\Fonts\\Lora-Bold.ttf', name='Lora', style='normal', variant='normal', weight=700, stretch='normal', size='scalable')) = 10.335
2025-03-19 20:19:18,269 - DEBUG - findfont: score(FontEntry(fname='C:\\Windows\\Fonts\\Raleway-SemiBoldItalic.ttf', name='Raleway', style='italic', variant='normal', weight=600, stretch='normal', size='scalable')) = 11.24
2025-03-19 20:19:18,269 - DEBUG - findfont: score(FontEntry(fname='C:\\Windows\\Fonts\\IBMPlexMono-Bold.ttf', name='IBM Plex Mono', style='normal', variant='normal', weight=700, stretch='normal', size='scalable')) = 10.335
2025-03-19 20:19:18,269 - DEBUG - findfont: score(FontEntry(fname='C:\\Windows\\Fonts\\OpenSansCondensed-LightItalic.ttf', name='Open Sans Condensed', style='italic', variant='normal', weight=300, stretch='condensed', size='scalable')) = 11.344999999999999
2025-03-19 20:19:18,269 - DEBUG - findfont: score(FontEntry(fname='C:\\Windows\\Fonts\\Catamaran-Regular.ttf', name='Catamaran', style='normal', variant='normal', weight=400, stretch='normal', size='scalable')) = 10.05
2025-03-19 20:19:18,269 - DEBUG - findfont: score(FontEntry(fname='C:\\Users\\Home\\AppData\\Local\\Microsoft\\Windows\\Fonts\\americankestralital1.ttf', name='American Kestrel Italic', style='italic', variant='normal', weight=400, stretch='normal', size='scalable')) = 11.05
2025-03-19 20:19:18,269 - DEBUG - findfont: score(FontEntry(fname='C:\\Windows\\Fonts\\seguisb.ttf', name='Segoe UI', style='normal', variant='normal', weight=600, stretch='normal', size='scalable')) = 10.24
2025-03-19 20:19:18,269 - DEBUG - findfont: score(FontEntry(fname='C:\\Windows\\Fonts\\ArchivoNarrow-Regular.ttf', name='Archivo Narrow', style='normal', variant='normal', weight=400, stretch='condensed', size='scalable')) = 10.25
2025-03-19 20:19:18,269 - DEBUG - findfont: score(FontEntry(fname='C:\\Windows\\Fonts\\NotoSansJP-Bold.otf', name='Noto Sans JP', style='normal', variant='normal', weight=700, stretch='normal', size='scalable')) = 10.335
2025-03-19 20:19:18,269 - DEBUG - findfont: score(FontEntry(fname='C:\\Windows\\Fonts\\Lora-Regular.ttf', name='Lora', style='normal', variant='normal', weight=400, stretch='normal', size='scalable')) = 10.05
2025-03-19 20:19:18,269 - DEBUG - findfont: score(FontEntry(fname='C:\\Windows\\Fonts\\malgunbd.ttf', name='Malgun Gothic', style='normal', variant='normal', weight=700, stretch='normal', size='scalable')) = 10.335
2025-03-19 20:19:18,269 - DEBUG - findfont: score(FontEntry(fname='C:\\Windows\\Fonts\\Inter-Thin.ttf', name='Inter', style='normal', variant='normal', weight=250, stretch='normal', size='scalable')) = 10.1925
2025-03-19 20:19:18,269 - DEBUG - findfont: score(FontEntry(fname='C:\\Windows\\Fonts\\YuGothM.ttc', name='Yu Gothic', style='normal', variant='normal', weight=500, stretch='normal', size='scalable')) = 10.145
2025-03-19 20:19:18,269 - DEBUG - findfont: score(FontEntry(fname='C:\\Windows\\Fonts\\constani.ttf', name='Constantia', style='italic', variant='normal', weight=400, stretch='normal', size='scalable')) = 11.05
2025-03-19 20:19:18,269 - DEBUG - findfont: score(FontEntry(fname='C:\\Windows\\Fonts\\ariblk.ttf', name='Arial', style='normal', variant='normal', weight=900, stretch='normal', size='scalable')) = 6.888636363636364
2025-03-19 20:19:18,269 - DEBUG - findfont: score(FontEntry(fname='C:\\Windows\\Fonts\\arialbd.ttf', name='Arial', style='normal', variant='normal', weight=700, stretch='normal', size='scalable')) = 6.698636363636363
2025-03-19 20:19:18,269 - DEBUG - findfont: score(FontEntry(fname='C:\\Windows\\Fonts\\OpenSans-Semibold.ttf', name='Open Sans', style='normal', variant='normal', weight=600, stretch='normal', size='scalable')) = 10.24
2025-03-19 20:19:18,269 - DEBUG - findfont: score(FontEntry(fname='C:\\Windows\\Fonts\\calibrib.ttf', name='Calibri', style='normal', variant='normal', weight=700, stretch='normal', size='scalable')) = 10.335
2025-03-19 20:19:18,269 - DEBUG - findfont: score(FontEntry(fname='C:\\Windows\\Fonts\\Raleway-Medium.ttf', name='Raleway', style='normal', variant='normal', weight=500, stretch='normal', size='scalable')) = 10.145
2025-03-19 20:19:18,269 - DEBUG - findfont: score(FontEntry(fname='C:\\Windows\\Fonts\\Lato-Regular.ttf', name='Lato', style='normal', variant='normal', weight=400, stretch='normal', size='scalable')) = 10.05
2025-03-19 20:19:18,269 - DEBUG - findfont: score(FontEntry(fname='C:\\Users\\Home\\AppData\\Local\\Microsoft\\Windows\\Fonts\\raidercrusadertitle.ttf', name='Raider Crusader Title', style='normal', variant='normal', weight=400, stretch='normal', size='scalable')) = 10.05
2025-03-19 20:19:18,269 - DEBUG - findfont: score(FontEntry(fname='C:\\Windows\\Fonts\\NotoSansJP-Black.otf', name='Noto Sans JP', style='normal', variant='normal', weight=900, stretch='normal', size='scalable')) = 10.525
2025-03-19 20:19:18,269 - DEBUG - findfont: score(FontEntry(fname='C:\\Windows\\Fonts\\palai.ttf', name='Palatino Linotype', style='italic', variant='normal', weight=400, stretch='normal', size='scalable')) = 11.05
2025-03-19 20:19:18,269 - DEBUG - findfont: score(FontEntry(fname='C:\\Windows\\Fonts\\Orbitron-Black.ttf', name='Orbitron', style='normal', variant='normal', weight=900, stretch='normal', size='scalable')) = 10.525
2025-03-19 20:19:18,269 - DEBUG - findfont: score(FontEntry(fname='C:\\Windows\\Fonts\\Lato-LightItalic.ttf', name='Lato', style='italic', variant='normal', weight=300, stretch='normal', size='scalable')) = 11.145
2025-03-19 20:19:18,269 - DEBUG - findfont: score(FontEntry(fname='C:\\Windows\\Fonts\\SourceSansPro-Italic.ttf', name='Source Sans Pro', style='italic', variant='normal', weight=400, stretch='normal', size='scalable')) = 11.05
2025-03-19 20:19:18,269 - DEBUG - findfont: score(FontEntry(fname='C:\\Windows\\Fonts\\Exo2-Black.ttf', name='Exo 2', style='normal', variant='normal', weight=900, stretch='normal', size='scalable')) = 10.525
2025-03-19 20:19:18,269 - DEBUG - findfont: score(FontEntry(fname='C:\\Windows\\Fonts\\Lato-BlackItalic.ttf', name='Lato', style='italic', variant='normal', weight=900, stretch='normal', size='scalable')) = 11.525
2025-03-19 20:19:18,269 - DEBUG - findfont: score(FontEntry(fname='C:\\Windows\\Fonts\\l_10646.ttf', name='Lucida Sans Unicode', style='normal', variant='normal', weight=400, stretch='normal', size='scalable')) = 10.05
2025-03-19 20:19:18,269 - DEBUG - findfont: score(FontEntry(fname='C:\\Windows\\Fonts\\Carlito-BoldItalic.ttf', name='Carlito', style='italic', variant='normal', weight=700, stretch='normal', size='scalable')) = 11.335
2025-03-19 20:19:18,269 - DEBUG - findfont: score(FontEntry(fname='C:\\Windows\\Fonts\\phagspa.ttf', name='Microsoft PhagsPa', style='normal', variant='normal', weight=400, stretch='normal', size='scalable')) = 10.05
2025-03-19 20:19:18,269 - DEBUG - findfont: score(FontEntry(fname='C:\\Windows\\Fonts\\SourceCodePro-LightItalic.ttf', name='Source Code Pro', style='italic', variant='normal', weight=300, stretch='normal', size='scalable')) = 11.145
2025-03-19 20:19:18,269 - DEBUG - findfont: score(FontEntry(fname='C:\\Windows\\Fonts\\msgothic.ttc', name='MS Gothic', style='normal', variant='normal', weight=400, stretch='normal', size='scalable')) = 10.05
2025-03-19 20:19:18,269 - DEBUG - findfont: score(FontEntry(fname='C:\\Windows\\Fonts\\Raleway-Regular.ttf', name='Raleway', style='normal', variant='normal', weight=400, stretch='normal', size='scalable')) = 10.05
2025-03-19 20:19:18,269 - DEBUG - findfont: score(FontEntry(fname='C:\\Windows\\Fonts\\Carlito-Italic.ttf', name='Carlito', style='italic', variant='normal', weight=400, stretch='normal', size='scalable')) = 11.05
2025-03-19 20:19:18,269 - DEBUG - findfont: score(FontEntry(fname='C:\\Windows\\Fonts\\DancingScript-Bold.ttf', name='Dancing Script', style='normal', variant='normal', weight=700, stretch='normal', size='scalable')) = 10.335
2025-03-19 20:19:18,269 - DEBUG - findfont: score(FontEntry(fname='C:\\Windows\\Fonts\\Muli-ExtraLight.ttf', name='Muli', style='normal', variant='normal', weight=250, stretch='normal', size='scalable')) = 10.1925
2025-03-19 20:19:18,269 - DEBUG - findfont: score(FontEntry(fname='C:\\Windows\\Fonts\\SourceCodePro-Medium.ttf', name='Source Code Pro', style='normal', variant='normal', weight=500, stretch='normal', size='scalable')) = 10.145
2025-03-19 20:19:18,269 - DEBUG - findfont: score(FontEntry(fname='C:\\Users\\Home\\AppData\\Local\\Microsoft\\Windows\\Fonts\\Android Scratch.ttf', name='Android Scratch', style='normal', variant='normal', weight=400, stretch='normal', size='scalable')) = 10.05
2025-03-19 20:19:18,269 - DEBUG - findfont: score(FontEntry(fname='C:\\Windows\\Fonts\\msjhbd.ttc', name='Microsoft JhengHei', style='normal', variant='normal', weight=700, stretch='normal', size='scalable')) = 10.335
2025-03-19 20:19:18,269 - DEBUG - findfont: score(FontEntry(fname='C:\\Windows\\Fonts\\Montserrat-ExtraBoldItalic.ttf', name='Montserrat', style='italic', variant='normal', weight=800, stretch='normal', size='scalable')) = 11.43
2025-03-19 20:19:18,269 - DEBUG - findfont: score(FontEntry(fname='C:\\Windows\\Fonts\\Orbitron-Medium.ttf', name='Orbitron', style='normal', variant='normal', weight=500, stretch='normal', size='scalable')) = 10.145
2025-03-19 20:19:18,269 - DEBUG - findfont: score(FontEntry(fname='C:\\Windows\\Fonts\\GenBasI.ttf', name='Gentium Basic', style='italic', variant='normal', weight=400, stretch='normal', size='scalable')) = 11.05
2025-03-19 20:19:18,269 - DEBUG - findfont: score(FontEntry(fname='C:\\Users\\Home\\AppData\\Local\\Microsoft\\Windows\\Fonts\\americankestrallaser1.ttf', name='American Kestrel Laser', style='normal', variant='normal', weight=400, stretch='normal', size='scalable')) = 10.05
2025-03-19 20:19:18,269 - DEBUG - findfont: score(FontEntry(fname='C:\\Users\\Home\\AppData\\Local\\Microsoft\\Windows\\Fonts\\raidercrusaderbevel.ttf', name='Raider Crusader Bevel', style='normal', variant='normal', weight=400, stretch='normal', size='scalable')) = 10.05
2025-03-19 20:19:18,269 - DEBUG - findfont: score(FontEntry(fname='C:\\Users\\Home\\AppData\\Local\\Microsoft\\Windows\\Fonts\\space age.ttf', name='Space Age', style='normal', variant='normal', weight=400, stretch='normal', size='scalable')) = 10.05
2025-03-19 20:19:18,269 - DEBUG - findfont: score(FontEntry(fname='C:\\Windows\\Fonts\\NotoSans-BoldItalic.ttf', name='Noto Sans', style='italic', variant='normal', weight=700, stretch='normal', size='scalable')) = 11.335
2025-03-19 20:19:18,269 - DEBUG - findfont: score(FontEntry(fname='C:\\Windows\\Fonts\\PTSerif-Bold.ttf', name='PT Serif', style='normal', variant='normal', weight=700, stretch='normal', size='scalable')) = 10.335
2025-03-19 20:19:18,269 - DEBUG - findfont: score(FontEntry(fname='C:\\Windows\\Fonts\\IBMPlexMono-ExtraLight.ttf', name='IBM Plex Mono', style='normal', variant='normal', weight=200, stretch='normal', size='scalable')) = 10.24
2025-03-19 20:19:18,269 - DEBUG - findfont: score(FontEntry(fname='C:\\Windows\\Fonts\\PTSans-Bold.ttf', name='PT Sans', style='normal', variant='normal', weight=700, stretch='normal', size='scalable')) = 10.335
2025-03-19 20:19:18,269 - DEBUG - findfont: score(FontEntry(fname='C:\\Users\\Home\\AppData\\Local\\Microsoft\\Windows\\Fonts\\Slot-Regular.otf', name='Slot', style='normal', variant='normal', weight=400, stretch='normal', size='scalable')) = 10.05
2025-03-19 20:19:18,269 - DEBUG - findfont: score(FontEntry(fname='C:\\Users\\Home\\AppData\\Local\\Microsoft\\Windows\\Fonts\\earthorbiterengraved.ttf', name='Earth Orbiter Engraved', style='normal', variant='normal', weight=400, stretch='normal', size='scalable')) = 10.05
2025-03-19 20:19:18,269 - DEBUG - findfont: score(FontEntry(fname='C:\\Windows\\Fonts\\Ubuntu-BoldItalic.ttf', name='Ubuntu', style='italic', variant='normal', weight=700, stretch='normal', size='scalable')) = 11.335
2025-03-19 20:19:18,269 - DEBUG - findfont: score(FontEntry(fname='C:\\Windows\\Fonts\\WorkSans-Light.ttf', name='Work Sans', style='normal', variant='normal', weight=300, stretch='normal', size='scalable')) = 10.145
2025-03-19 20:19:18,269 - DEBUG - findfont: score(FontEntry(fname='C:\\Windows\\Fonts\\segoepr.ttf', name='Segoe Print', style='normal', variant='normal', weight=400, stretch='normal', size='scalable')) = 10.05
2025-03-19 20:19:18,269 - DEBUG - findfont: score(FontEntry(fname='C:\\Windows\\Fonts\\Inter-Regular.ttf', name='Inter', style='normal', variant='normal', weight=400, stretch='normal', size='scalable')) = 10.05
2025-03-19 20:19:18,269 - DEBUG - findfont: score(FontEntry(fname='C:\\Windows\\Fonts\\BarlowCondensed-LightItalic.ttf', name='Barlow Condensed', style='italic', variant='normal', weight=300, stretch='condensed', size='scalable')) = 11.344999999999999
2025-03-19 20:19:18,269 - DEBUG - findfont: score(FontEntry(fname='C:\\Windows\\Fonts\\wingdng2.ttf', name='Wingdings 2', style='normal', variant='normal', weight=400, stretch='normal', size='scalable')) = 10.05
2025-03-19 20:19:18,269 - DEBUG - findfont: score(FontEntry(fname='C:\\Windows\\Fonts\\gadugib.ttf', name='Gadugi', style='normal', variant='normal', weight=700, stretch='normal', size='scalable')) = 10.335
2025-03-19 20:19:18,269 - DEBUG - findfont: score(FontEntry(fname='C:\\Users\\Home\\AppData\\Local\\Microsoft\\Windows\\Fonts\\raidercrusaderhalf.ttf', name='Raider Crusader Halftone', style='normal', variant='normal', weight=400, stretch='normal', size='scalable')) = 10.05
2025-03-19 20:19:18,269 - DEBUG - findfont: score(FontEntry(fname='C:\\Windows\\Fonts\\segoeuisl.ttf', name='Segoe UI', style='normal', variant='normal', weight=350, stretch='normal', size='scalable')) = 10.0975
2025-03-19 20:19:18,269 - DEBUG - findfont: score(FontEntry(fname='C:\\Windows\\Fonts\\RobotoCondensed-Regular.ttf', name='Roboto Condensed', style='normal', variant='normal', weight=400, stretch='condensed', size='scalable')) = 10.25
2025-03-19 20:19:18,269 - DEBUG - findfont: score(FontEntry(fname='C:\\Windows\\Fonts\\SourceCodePro-Regular.ttf', name='Source Code Pro', style='normal', variant='normal', weight=400, stretch='normal', size='scalable')) = 10.05
2025-03-19 20:19:18,269 - DEBUG - findfont: score(FontEntry(fname='C:\\Windows\\Fonts\\DejaVuSansCondensed-BoldOblique.ttf', name='DejaVu Sans', style='oblique', variant='normal', weight=700, stretch='condensed', size='scalable')) = 1.535
2025-03-19 20:19:18,269 - DEBUG - findfont: score(FontEntry(fname='C:\\Windows\\Fonts\\JuliusSansOne-Regular.ttf', name='Julius Sans One', style='normal', variant='normal', weight=400, stretch='normal', size='scalable')) = 10.05
2025-03-19 20:19:18,269 - DEBUG - findfont: score(FontEntry(fname='C:\\Windows\\Fonts\\GreatVibes-Regular.ttf', name='Great Vibes', style='normal', variant='normal', weight=400, stretch='normal', size='scalable')) = 10.05
2025-03-19 20:19:18,269 - DEBUG - findfont: score(FontEntry(fname='C:\\Windows\\Fonts\\AmaticSC-Regular.ttf', name='Amatic SC', style='normal', variant='normal', weight=400, stretch='normal', size='scalable')) = 10.05
2025-03-19 20:19:18,269 - DEBUG - findfont: score(FontEntry(fname='C:\\Windows\\Fonts\\RobotoSlab-SemiBold.ttf', name='Roboto Slab', style='normal', variant='normal', weight=600, stretch='normal', size='scalable')) = 10.24
2025-03-19 20:19:18,269 - DEBUG - findfont: score(FontEntry(fname='C:\\Windows\\Fonts\\Nunito-Bold.ttf', name='Nunito', style='normal', variant='normal', weight=700, stretch='normal', size='scalable')) = 10.335
2025-03-19 20:19:18,269 - DEBUG - findfont: score(FontEntry(fname='C:\\Users\\Home\\AppData\\Local\\Microsoft\\Windows\\Fonts\\americankestralstraightcond1.ttf', name='American Kestrel Straight Cond', style='normal', variant='normal', weight=400, stretch='condensed', size='scalable')) = 10.25
2025-03-19 20:19:18,269 - DEBUG - findfont: score(FontEntry(fname='C:\\Windows\\Fonts\\PlayfairDisplay-Medium.ttf', name='Playfair Display', style='normal', variant='normal', weight=500, stretch='normal', size='scalable')) = 10.145
2025-03-19 20:19:18,269 - DEBUG - findfont: score(FontEntry(fname='C:\\Windows\\Fonts\\opens___.ttf', name='OpenSymbol', style='normal', variant='normal', weight=400, stretch='normal', size='scalable')) = 10.05
2025-03-19 20:19:18,269 - DEBUG - findfont: score(FontEntry(fname='C:\\Windows\\Fonts\\wingdng3.ttf', name='Wingdings 3', style='normal', variant='normal', weight=400, stretch='normal', size='scalable')) = 10.05
2025-03-19 20:19:18,269 - DEBUG - findfont: score(FontEntry(fname='C:\\Windows\\Fonts\\segmdl2.ttf', name='Segoe MDL2 Assets', style='normal', variant='normal', weight=400, stretch='normal', size='scalable')) = 10.05
2025-03-19 20:19:18,269 - DEBUG - findfont: score(FontEntry(fname='C:\\Windows\\Fonts\\Candarai.ttf', name='Candara', style='italic', variant='normal', weight=400, stretch='normal', size='scalable')) = 11.05
2025-03-19 20:19:18,269 - DEBUG - findfont: score(FontEntry(fname='C:\\Windows\\Fonts\\tahomabd.ttf', name='Tahoma', style='normal', variant='normal', weight=700, stretch='normal', size='scalable')) = 10.335
2025-03-19 20:19:18,269 - DEBUG - findfont: score(FontEntry(fname='C:\\Users\\Home\\AppData\\Local\\Microsoft\\Windows\\Fonts\\americankestralstraightexpand1.ttf', name='American Kestrel Straight Exp', style='normal', variant='normal', weight=400, stretch='normal', size='scalable')) = 10.05
2025-03-19 20:19:18,269 - DEBUG - findfont: score(FontEntry(fname='C:\\Users\\Home\\AppData\\Local\\Microsoft\\Windows\\Fonts\\raidercrusaderleft.ttf', name='Raider Crusader Leftalic', style='normal', variant='normal', weight=400, stretch='normal', size='scalable')) = 10.05
2025-03-19 20:19:18,269 - DEBUG - findfont: score(FontEntry(fname='C:\\Users\\Home\\AppData\\Local\\Microsoft\\Windows\\Fonts\\americankestralsemistraight1.ttf', name='American Kestrel Semi-Straight', style='normal', variant='normal', weight=400, stretch='normal', size='scalable')) = 10.05
2025-03-19 20:19:18,269 - DEBUG - findfont: score(FontEntry(fname='C:\\Windows\\Fonts\\segoeui.ttf', name='Segoe UI', style='normal', variant='normal', weight=400, stretch='normal', size='scalable')) = 10.05
2025-03-19 20:19:18,269 - DEBUG - findfont: score(FontEntry(fname='C:\\Users\\Home\\AppData\\Local\\Microsoft\\Windows\\Fonts\\earthorbitersuperital.ttf', name='Earth Orbiter Super-Italic', style='italic', variant='normal', weight=400, stretch='normal', size='scalable')) = 11.05
2025-03-19 20:19:18,269 - DEBUG - findfont: score(FontEntry(fname='C:\\Windows\\Fonts\\mmrtextb.ttf', name='Myanmar Text', style='normal', variant='normal', weight=700, stretch='normal', size='scalable')) = 10.335
2025-03-19 20:19:18,269 - DEBUG - findfont: score(FontEntry(fname='C:\\Windows\\Fonts\\Merriweather-Black.ttf', name='Merriweather', style='normal', variant='normal', weight=900, stretch='normal', size='scalable')) = 10.525
2025-03-19 20:19:18,269 - DEBUG - findfont: score(FontEntry(fname='C:\\Windows\\Fonts\\Exo2-Light.ttf', name='Exo 2', style='normal', variant='normal', weight=300, stretch='normal', size='scalable')) = 10.145
2025-03-19 20:19:18,269 - DEBUG - findfont: score(FontEntry(fname='C:\\Windows\\Fonts\\ebrima.ttf', name='Ebrima', style='normal', variant='normal', weight=400, stretch='normal', size='scalable')) = 10.05
2025-03-19 20:19:18,269 - DEBUG - findfont: score(FontEntry(fname='C:\\Windows\\Fonts\\DejaVuSans-Bold.ttf', name='DejaVu Sans', style='normal', variant='normal', weight=700, stretch='normal', size='scalable')) = 0.33499999999999996
2025-03-19 20:19:18,269 - DEBUG - findfont: score(FontEntry(fname='C:\\Windows\\Fonts\\seguisym.ttf', name='Segoe UI Symbol', style='normal', variant='normal', weight=400, stretch='normal', size='scalable')) = 10.05
2025-03-19 20:19:18,269 - DEBUG - findfont: score(FontEntry(fname='C:\\Windows\\Fonts\\Lato-Black.ttf', name='Lato', style='normal', variant='normal', weight=900, stretch='normal', size='scalable')) = 10.525
2025-03-19 20:19:18,269 - DEBUG - findfont: score(FontEntry(fname='C:\\Windows\\Fonts\\Ubuntu-MediumItalic.ttf', name='Ubuntu', style='italic', variant='normal', weight=500, stretch='normal', size='scalable')) = 11.145
2025-03-19 20:19:18,269 - DEBUG - findfont: score(FontEntry(fname='C:\\Windows\\Fonts\\Muli-ExtraBoldItalic.ttf', name='Muli', style='italic', variant='normal', weight=800, stretch='normal', size='scalable')) = 11.43
2025-03-19 20:19:18,269 - DEBUG - findfont: score(FontEntry(fname='C:\\Windows\\Fonts\\consola.ttf', name='Consolas', style='normal', variant='normal', weight=400, stretch='normal', size='scalable')) = 10.05
2025-03-19 20:19:18,269 - DEBUG - findfont: score(FontEntry(fname='C:\\Windows\\Fonts\\Raleway-LightItalic.ttf', name='Raleway', style='italic', variant='normal', weight=300, stretch='normal', size='scalable')) = 11.145
2025-03-19 20:19:18,269 - DEBUG - findfont: score(FontEntry(fname='C:\\Windows\\Fonts\\trebucbd.ttf', name='Trebuchet MS', style='normal', variant='normal', weight=700, stretch='normal', size='scalable')) = 10.335
2025-03-19 20:19:18,269 - DEBUG - findfont: score(FontEntry(fname='C:\\Users\\Home\\AppData\\Local\\Microsoft\\Windows\\Fonts\\raidercrusaderital.ttf', name='Raider Crusader Italic', style='italic', variant='normal', weight=400, stretch='normal', size='scalable')) = 11.05
2025-03-19 20:19:18,269 - DEBUG - findfont: score(FontEntry(fname='C:\\Users\\Home\\AppData\\Local\\Microsoft\\Windows\\Fonts\\raidercrusaderexpand.ttf', name='Raider Crusader Expanded', style='normal', variant='normal', weight=400, stretch='expanded', size='scalable')) = 10.25
2025-03-19 20:19:18,269 - DEBUG - findfont: score(FontEntry(fname='C:\\Windows\\Fonts\\Exo2-Italic.ttf', name='Exo 2', style='italic', variant='normal', weight=400, stretch='normal', size='scalable')) = 11.05
2025-03-19 20:19:18,269 - DEBUG - findfont: score(FontEntry(fname='C:\\Windows\\Fonts\\Lato-Bold.ttf', name='Lato', style='normal', variant='normal', weight=700, stretch='normal', size='scalable')) = 10.335
2025-03-19 20:19:18,269 - DEBUG - findfont: score(FontEntry(fname='C:\\Windows\\Fonts\\BarlowCondensed-Bold.ttf', name='Barlow Condensed', style='normal', variant='normal', weight=700, stretch='condensed', size='scalable')) = 10.535
2025-03-19 20:19:18,269 - DEBUG - findfont: score(FontEntry(fname='C:\\Users\\Home\\AppData\\Local\\Microsoft\\Windows\\Fonts\\Varino - Normal.ttf', name='Varino', style='normal', variant='normal', weight=400, stretch='normal', size='scalable')) = 10.05
2025-03-19 20:19:18,269 - DEBUG - findfont: score(FontEntry(fname='C:\\Windows\\Fonts\\verdanaz.ttf', name='Verdana', style='italic', variant='normal', weight=700, stretch='normal', size='scalable')) = 4.971363636363637
2025-03-19 20:19:18,269 - DEBUG - findfont: score(FontEntry(fname='C:\\Windows\\Fonts\\Heebo-Bold.ttf', name='Heebo', style='normal', variant='normal', weight=700, stretch='normal', size='scalable')) = 10.335
2025-03-19 20:19:18,269 - DEBUG - findfont: score(FontEntry(fname='C:\\Windows\\Fonts\\B612Mono-Bold.ttf', name='B612 Mono', style='normal', variant='normal', weight=700, stretch='normal', size='scalable')) = 10.335
2025-03-19 20:19:18,269 - DEBUG - findfont: score(FontEntry(fname='C:\\Users\\Home\\AppData\\Local\\Microsoft\\Windows\\Fonts\\americankestralstraightlaser1.ttf', name='American Kestrel Straight Laser', style='normal', variant='normal', weight=400, stretch='normal', size='scalable')) = 10.05
2025-03-19 20:19:18,269 - DEBUG - findfont: score(FontEntry(fname='C:\\Windows\\Fonts\\TitilliumWeb-LightItalic.ttf', name='Titillium Web', style='italic', variant='normal', weight=300, stretch='normal', size='scalable')) = 11.145
2025-03-19 20:19:18,269 - DEBUG - findfont: score(FontEntry(fname='C:\\Windows\\Fonts\\Exo2-ExtraBoldItalic.ttf', name='Exo 2', style='italic', variant='normal', weight=800, stretch='normal', size='scalable')) = 11.43
2025-03-19 20:19:18,269 - DEBUG - findfont: score(FontEntry(fname='C:\\Windows\\Fonts\\DancingScript-Medium.ttf', name='Dancing Script', style='normal', variant='normal', weight=500, stretch='normal', size='scalable')) = 10.145
2025-03-19 20:19:18,269 - DEBUG - findfont: score(FontEntry(fname='C:\\Windows\\Fonts\\PTMono-Regular.ttf', name='PT Mono', style='normal', variant='normal', weight=400, stretch='normal', size='scalable')) = 10.05
2025-03-19 20:19:18,269 - DEBUG - findfont: score(FontEntry(fname='C:\\Windows\\Fonts\\malgunsl.ttf', name='Malgun Gothic', style='normal', variant='normal', weight=300, stretch='normal', size='scalable')) = 10.145
2025-03-19 20:19:18,269 - DEBUG - findfont: score(FontEntry(fname='C:\\Windows\\Fonts\\B612Mono-Regular.ttf', name='B612 Mono', style='normal', variant='normal', weight=400, stretch='normal', size='scalable')) = 10.05
2025-03-19 20:19:18,269 - DEBUG - findfont: score(FontEntry(fname='C:\\Windows\\Fonts\\cour.ttf', name='Courier New', style='normal', variant='normal', weight=400, stretch='normal', size='scalable')) = 10.05
2025-03-19 20:19:18,269 - DEBUG - findfont: score(FontEntry(fname='C:\\Windows\\Fonts\\courbd.ttf', name='Courier New', style='normal', variant='normal', weight=700, stretch='normal', size='scalable')) = 10.335
2025-03-19 20:19:18,269 - DEBUG - findfont: score(FontEntry(fname='C:\\Windows\\Fonts\\Inkfree.ttf', name='Ink Free', style='normal', variant='normal', weight=400, stretch='normal', size='scalable')) = 10.05
2025-03-19 20:19:18,269 - DEBUG - findfont: score(FontEntry(fname='C:\\Windows\\Fonts\\Raleway-Thin.ttf', name='Raleway', style='normal', variant='normal', weight=250, stretch='normal', size='scalable')) = 10.1925
2025-03-19 20:19:18,269 - DEBUG - findfont: score(FontEntry(fname='C:\\Windows\\Fonts\\RobotoSlab-Bold.ttf', name='Roboto Slab', style='normal', variant='normal', weight=700, stretch='normal', size='scalable')) = 10.335
2025-03-19 20:19:18,269 - DEBUG - findfont: score(FontEntry(fname='C:\\Windows\\Fonts\\ArchivoNarrow-Italic.ttf', name='Archivo Narrow', style='italic', variant='normal', weight=400, stretch='condensed', size='scalable')) = 11.25
2025-03-19 20:19:18,269 - DEBUG - findfont: score(FontEntry(fname='C:\\Windows\\Fonts\\segoescb.ttf', name='Segoe Script', style='normal', variant='normal', weight=700, stretch='normal', size='scalable')) = 10.335
2025-03-19 20:19:18,269 - DEBUG - findfont: score(FontEntry(fname='C:\\Windows\\Fonts\\ArchivoNarrow-BoldItalic.ttf', name='Archivo Narrow', style='italic', variant='normal', weight=700, stretch='condensed', size='scalable')) = 11.535
2025-03-19 20:19:18,269 - DEBUG - findfont: score(FontEntry(fname='C:\\Windows\\Fonts\\Muli-Black.ttf', name='Muli', style='normal', variant='normal', weight=900, stretch='normal', size='scalable')) = 10.525
2025-03-19 20:19:18,284 - DEBUG - findfont: score(FontEntry(fname='C:\\Users\\Home\\AppData\\Local\\Microsoft\\Windows\\Fonts\\raidercrusadershiftdown.ttf', name='Raider Crusader Shift Down', style='normal', variant='normal', weight=400, stretch='normal', size='scalable')) = 10.05
2025-03-19 20:19:18,284 - DEBUG - findfont: score(FontEntry(fname='C:\\Windows\\Fonts\\RobotoMono-LightItalic.ttf', name='Roboto Mono', style='italic', variant='normal', weight=300, stretch='normal', size='scalable')) = 11.145
2025-03-19 20:19:18,284 - DEBUG - findfont: score(FontEntry(fname='C:\\Windows\\Fonts\\Orbitron-ExtraBold.ttf', name='Orbitron', style='normal', variant='normal', weight=800, stretch='normal', size='scalable')) = 10.43
2025-03-19 20:19:18,284 - DEBUG - findfont: score(FontEntry(fname='C:\\Windows\\Fonts\\Muli-MediumItalic.ttf', name='Muli', style='italic', variant='normal', weight=500, stretch='normal', size='scalable')) = 11.145
2025-03-19 20:19:18,284 - DEBUG - findfont: score(FontEntry(fname='C:\\Windows\\Fonts\\BarlowCondensed-Italic.ttf', name='Barlow Condensed', style='italic', variant='normal', weight=400, stretch='condensed', size='scalable')) = 11.25
2025-03-19 20:19:18,284 - DEBUG - findfont: score(FontEntry(fname='C:\\Windows\\Fonts\\SourceCodePro-MediumItalic.ttf', name='Source Code Pro', style='italic', variant='normal', weight=500, stretch='normal', size='scalable')) = 11.145
2025-03-19 20:19:18,284 - DEBUG - findfont: score(FontEntry(fname='C:\\Windows\\Fonts\\RobotoCondensed-BoldItalic.ttf', name='Roboto Condensed', style='italic', variant='normal', weight=700, stretch='condensed', size='scalable')) = 11.535
2025-03-19 20:19:18,284 - DEBUG - findfont: score(FontEntry(fname='C:\\Windows\\Fonts\\DejaVuSerifCondensed-BoldItalic.ttf', name='DejaVu Serif', style='italic', variant='normal', weight=700, stretch='condensed', size='scalable')) = 11.535
2025-03-19 20:19:18,284 - DEBUG - findfont: score(FontEntry(fname='C:\\Users\\Home\\AppData\\Local\\Microsoft\\Windows\\Fonts\\earthorbiterdeep3dital.ttf', name='Earth Orbiter Deep 3D Italic', style='italic', variant='normal', weight=400, stretch='normal', size='scalable')) = 11.05
2025-03-19 20:19:18,284 - DEBUG - findfont: score(FontEntry(fname='C:\\Windows\\Fonts\\Nunito-LightItalic.ttf', name='Nunito', style='italic', variant='normal', weight=300, stretch='normal', size='scalable')) = 11.145
2025-03-19 20:19:18,284 - DEBUG - findfont: score(FontEntry(fname='C:\\Windows\\Fonts\\timesbi.ttf', name='Times New Roman', style='italic', variant='normal', weight=700, stretch='normal', size='scalable')) = 11.335
2025-03-19 20:19:18,284 - DEBUG - findfont: score(FontEntry(fname='C:\\Windows\\Fonts\\Montserrat-ExtraLight.ttf', name='Montserrat', style='normal', variant='normal', weight=275, stretch='normal', size='scalable')) = 10.16875
2025-03-19 20:19:18,284 - DEBUG - findfont: score(FontEntry(fname='C:\\Windows\\Fonts\\trebuc.ttf', name='Trebuchet MS', style='normal', variant='normal', weight=400, stretch='normal', size='scalable')) = 10.05
2025-03-19 20:19:18,284 - DEBUG - findfont: score(FontEntry(fname='C:\\Windows\\Fonts\\calibrii.ttf', name='Calibri', style='italic', variant='normal', weight=400, stretch='normal', size='scalable')) = 11.05
2025-03-19 20:19:18,284 - DEBUG - findfont: score(FontEntry(fname='C:\\Windows\\Fonts\\Nunito-Italic.ttf', name='Nunito', style='italic', variant='normal', weight=400, stretch='normal', size='scalable')) = 11.05
2025-03-19 20:19:18,284 - DEBUG - findfont: score(FontEntry(fname='C:\\Windows\\Fonts\\seguibl.ttf', name='Segoe UI', style='normal', variant='normal', weight=900, stretch='normal', size='scalable')) = 10.525
2025-03-19 20:19:18,284 - DEBUG - findfont: score(FontEntry(fname='C:\\Windows\\Fonts\\ZWAdobeF.TTF', name='ZWAdobeF', style='normal', variant='normal', weight=400, stretch='normal', size='scalable')) = 10.05
2025-03-19 20:19:18,284 - DEBUG - findfont: score(FontEntry(fname='C:\\Windows\\Fonts\\Muli-BlackItalic.ttf', name='Muli', style='italic', variant='normal', weight=900, stretch='normal', size='scalable')) = 11.525
2025-03-19 20:19:18,284 - DEBUG - findfont: score(FontEntry(fname='C:\\Windows\\Fonts\\Muli-SemiBoldItalic.ttf', name='Muli', style='italic', variant='normal', weight=600, stretch='normal', size='scalable')) = 11.24
2025-03-19 20:19:18,284 - DEBUG - findfont: score(FontEntry(fname='C:\\Windows\\Fonts\\PlayfairDisplay-BlackItalic.ttf', name='Playfair Display', style='italic', variant='normal', weight=900, stretch='normal', size='scalable')) = 11.525
2025-03-19 20:19:18,284 - DEBUG - findfont: score(FontEntry(fname='C:\\Windows\\Fonts\\VT323-Regular.ttf', name='VT323', style='normal', variant='normal', weight=400, stretch='normal', size='scalable')) = 10.05
2025-03-19 20:19:18,284 - DEBUG - findfont: score(FontEntry(fname='C:\\Windows\\Fonts\\Montserrat-SemiBold.ttf', name='Montserrat', style='normal', variant='normal', weight=600, stretch='normal', size='scalable')) = 10.24
2025-03-19 20:19:18,284 - DEBUG - findfont: score(FontEntry(fname='C:\\Windows\\Fonts\\DejaVuSerifCondensed-Italic.ttf', name='DejaVu Serif', style='italic', variant='normal', weight=400, stretch='condensed', size='scalable')) = 11.25
2025-03-19 20:19:18,284 - DEBUG - findfont: score(FontEntry(fname='C:\\Windows\\Fonts\\Montserrat-Black.ttf', name='Montserrat', style='normal', variant='normal', weight=900, stretch='normal', size='scalable')) = 10.525
2025-03-19 20:19:18,284 - DEBUG - findfont: score(FontEntry(fname='C:\\Windows\\Fonts\\constan.ttf', name='Constantia', style='normal', variant='normal', weight=400, stretch='normal', size='scalable')) = 10.05
2025-03-19 20:19:18,284 - DEBUG - findfont: score(FontEntry(fname='C:\\Windows\\Fonts\\GenBkBasI.ttf', name='Gentium Book Basic', style='italic', variant='normal', weight=400, stretch='normal', size='scalable')) = 11.05
2025-03-19 20:19:18,284 - DEBUG - findfont: score(FontEntry(fname='C:\\Users\\Home\\AppData\\Local\\Microsoft\\Windows\\Fonts\\earthorbitertitle.ttf', name='Earth Orbiter Title', style='normal', variant='normal', weight=400, stretch='normal', size='scalable')) = 10.05
2025-03-19 20:19:18,284 - DEBUG - findfont: score(FontEntry(fname='C:\\Windows\\Fonts\\Merriweather-Italic.ttf', name='Merriweather', style='italic', variant='normal', weight=400, stretch='normal', size='scalable')) = 11.05
2025-03-19 20:19:18,284 - DEBUG - findfont: score(FontEntry(fname='C:\\Windows\\Fonts\\arial.ttf', name='Arial', style='normal', variant='normal', weight=400, stretch='normal', size='scalable')) = 6.413636363636363
2025-03-19 20:19:18,284 - DEBUG - findfont: score(FontEntry(fname='C:\\Users\\Home\\AppData\\Local\\Microsoft\\Windows\\Fonts\\earthorbiterbold.ttf', name='Earth Orbiter Bold', style='normal', variant='normal', weight=400, stretch='normal', size='scalable')) = 10.05
2025-03-19 20:19:18,284 - DEBUG - findfont: score(FontEntry(fname='C:\\Windows\\Fonts\\OpenSans-Light.ttf', name='Open Sans', style='normal', variant='normal', weight=300, stretch='normal', size='scalable')) = 10.145
2025-03-19 20:19:18,284 - DEBUG - findfont: score(FontEntry(fname='C:\\Users\\Home\\AppData\\Local\\Microsoft\\Windows\\Fonts\\earthorbiteracad.ttf', name='Earth Orbiter Academy', style='normal', variant='normal', weight=400, stretch='normal', size='scalable')) = 10.05
2025-03-19 20:19:18,284 - DEBUG - findfont: score(FontEntry(fname='C:\\Users\\Home\\AppData\\Local\\Microsoft\\Windows\\Fonts\\Android Hollow.ttf', name='Android Hollow', style='normal', variant='normal', weight=400, stretch='normal', size='scalable')) = 10.05
2025-03-19 20:19:18,284 - DEBUG - findfont: score(FontEntry(fname='C:\\Windows\\Fonts\\Inter-ExtraLight.ttf', name='Inter', style='normal', variant='normal', weight=250, stretch='normal', size='scalable')) = 10.1925
2025-03-19 20:19:18,284 - DEBUG - findfont: score(FontEntry(fname='C:\\Windows\\Fonts\\PlayfairDisplay-Bold.ttf', name='Playfair Display', style='normal', variant='normal', weight=700, stretch='normal', size='scalable')) = 10.335
2025-03-19 20:19:18,284 - DEBUG - findfont: score(FontEntry(fname='C:\\Users\\Home\\AppData\\Local\\Microsoft\\Windows\\Fonts\\earthorbiter3dital.ttf', name='Earth Orbiter 3D Italic', style='italic', variant='normal', weight=400, stretch='normal', size='scalable')) = 11.05
2025-03-19 20:19:18,284 - DEBUG - findfont: score(FontEntry(fname='C:\\Windows\\Fonts\\IBMPlexMono-Regular.ttf', name='IBM Plex Mono', style='normal', variant='normal', weight=400, stretch='normal', size='scalable')) = 10.05
2025-03-19 20:19:18,284 - DEBUG - findfont: score(FontEntry(fname='C:\\Windows\\Fonts\\javatext.ttf', name='Javanese Text', style='normal', variant='normal', weight=400, stretch='normal', size='scalable')) = 10.05
2025-03-19 20:19:18,284 - DEBUG - findfont: score(FontEntry(fname='C:\\Windows\\Fonts\\NirmalaB.ttf', name='Nirmala UI', style='normal', variant='normal', weight=700, stretch='normal', size='scalable')) = 10.335
2025-03-19 20:19:18,284 - DEBUG - findfont: score(FontEntry(fname='C:\\Windows\\Fonts\\PTSans-Regular.ttf', name='PT Sans', style='normal', variant='normal', weight=400, stretch='normal', size='scalable')) = 10.05
2025-03-19 20:19:18,284 - DEBUG - findfont: score(FontEntry(fname='C:\\Windows\\Fonts\\RobotoCondensed-Italic.ttf', name='Roboto Condensed', style='italic', variant='normal', weight=400, stretch='condensed', size='scalable')) = 11.25
2025-03-19 20:19:18,284 - DEBUG - findfont: score(FontEntry(fname='C:\\Windows\\Fonts\\Merriweather-BoldItalic.ttf', name='Merriweather', style='italic', variant='normal', weight=700, stretch='normal', size='scalable')) = 11.335
2025-03-19 20:19:18,284 - DEBUG - findfont: score(FontEntry(fname='C:\\Windows\\Fonts\\NanumGothic-Regular.ttf', name='NanumGothic', style='normal', variant='normal', weight=400, stretch='normal', size='scalable')) = 10.05
2025-03-19 20:19:18,284 - DEBUG - findfont: score(FontEntry(fname='C:\\Windows\\Fonts\\WorkSans-Thin.ttf', name='Work Sans', style='normal', variant='normal', weight=260, stretch='normal', size='scalable')) = 10.183
2025-03-19 20:19:18,284 - DEBUG - findfont: score(FontEntry(fname='C:\\Windows\\Fonts\\UbuntuMono-Regular.ttf', name='Ubuntu Mono', style='normal', variant='normal', weight=400, stretch='normal', size='scalable')) = 10.05
2025-03-19 20:19:18,284 - DEBUG - findfont: score(FontEntry(fname='C:\\Windows\\Fonts\\NotoSansJP-Regular.otf', name='Noto Sans JP', style='normal', variant='normal', weight=400, stretch='normal', size='scalable')) = 10.05
2025-03-19 20:19:18,284 - DEBUG - findfont: score(FontEntry(fname='C:\\Windows\\Fonts\\Montserrat-Italic.ttf', name='Montserrat', style='italic', variant='normal', weight=400, stretch='normal', size='scalable')) = 11.05
2025-03-19 20:19:18,284 - DEBUG - findfont: score(FontEntry(fname='C:\\Windows\\Fonts\\simsun.ttc', name='SimSun', style='normal', variant='normal', weight=400, stretch='normal', size='scalable')) = 10.05
2025-03-19 20:19:18,284 - DEBUG - findfont: score(FontEntry(fname='C:\\Windows\\Fonts\\SourceCodePro-SemiBold.ttf', name='Source Code Pro', style='normal', variant='normal', weight=600, stretch='normal', size='scalable')) = 10.24
2025-03-19 20:19:18,284 - DEBUG - findfont: score(FontEntry(fname='C:\\Users\\Home\\AppData\\Local\\Microsoft\\Windows\\Fonts\\earthorbitertitleital.ttf', name='Earth Orbiter Title Italic', style='italic', variant='normal', weight=400, stretch='normal', size='scalable')) = 11.05
2025-03-19 20:19:18,284 - DEBUG - findfont: score(FontEntry(fname='C:\\Windows\\Fonts\\LibreBaskerville-Bold.ttf', name='Libre Baskerville', style='normal', variant='normal', weight=700, stretch='normal', size='scalable')) = 10.335
2025-03-19 20:19:18,284 - DEBUG - findfont: score(FontEntry(fname='C:\\Windows\\Fonts\\TitilliumWeb-Light.ttf', name='Titillium Web', style='normal', variant='normal', weight=300, stretch='normal', size='scalable')) = 10.145
2025-03-19 20:19:18,284 - DEBUG - findfont: score(FontEntry(fname='C:\\Users\\Home\\AppData\\Local\\Microsoft\\Windows\\Fonts\\earthorbiterexpandital.ttf', name='Earth Orbiter Expanded Italic', style='italic', variant='normal', weight=400, stretch='expanded', size='scalable')) = 11.25
2025-03-19 20:19:18,284 - DEBUG - findfont: score(FontEntry(fname='C:\\Windows\\Fonts\\Inter-Bold.ttf', name='Inter', style='normal', variant='normal', weight=700, stretch='normal', size='scalable')) = 10.335
2025-03-19 20:19:18,284 - DEBUG - findfont: score(FontEntry(fname='C:\\Windows\\Fonts\\comici.ttf', name='Comic Sans MS', style='italic', variant='normal', weight=400, stretch='normal', size='scalable')) = 11.05
2025-03-19 20:19:18,284 - DEBUG - findfont: score(FontEntry(fname='C:\\Users\\Home\\AppData\\Local\\Microsoft\\Windows\\Fonts\\Arkitech Bold.ttf', name='Arkitech Bold', style='normal', variant='normal', weight=700, stretch='normal', size='scalable')) = 10.335
2025-03-19 20:19:18,284 - DEBUG - findfont: score(FontEntry(fname='C:\\Windows\\Fonts\\NotoSansJP-Thin.otf', name='Noto Sans JP', style='normal', variant='normal', weight=250, stretch='normal', size='scalable')) = 10.1925
2025-03-19 20:19:18,284 - DEBUG - findfont: score(FontEntry(fname='C:\\Windows\\Fonts\\consolai.ttf', name='Consolas', style='italic', variant='normal', weight=400, stretch='normal', size='scalable')) = 11.05
2025-03-19 20:19:18,284 - DEBUG - findfont: score(FontEntry(fname='C:\\Windows\\Fonts\\constanb.ttf', name='Constantia', style='normal', variant='normal', weight=700, stretch='normal', size='scalable')) = 10.335
2025-03-19 20:19:18,284 - DEBUG - findfont: score(FontEntry(fname='C:\\Windows\\Fonts\\SaucerBB.ttf', name='Saucer BB', style='normal', variant='normal', weight=400, stretch='normal', size='scalable')) = 10.05
2025-03-19 20:19:18,284 - DEBUG - findfont: score(FontEntry(fname='C:\\Windows\\Fonts\\ArchivoNarrow-MediumItalic.ttf', name='Archivo Narrow', style='italic', variant='normal', weight=500, stretch='condensed', size='scalable')) = 11.344999999999999
2025-03-19 20:19:18,284 - DEBUG - findfont: score(FontEntry(fname='C:\\Windows\\Fonts\\DejaVuSerif-Bold.ttf', name='DejaVu Serif', style='normal', variant='normal', weight=700, stretch='normal', size='scalable')) = 10.335
2025-03-19 20:19:18,284 - DEBUG - findfont: score(FontEntry(fname='C:\\Windows\\Fonts\\Nunito-ExtraBold.ttf', name='Nunito', style='normal', variant='normal', weight=800, stretch='normal', size='scalable')) = 10.43
2025-03-19 20:19:18,284 - DEBUG - findfont: score(FontEntry(fname='C:\\Windows\\Fonts\\Lato-ThinItalic.ttf', name='Lato', style='italic', variant='normal', weight=250, stretch='normal', size='scalable')) = 11.1925
2025-03-19 20:19:18,284 - DEBUG - findfont: score(FontEntry(fname='C:\\Windows\\Fonts\\RobotoCondensed-Bold.ttf', name='Roboto Condensed', style='normal', variant='normal', weight=700, stretch='condensed', size='scalable')) = 10.535
2025-03-19 20:19:18,284 - DEBUG - findfont: score(FontEntry(fname='C:\\Windows\\Fonts\\Exo2-BlackItalic.ttf', name='Exo 2', style='italic', variant='normal', weight=900, stretch='normal', size='scalable')) = 11.525
2025-03-19 20:19:18,284 - DEBUG - findfont: score(FontEntry(fname='C:\\Windows\\Fonts\\phagspab.ttf', name='Microsoft PhagsPa', style='normal', variant='normal', weight=700, stretch='normal', size='scalable')) = 10.335
2025-03-19 20:19:18,284 - DEBUG - findfont: score(FontEntry(fname='C:\\Windows\\Fonts\\DejaVuSansMono-BoldOblique.ttf', name='DejaVu Sans Mono', style='oblique', variant='normal', weight=700, stretch='normal', size='scalable')) = 11.335
2025-03-19 20:19:18,284 - DEBUG - findfont: score(FontEntry(fname='C:\\Windows\\Fonts\\Raleway-ExtraBoldItalic.ttf', name='Raleway', style='italic', variant='normal', weight=800, stretch='normal', size='scalable')) = 11.43
2025-03-19 20:19:18,284 - DEBUG - findfont: score(FontEntry(fname='C:\\Windows\\Fonts\\UbuntuMono-Bold.ttf', name='Ubuntu Mono', style='normal', variant='normal', weight=700, stretch='normal', size='scalable')) = 10.335
2025-03-19 20:19:18,284 - DEBUG - findfont: score(FontEntry(fname='C:\\Windows\\Fonts\\Raleway-ExtraLightItalic.ttf', name='Raleway', style='italic', variant='normal', weight=275, stretch='normal', size='scalable')) = 11.16875
2025-03-19 20:19:18,284 - DEBUG - findfont: score(FontEntry(fname='C:\\Windows\\Fonts\\framdit.ttf', name='Franklin Gothic Medium', style='italic', variant='normal', weight=400, stretch='normal', size='scalable')) = 11.05
2025-03-19 20:19:18,284 - DEBUG - findfont: score(FontEntry(fname='C:\\Windows\\Fonts\\Catamaran-Medium.ttf', name='Catamaran', style='normal', variant='normal', weight=500, stretch='normal', size='scalable')) = 10.145
2025-03-19 20:19:18,284 - DEBUG - findfont: score(FontEntry(fname='C:\\Windows\\Fonts\\Ubuntu-Medium.ttf', name='Ubuntu', style='normal', variant='normal', weight=500, stretch='normal', size='scalable')) = 10.145
2025-03-19 20:19:18,284 - DEBUG - findfont: score(FontEntry(fname='C:\\Windows\\Fonts\\ebrimabd.ttf', name='Ebrima', style='normal', variant='normal', weight=700, stretch='normal', size='scalable')) = 10.335
2025-03-19 20:19:18,284 - DEBUG - findfont: score(FontEntry(fname='C:\\Windows\\Fonts\\B612Mono-BoldItalic.ttf', name='B612 Mono', style='italic', variant='normal', weight=700, stretch='normal', size='scalable')) = 11.335
2025-03-19 20:19:18,284 - DEBUG - findfont: score(FontEntry(fname='C:\\Windows\\Fonts\\NotoSansJP-Light.otf', name='Noto Sans JP', style='normal', variant='normal', weight=300, stretch='normal', size='scalable')) = 10.145
2025-03-19 20:19:18,284 - DEBUG - findfont: score(FontEntry(fname='C:\\Windows\\Fonts\\seguili.ttf', name='Segoe UI', style='italic', variant='normal', weight=300, stretch='normal', size='scalable')) = 11.145
2025-03-19 20:19:18,284 - DEBUG - findfont: score(FontEntry(fname='C:\\Windows\\Fonts\\Inter-SemiBold.ttf', name='Inter', style='normal', variant='normal', weight=600, stretch='normal', size='scalable')) = 10.24
2025-03-19 20:19:18,284 - DEBUG - findfont: score(FontEntry(fname='C:\\Windows\\Fonts\\Montserrat-BoldItalic.ttf', name='Montserrat', style='italic', variant='normal', weight=700, stretch='normal', size='scalable')) = 11.335
2025-03-19 20:19:18,284 - DEBUG - findfont: score(FontEntry(fname='C:\\Windows\\Fonts\\ArchivoNarrow-SemiBoldItalic.ttf', name='Archivo Narrow', style='italic', variant='normal', weight=600, stretch='condensed', size='scalable')) = 11.44
2025-03-19 20:19:18,284 - DEBUG - findfont: score(FontEntry(fname='C:\\Windows\\Fonts\\DejaVuSans-Oblique.ttf', name='DejaVu Sans', style='oblique', variant='normal', weight=400, stretch='normal', size='scalable')) = 1.05
2025-03-19 20:19:18,284 - DEBUG - findfont: score(FontEntry(fname='C:\\Windows\\Fonts\\WorkSans-Medium.ttf', name='Work Sans', style='normal', variant='normal', weight=500, stretch='normal', size='scalable')) = 10.145
2025-03-19 20:19:18,284 - DEBUG - findfont: score(FontEntry(fname='C:\\Windows\\Fonts\\SourceSansPro-ExtraLight.ttf', name='Source Sans Pro', style='normal', variant='normal', weight=275, stretch='normal', size='scalable')) = 10.16875
2025-03-19 20:19:18,284 - DEBUG - findfont: score(FontEntry(fname='C:\\Windows\\Fonts\\BarlowCondensed-SemiBold.ttf', name='Barlow Condensed', style='normal', variant='normal', weight=600, stretch='condensed', size='scalable')) = 10.44
2025-03-19 20:19:18,284 - DEBUG - findfont: score(FontEntry(fname='C:\\Users\\Home\\AppData\\Local\\Microsoft\\Windows\\Fonts\\Arkitech Light.ttf', name='Arkitech', style='normal', variant='normal', weight=300, stretch='normal', size='scalable')) = 10.145
2025-03-19 20:19:18,284 - DEBUG - findfont: score(FontEntry(fname='C:\\Users\\Home\\AppData\\Local\\Microsoft\\Windows\\Fonts\\AutografPersonalUseOnly-mOBm.ttf', name='Autograf PERSONAL USE ONLY', style='normal', variant='normal', weight=400, stretch='normal', size='scalable')) = 10.05
2025-03-19 20:19:18,284 - DEBUG - findfont: score(FontEntry(fname='C:\\Windows\\Fonts\\Merriweather-Regular.ttf', name='Merriweather', style='normal', variant='normal', weight=400, stretch='normal', size='scalable')) = 10.05
2025-03-19 20:19:18,284 - DEBUG - findfont: score(FontEntry(fname='C:\\Windows\\Fonts\\RobotoMono-Thin.ttf', name='Roboto Mono', style='normal', variant='normal', weight=250, stretch='normal', size='scalable')) = 10.1925
2025-03-19 20:19:18,284 - DEBUG - findfont: score(FontEntry(fname='C:\\Windows\\Fonts\\RobotoSlab-ExtraLight.ttf', name='Roboto Slab', style='normal', variant='normal', weight=250, stretch='normal', size='scalable')) = 10.1925
2025-03-19 20:19:18,284 - DEBUG - findfont: score(FontEntry(fname='C:\\Windows\\Fonts\\RobotoSlab-Thin.ttf', name='Roboto Slab', style='normal', variant='normal', weight=250, stretch='normal', size='scalable')) = 10.1925
2025-03-19 20:19:18,284 - DEBUG - findfont: score(FontEntry(fname='C:\\Windows\\Fonts\\tahoma.ttf', name='Tahoma', style='normal', variant='normal', weight=400, stretch='normal', size='scalable')) = 10.05
2025-03-19 20:19:18,284 - DEBUG - findfont: score(FontEntry(fname='C:\\Windows\\Fonts\\DejaVuSansCondensed-Oblique.ttf', name='DejaVu Sans', style='oblique', variant='normal', weight=400, stretch='condensed', size='scalable')) = 1.25
2025-03-19 20:19:18,284 - DEBUG - findfont: score(FontEntry(fname='C:\\Windows\\Fonts\\NotoSans-Regular.ttf', name='Noto Sans', style='normal', variant='normal', weight=400, stretch='normal', size='scalable')) = 10.05
2025-03-19 20:19:18,284 - DEBUG - findfont: score(FontEntry(fname='C:\\Windows\\Fonts\\Montserrat-ExtraLightItalic.ttf', name='Montserrat', style='italic', variant='normal', weight=275, stretch='normal', size='scalable')) = 11.16875
2025-03-19 20:19:18,284 - DEBUG - findfont: score(FontEntry(fname='C:\\Users\\Home\\AppData\\Local\\Microsoft\\Windows\\Fonts\\Audiowide-Regular.ttf', name='Audiowide', style='normal', variant='normal', weight=400, stretch='expanded', size='scalable')) = 10.25
2025-03-19 20:19:18,284 - DEBUG - findfont: score(FontEntry(fname='C:\\Windows\\Fonts\\seguiemj.ttf', name='Segoe UI Emoji', style='normal', variant='normal', weight=400, stretch='normal', size='scalable')) = 10.05
2025-03-19 20:19:18,284 - DEBUG - findfont: score(FontEntry(fname='C:\\Windows\\Fonts\\georgiaz.ttf', name='Georgia', style='italic', variant='normal', weight=700, stretch='normal', size='scalable')) = 11.335
2025-03-19 20:19:18,284 - DEBUG - findfont: score(FontEntry(fname='C:\\Windows\\Fonts\\Raleway-Italic.ttf', name='Raleway', style='italic', variant='normal', weight=400, stretch='normal', size='scalable')) = 11.05
2025-03-19 20:19:18,284 - DEBUG - findfont: score(FontEntry(fname='C:\\Windows\\Fonts\\WorkSans-Black.ttf', name='Work Sans', style='normal', variant='normal', weight=900, stretch='normal', size='scalable')) = 10.525
2025-03-19 20:19:18,284 - DEBUG - findfont: score(FontEntry(fname='C:\\Windows\\Fonts\\Heebo-Thin.ttf', name='Heebo', style='normal', variant='normal', weight=250, stretch='normal', size='scalable')) = 10.1925
2025-03-19 20:19:18,284 - DEBUG - findfont: score(FontEntry(fname='C:\\Windows\\Fonts\\Exo2-Bold.ttf', name='Exo 2', style='normal', variant='normal', weight=700, stretch='normal', size='scalable')) = 10.335
2025-03-19 20:19:18,284 - DEBUG - findfont: score(FontEntry(fname='C:\\Windows\\Fonts\\Quicksand-Bold.ttf', name='Quicksand', style='normal', variant='normal', weight=700, stretch='normal', size='scalable')) = 10.335
2025-03-19 20:19:18,284 - DEBUG - findfont: score(FontEntry(fname='C:\\Windows\\Fonts\\RobotoSlab-Medium.ttf', name='Roboto Slab', style='normal', variant='normal', weight=500, stretch='normal', size='scalable')) = 10.145
2025-03-19 20:19:18,284 - DEBUG - findfont: score(FontEntry(fname='C:\\Windows\\Fonts\\verdana.ttf', name='Verdana', style='normal', variant='normal', weight=400, stretch='normal', size='scalable')) = 3.6863636363636365
2025-03-19 20:19:18,284 - DEBUG - findfont: score(FontEntry(fname='C:\\Windows\\Fonts\\RobotoMono-Regular.ttf', name='Roboto Mono', style='normal', variant='normal', weight=400, stretch='normal', size='scalable')) = 10.05
2025-03-19 20:19:18,284 - DEBUG - findfont: score(FontEntry(fname='C:\\Users\\Home\\AppData\\Local\\Microsoft\\Windows\\Fonts\\Kamryn 3D Italic D.otf', name='Kamryn', style='italic', variant='normal', weight=400, stretch='normal', size='scalable')) = 11.05
2025-03-19 20:19:18,284 - DEBUG - findfont: score(FontEntry(fname='C:\\Users\\Home\\AppData\\Local\\Microsoft\\Windows\\Fonts\\earthorbiter.ttf', name='Earth Orbiter', style='normal', variant='normal', weight=400, stretch='normal', size='scalable')) = 10.05
2025-03-19 20:19:18,284 - DEBUG - findfont: score(FontEntry(fname='C:\\Windows\\Fonts\\verdanab.ttf', name='Verdana', style='normal', variant='normal', weight=700, stretch='normal', size='scalable')) = 3.9713636363636367
2025-03-19 20:19:18,284 - DEBUG - findfont: score(FontEntry(fname='C:\\Windows\\Fonts\\georgiab.ttf', name='Georgia', style='normal', variant='normal', weight=700, stretch='normal', size='scalable')) = 10.335
2025-03-19 20:19:18,284 - DEBUG - findfont: score(FontEntry(fname='C:\\Windows\\Fonts\\msjhl.ttc', name='Microsoft JhengHei', style='normal', variant='normal', weight=290, stretch='normal', size='scalable')) = 10.1545
2025-03-19 20:19:18,284 - DEBUG - findfont: score(FontEntry(fname='C:\\Windows\\Fonts\\GenBkBasR.ttf', name='Gentium Book Basic', style='normal', variant='normal', weight=400, stretch='normal', size='scalable')) = 10.05
2025-03-19 20:19:18,284 - DEBUG - findfont: score(FontEntry(fname='C:\\Windows\\Fonts\\SourceSansPro-LightItalic.ttf', name='Source Sans Pro', style='italic', variant='normal', weight=300, stretch='normal', size='scalable')) = 11.145
2025-03-19 20:19:18,284 - DEBUG - findfont: score(FontEntry(fname='C:\\Windows\\Fonts\\TitilliumWeb-ExtraLightItalic.ttf', name='Titillium Web', style='italic', variant='normal', weight=275, stretch='normal', size='scalable')) = 11.16875
2025-03-19 20:19:18,284 - DEBUG - findfont: score(FontEntry(fname='C:\\Windows\\Fonts\\OpenSans-ExtraBoldItalic.ttf', name='Open Sans', style='italic', variant='normal', weight=800, stretch='normal', size='scalable')) = 11.43
2025-03-19 20:19:18,284 - DEBUG - findfont: score(FontEntry(fname='C:\\Users\\Home\\AppData\\Local\\Microsoft\\Windows\\Fonts\\Elektra.ttf', name='Elektra', style='normal', variant='normal', weight=400, stretch='normal', size='scalable')) = 10.05
2025-03-19 20:19:18,284 - DEBUG - findfont: score(FontEntry(fname='C:\\Windows\\Fonts\\symbol.ttf', name='Symbol', style='normal', variant='normal', weight=400, stretch='normal', size='scalable')) = 10.05
2025-03-19 20:19:18,284 - DEBUG - findfont: score(FontEntry(fname='C:\\Users\\Home\\AppData\\Local\\Microsoft\\Windows\\Fonts\\rm_tubeway_chrome.ttf', name='RM Tubeway chrome', style='normal', variant='normal', weight=400, stretch='normal', size='scalable')) = 10.05
2025-03-19 20:19:18,284 - DEBUG - findfont: score(FontEntry(fname='C:\\Windows\\Fonts\\monbaiti.ttf', name='Mongolian Baiti', style='normal', variant='normal', weight=400, stretch='normal', size='scalable')) = 10.05
2025-03-19 20:19:18,284 - DEBUG - findfont: score(FontEntry(fname='C:\\Windows\\Fonts\\cambriai.ttf', name='Cambria', style='italic', variant='normal', weight=400, stretch='normal', size='scalable')) = 11.05
2025-03-19 20:19:18,284 - DEBUG - findfont: score(FontEntry(fname='C:\\Windows\\Fonts\\verdanai.ttf', name='Verdana', style='italic', variant='normal', weight=400, stretch='normal', size='scalable')) = 4.6863636363636365
2025-03-19 20:19:18,284 - DEBUG - findfont: score(FontEntry(fname='C:\\Windows\\Fonts\\DejaVuSerif-Italic.ttf', name='DejaVu Serif', style='italic', variant='normal', weight=400, stretch='normal', size='scalable')) = 11.05
2025-03-19 20:19:18,284 - DEBUG - findfont: score(FontEntry(fname='C:\\Windows\\Fonts\\LeelUIsl.ttf', name='Leelawadee UI', style='normal', variant='normal', weight=350, stretch='normal', size='scalable')) = 10.0975
2025-03-19 20:19:18,284 - DEBUG - findfont: score(FontEntry(fname='C:\\Windows\\Fonts\\msyhl.ttc', name='Microsoft YaHei', style='normal', variant='normal', weight=290, stretch='normal', size='scalable')) = 10.1545
2025-03-19 20:19:18,284 - DEBUG - findfont: score(FontEntry(fname='C:\\Windows\\Fonts\\georgia.ttf', name='Georgia', style='normal', variant='normal', weight=400, stretch='normal', size='scalable')) = 10.05
2025-03-19 20:19:18,284 - DEBUG - findfont: score(FontEntry(fname='C:\\Windows\\Fonts\\CascadiaMono.ttf', name='Cascadia Mono', style='normal', variant='normal', weight=400, stretch='normal', size='scalable')) = 10.05
2025-03-19 20:19:18,284 - DEBUG - findfont: score(FontEntry(fname='C:\\Windows\\Fonts\\Heebo-Regular.ttf', name='Heebo', style='normal', variant='normal', weight=400, stretch='normal', size='scalable')) = 10.05
2025-03-19 20:19:18,284 - DEBUG - findfont: score(FontEntry(fname='C:\\Windows\\Fonts\\Merriweather-Light.ttf', name='Merriweather', style='normal', variant='normal', weight=300, stretch='normal', size='scalable')) = 10.145
2025-03-19 20:19:18,284 - DEBUG - findfont: score(FontEntry(fname='C:\\Users\\Home\\AppData\\Local\\Microsoft\\Windows\\Fonts\\raidercrusader.ttf', name='Raider Crusader', style='normal', variant='normal', weight=400, stretch='normal', size='scalable')) = 10.05
2025-03-19 20:19:18,284 - DEBUG - findfont: score(FontEntry(fname='C:\\Windows\\Fonts\\SourceCodePro-Italic.ttf', name='Source Code Pro', style='italic', variant='normal', weight=400, stretch='normal', size='scalable')) = 11.05
2025-03-19 20:19:18,284 - DEBUG - findfont: score(FontEntry(fname='C:\\Users\\Home\\AppData\\Local\\Microsoft\\Windows\\Fonts\\americankestralstraightgrad1.ttf', name='American Kestrel Straight Grad', style='normal', variant='normal', weight=400, stretch='normal', size='scalable')) = 10.05
2025-03-19 20:19:18,284 - DEBUG - findfont: score(FontEntry(fname='C:\\Users\\Home\\AppData\\Local\\Microsoft\\Windows\\Fonts\\earthorbitercond.ttf', name='Earth Orbiter Condensed', style='normal', variant='normal', weight=400, stretch='condensed', size='scalable')) = 10.25
2025-03-19 20:19:18,284 - DEBUG - findfont: score(FontEntry(fname='C:\\Windows\\Fonts\\Nirmala.ttf', name='Nirmala UI', style='normal', variant='normal', weight=400, stretch='normal', size='scalable')) = 10.05
2025-03-19 20:19:18,284 - DEBUG - findfont: score(FontEntry(fname='C:\\Windows\\Fonts\\DejaVuSansMono-Bold.ttf', name='DejaVu Sans Mono', style='normal', variant='normal', weight=700, stretch='normal', size='scalable')) = 10.335
2025-03-19 20:19:18,284 - DEBUG - findfont: score(FontEntry(fname='C:\\Windows\\Fonts\\ArchivoNarrow-Medium.ttf', name='Archivo Narrow', style='normal', variant='normal', weight=500, stretch='condensed', size='scalable')) = 10.344999999999999
2025-03-19 20:19:18,284 - DEBUG - findfont: score(FontEntry(fname='C:\\Windows\\Fonts\\Muli-ExtraLightItalic.ttf', name='Muli', style='italic', variant='normal', weight=250, stretch='normal', size='scalable')) = 11.1925
2025-03-19 20:19:18,284 - DEBUG - findfont: score(FontEntry(fname='C:\\Windows\\Fonts\\Muli-LightItalic.ttf', name='Muli', style='italic', variant='normal', weight=300, stretch='normal', size='scalable')) = 11.145
2025-03-19 20:19:18,284 - DEBUG - findfont: score(FontEntry(fname='C:\\Windows\\Fonts\\ArchivoNarrow-Bold.ttf', name='Archivo Narrow', style='normal', variant='normal', weight=700, stretch='condensed', size='scalable')) = 10.535
2025-03-19 20:19:18,284 - DEBUG - findfont: score(FontEntry(fname='C:\\Windows\\Fonts\\DejaVuSansMono-Oblique.ttf', name='DejaVu Sans Mono', style='oblique', variant='normal', weight=400, stretch='normal', size='scalable')) = 11.05
2025-03-19 20:19:18,284 - DEBUG - findfont: score(FontEntry(fname='C:\\Windows\\Fonts\\PlayfairDisplay-BoldItalic.ttf', name='Playfair Display', style='italic', variant='normal', weight=700, stretch='normal', size='scalable')) = 11.335
2025-03-19 20:19:18,284 - DEBUG - findfont: score(FontEntry(fname='C:\\Users\\Home\\AppData\\Local\\Microsoft\\Windows\\Fonts\\earthorbiteroutital.ttf', name='Earth Orbiter Outline Italic', style='italic', variant='normal', weight=400, stretch='normal', size='scalable')) = 11.05
2025-03-19 20:19:18,284 - DEBUG - findfont: score(FontEntry(fname='C:\\Windows\\Fonts\\msyi.ttf', name='Microsoft Yi Baiti', style='normal', variant='normal', weight=400, stretch='normal', size='scalable')) = 10.05
2025-03-19 20:19:18,284 - DEBUG - findfont: score(FontEntry(fname='C:\\Windows\\Fonts\\SourceSansPro-BlackItalic.ttf', name='Source Sans Pro', style='italic', variant='normal', weight=900, stretch='normal', size='scalable')) = 11.525
2025-03-19 20:19:18,284 - DEBUG - findfont: score(FontEntry(fname='C:\\Windows\\Fonts\\Montserrat-Medium.ttf', name='Montserrat', style='normal', variant='normal', weight=500, stretch='normal', size='scalable')) = 10.145
2025-03-19 20:19:18,284 - DEBUG - findfont: score(FontEntry(fname='C:\\Windows\\Fonts\\comic.ttf', name='Comic Sans MS', style='normal', variant='normal', weight=400, stretch='normal', size='scalable')) = 10.05
2025-03-19 20:19:18,284 - DEBUG - findfont: score(FontEntry(fname='C:\\Windows\\Fonts\\corbeli.ttf', name='Corbel', style='italic', variant='normal', weight=400, stretch='normal', size='scalable')) = 11.05
2025-03-19 20:19:18,284 - DEBUG - findfont: score(FontEntry(fname='C:\\Windows\\Fonts\\OldStandardTT-Regular.ttf', name='Old Standard TT', style='normal', variant='normal', weight=400, stretch='normal', size='scalable')) = 10.05
2025-03-19 20:19:18,284 - DEBUG - findfont: score(FontEntry(fname='C:\\Windows\\Fonts\\Nunito-SemiBold.ttf', name='Nunito', style='normal', variant='normal', weight=600, stretch='normal', size='scalable')) = 10.24
2025-03-19 20:19:18,284 - DEBUG - findfont: score(FontEntry(fname='C:\\Users\\Home\\AppData\\Local\\Microsoft\\Windows\\Fonts\\raidercrusadershiftup.ttf', name='Raider Crusader Shift Up', style='normal', variant='normal', weight=400, stretch='normal', size='scalable')) = 10.05
2025-03-19 20:19:18,284 - DEBUG - findfont: score(FontEntry(fname='C:\\Windows\\Fonts\\TitilliumWeb-Regular.ttf', name='Titillium Web', style='normal', variant='normal', weight=400, stretch='normal', size='scalable')) = 10.05
2025-03-19 20:19:18,284 - DEBUG - findfont: score(FontEntry(fname='C:\\Windows\\Fonts\\BarlowCondensed-ExtraBoldItalic.ttf', name='Barlow Condensed', style='italic', variant='normal', weight=800, stretch='condensed', size='scalable')) = 11.629999999999999
2025-03-19 20:19:18,284 - DEBUG - findfont: score(FontEntry(fname='C:\\Windows\\Fonts\\Inter-ExtraBold.ttf', name='Inter', style='normal', variant='normal', weight=800, stretch='normal', size='scalable')) = 10.43
2025-03-19 20:19:18,284 - DEBUG - findfont: score(FontEntry(fname='C:\\Users\\Home\\AppData\\Local\\Microsoft\\Windows\\Fonts\\earthorbitercondital.ttf', name='Earth Orbiter Condensed Italic', style='italic', variant='normal', weight=400, stretch='condensed', size='scalable')) = 11.25
2025-03-19 20:19:18,284 - DEBUG - findfont: score(FontEntry(fname='C:\\Users\\Home\\AppData\\Local\\Microsoft\\Windows\\Fonts\\americankestralstraight1.ttf', name='American Kestrel Straight', style='normal', variant='normal', weight=400, stretch='normal', size='scalable')) = 10.05
2025-03-19 20:19:18,284 - DEBUG - findfont: score(FontEntry(fname='C:\\Windows\\Fonts\\calibri.ttf', name='Calibri', style='normal', variant='normal', weight=400, stretch='normal', size='scalable')) = 10.05
2025-03-19 20:19:18,284 - DEBUG - findfont: score(FontEntry(fname='C:\\Windows\\Fonts\\Roboto-Medium.ttf', name='Roboto', style='normal', variant='normal', weight=500, stretch='normal', size='scalable')) = 10.145
2025-03-19 20:19:18,284 - DEBUG - findfont: score(FontEntry(fname='C:\\Windows\\Fonts\\RobotoMono-BoldItalic.ttf', name='Roboto Mono', style='italic', variant='normal', weight=700, stretch='normal', size='scalable')) = 11.335
2025-03-19 20:19:18,284 - DEBUG - findfont: score(FontEntry(fname='C:\\Windows\\Fonts\\Raleway-ExtraLight.ttf', name='Raleway', style='normal', variant='normal', weight=275, stretch='normal', size='scalable')) = 10.16875
2025-03-19 20:19:18,284 - DEBUG - findfont: score(FontEntry(fname='C:\\Windows\\Fonts\\Exo2-ExtraLightItalic.ttf', name='Exo 2', style='italic', variant='normal', weight=275, stretch='normal', size='scalable')) = 11.16875
2025-03-19 20:19:18,284 - DEBUG - findfont: score(FontEntry(fname='C:\\Windows\\Fonts\\RobotoMono-Light.ttf', name='Roboto Mono', style='normal', variant='normal', weight=300, stretch='normal', size='scalable')) = 10.145
2025-03-19 20:19:18,284 - DEBUG - findfont: score(FontEntry(fname='C:\\Windows\\Fonts\\DejaVuSerifCondensed-Bold.ttf', name='DejaVu Serif', style='normal', variant='normal', weight=700, stretch='condensed', size='scalable')) = 10.535
2025-03-19 20:19:18,284 - DEBUG - findfont: score(FontEntry(fname='C:\\Windows\\Fonts\\AbrilFatface-Regular.ttf', name='Abril Fatface', style='normal', variant='normal', weight=400, stretch='normal', size='scalable')) = 10.05
2025-03-19 20:19:18,284 - DEBUG - findfont: score(FontEntry(fname='C:\\Windows\\Fonts\\DejaVuSans-BoldOblique.ttf', name='DejaVu Sans', style='oblique', variant='normal', weight=700, stretch='normal', size='scalable')) = 1.335
2025-03-19 20:19:18,284 - DEBUG - findfont: score(FontEntry(fname='C:\\Windows\\Fonts\\Candaral.ttf', name='Candara', style='normal', variant='normal', weight=400, stretch='normal', size='scalable')) = 10.05
2025-03-19 20:19:18,284 - DEBUG - findfont: score(FontEntry(fname='C:\\Windows\\Fonts\\BarlowCondensed-ExtraLightItalic.ttf', name='Barlow Condensed', style='italic', variant='normal', weight=275, stretch='condensed', size='scalable')) = 11.368749999999999
2025-03-19 20:19:18,284 - DEBUG - findfont: score(FontEntry(fname='C:\\Windows\\Fonts\\IBMPlexMono-Italic.ttf', name='IBM Plex Mono', style='italic', variant='normal', weight=400, stretch='normal', size='scalable')) = 11.05
2025-03-19 20:19:18,284 - DEBUG - findfont: score(FontEntry(fname='C:\\Windows\\Fonts\\RobotoSlab-Regular.ttf', name='Roboto Slab', style='normal', variant='normal', weight=400, stretch='normal', size='scalable')) = 10.05
2025-03-19 20:19:18,284 - DEBUG - findfont: score(FontEntry(fname='C:\\Windows\\Fonts\\seguisbi.ttf', name='Segoe UI', style='italic', variant='normal', weight=600, stretch='normal', size='scalable')) = 11.24
2025-03-19 20:19:18,284 - DEBUG - findfont: score(FontEntry(fname='C:\\Windows\\Fonts\\Carlito-Bold.ttf', name='Carlito', style='normal', variant='normal', weight=700, stretch='normal', size='scalable')) = 10.335
2025-03-19 20:19:18,284 - DEBUG - findfont: score(FontEntry(fname='C:\\Windows\\Fonts\\SourceSansPro-ExtraLightItalic.ttf', name='Source Sans Pro', style='italic', variant='normal', weight=275, stretch='normal', size='scalable')) = 11.16875
2025-03-19 20:19:18,284 - DEBUG - findfont: score(FontEntry(fname='C:\\Windows\\Fonts\\PTSerif-BoldItalic.ttf', name='PT Serif', style='italic', variant='normal', weight=700, stretch='normal', size='scalable')) = 11.335
2025-03-19 20:19:18,284 - DEBUG - findfont: score(FontEntry(fname='C:\\Windows\\Fonts\\ariali.ttf', name='Arial', style='italic', variant='normal', weight=400, stretch='normal', size='scalable')) = 7.413636363636363
2025-03-19 20:19:18,284 - DEBUG - findfont: score(FontEntry(fname='C:\\Users\\Home\\AppData\\Local\\Microsoft\\Windows\\Fonts\\Android.ttf', name='Android', style='normal', variant='normal', weight=400, stretch='normal', size='scalable')) = 10.05
2025-03-19 20:19:18,284 - DEBUG - findfont: score(FontEntry(fname='C:\\Windows\\Fonts\\Montserrat-ExtraBold.ttf', name='Montserrat', style='normal', variant='normal', weight=800, stretch='normal', size='scalable')) = 10.43
2025-03-19 20:19:18,284 - DEBUG - findfont: score(FontEntry(fname='C:\\Windows\\Fonts\\UbuntuMono-BoldItalic.ttf', name='Ubuntu Mono', style='italic', variant='normal', weight=700, stretch='normal', size='scalable')) = 11.335
2025-03-19 20:19:18,284 - DEBUG - findfont: score(FontEntry(fname='C:\\Windows\\Fonts\\Exo2-Regular.ttf', name='Exo 2', style='normal', variant='normal', weight=400, stretch='normal', size='scalable')) = 10.05
2025-03-19 20:19:18,284 - DEBUG - findfont: score(FontEntry(fname='C:\\Windows\\Fonts\\Candaraz.ttf', name='Candara', style='italic', variant='normal', weight=700, stretch='normal', size='scalable')) = 11.335
2025-03-19 20:19:18,284 - DEBUG - findfont: score(FontEntry(fname='C:\\Windows\\Fonts\\Orbitron-SemiBold.ttf', name='Orbitron', style='normal', variant='normal', weight=600, stretch='normal', size='scalable')) = 10.24
2025-03-19 20:19:18,284 - DEBUG - findfont: score(FontEntry(fname='C:\\Windows\\Fonts\\TitilliumWeb-SemiBoldItalic.ttf', name='Titillium Web', style='italic', variant='normal', weight=600, stretch='normal', size='scalable')) = 11.24
2025-03-19 20:19:18,284 - DEBUG - findfont: score(FontEntry(fname='C:\\Windows\\Fonts\\Exo2-ExtraLight.ttf', name='Exo 2', style='normal', variant='normal', weight=275, stretch='normal', size='scalable')) = 10.16875
2025-03-19 20:19:18,284 - DEBUG - findfont: score(FontEntry(fname='C:\\Windows\\Fonts\\SourceCodePro-BoldItalic.ttf', name='Source Code Pro', style='italic', variant='normal', weight=700, stretch='normal', size='scalable')) = 11.335
2025-03-19 20:19:18,284 - DEBUG - findfont: score(FontEntry(fname='C:\\Windows\\Fonts\\YuGothL.ttc', name='Yu Gothic', style='normal', variant='normal', weight=300, stretch='normal', size='scalable')) = 10.145
2025-03-19 20:19:18,284 - DEBUG - findfont: score(FontEntry(fname='C:\\Windows\\Fonts\\Roboto-Regular.ttf', name='Roboto', style='normal', variant='normal', weight=400, stretch='normal', size='scalable')) = 10.05
2025-03-19 20:19:18,284 - DEBUG - findfont: score(FontEntry(fname='C:\\Windows\\Fonts\\Orbitron-Regular.ttf', name='Orbitron', style='normal', variant='normal', weight=400, stretch='normal', size='scalable')) = 10.05
2025-03-19 20:19:18,284 - DEBUG - findfont: score(FontEntry(fname='C:\\Windows\\Fonts\\BarlowCondensed-Black.ttf', name='Barlow Condensed', style='normal', variant='normal', weight=900, stretch='condensed', size='scalable')) = 10.725
2025-03-19 20:19:18,284 - DEBUG - findfont: score(FontEntry(fname='C:\\Windows\\Fonts\\SimsunExtG.ttf', name='SimSun-ExtG', style='normal', variant='normal', weight=400, stretch='normal', size='scalable')) = 10.05
2025-03-19 20:19:18,284 - DEBUG - findfont: score(FontEntry(fname='C:\\Windows\\Fonts\\arialbi.ttf', name='Arial', style='italic', variant='normal', weight=700, stretch='normal', size='scalable')) = 7.698636363636363
2025-03-19 20:19:18,284 - DEBUG - findfont: score(FontEntry(fname='C:\\Windows\\Fonts\\Domine-Bold.ttf', name='Domine', style='normal', variant='normal', weight=700, stretch='normal', size='scalable')) = 10.335
2025-03-19 20:19:18,284 - DEBUG - findfont: score(FontEntry(fname='C:\\Windows\\Fonts\\Candara.ttf', name='Candara', style='normal', variant='normal', weight=400, stretch='normal', size='scalable')) = 10.05
2025-03-19 20:19:18,284 - DEBUG - findfont: score(FontEntry(fname='C:\\Windows\\Fonts\\YuGothB.ttc', name='Yu Gothic', style='normal', variant='normal', weight=700, stretch='normal', size='scalable')) = 10.335
2025-03-19 20:19:18,284 - DEBUG - findfont: score(FontEntry(fname='C:\\Users\\Home\\AppData\\Local\\Microsoft\\Windows\\Fonts\\Painter_PERSONAL_USE_ONLY.ttf', name='Painter PERSONAL USE ONLY', style='normal', variant='normal', weight=400, stretch='normal', size='scalable')) = 10.05
2025-03-19 20:19:18,284 - DEBUG - findfont: score(FontEntry(fname='C:\\Windows\\Fonts\\GenBkBasBI.ttf', name='Gentium Book Basic', style='italic', variant='normal', weight=700, stretch='normal', size='scalable')) = 11.335
2025-03-19 20:19:18,284 - DEBUG - findfont: score(FontEntry(fname='C:\\Windows\\Fonts\\calibril.ttf', name='Calibri', style='normal', variant='normal', weight=300, stretch='normal', size='scalable')) = 10.145
2025-03-19 20:19:18,284 - DEBUG - findfont: score(FontEntry(fname='C:\\Windows\\Fonts\\Exo2-BoldItalic.ttf', name='Exo 2', style='italic', variant='normal', weight=700, stretch='normal', size='scalable')) = 11.335
2025-03-19 20:19:18,284 - DEBUG - findfont: score(FontEntry(fname='C:\\Windows\\Fonts\\Roboto-Thin.ttf', name='Roboto', style='normal', variant='normal', weight=250, stretch='normal', size='scalable')) = 10.1925
2025-03-19 20:19:18,284 - DEBUG - findfont: score(FontEntry(fname='C:\\Windows\\Fonts\\SourceCodePro-Light.ttf', name='Source Code Pro', style='normal', variant='normal', weight=300, stretch='normal', size='scalable')) = 10.145
2025-03-19 20:19:18,284 - DEBUG - findfont: score(FontEntry(fname='C:\\Windows\\Fonts\\raidercrusadertitle.ttf', name='Raider Crusader Title', style='normal', variant='normal', weight=400, stretch='normal', size='scalable')) = 10.05
2025-03-19 20:19:18,284 - DEBUG - findfont: score(FontEntry(fname='C:\\Windows\\Fonts\\SourceSansPro-Black.ttf', name='Source Sans Pro', style='normal', variant='normal', weight=900, stretch='normal', size='scalable')) = 10.525
2025-03-19 20:19:18,284 - DEBUG - findfont: score(FontEntry(fname='C:\\Windows\\Fonts\\PTSans-BoldItalic.ttf', name='PT Sans', style='italic', variant='normal', weight=700, stretch='normal', size='scalable')) = 11.335
2025-03-19 20:19:18,284 - DEBUG - findfont: score(FontEntry(fname='C:\\Windows\\Fonts\\calibriz.ttf', name='Calibri', style='italic', variant='normal', weight=700, stretch='normal', size='scalable')) = 11.335
2025-03-19 20:19:18,284 - DEBUG - findfont: score(FontEntry(fname='C:\\Windows\\Fonts\\OpenSans-Regular.ttf', name='Open Sans', style='normal', variant='normal', weight=400, stretch='normal', size='scalable')) = 10.05
2025-03-19 20:19:18,284 - DEBUG - findfont: score(FontEntry(fname='C:\\Windows\\Fonts\\IBMPlexMono-SemiBoldItalic.ttf', name='IBM Plex Mono', style='italic', variant='normal', weight=600, stretch='normal', size='scalable')) = 11.24
2025-03-19 20:19:18,284 - DEBUG - findfont: score(FontEntry(fname='C:\\Windows\\Fonts\\Roboto-Black.ttf', name='Roboto', style='normal', variant='normal', weight=900, stretch='normal', size='scalable')) = 10.525
2025-03-19 20:19:18,284 - DEBUG - findfont: score(FontEntry(fname='C:\\Users\\Home\\AppData\\Local\\Microsoft\\Windows\\Fonts\\AstronBoyWonder.ttf', name='Astron Boy Wonder', style='normal', variant='normal', weight=400, stretch='normal', size='scalable')) = 10.05
2025-03-19 20:19:18,284 - DEBUG - findfont: score(FontEntry(fname='C:\\Windows\\Fonts\\wingding.ttf', name='Wingdings', style='normal', variant='normal', weight=400, stretch='normal', size='scalable')) = 10.05
2025-03-19 20:19:18,284 - DEBUG - findfont: score(FontEntry(fname='C:\\Windows\\Fonts\\BarlowCondensed-ExtraBold.ttf', name='Barlow Condensed', style='normal', variant='normal', weight=800, stretch='condensed', size='scalable')) = 10.629999999999999
2025-03-19 20:19:18,284 - DEBUG - findfont: score(FontEntry(fname='C:\\Windows\\Fonts\\RobotoMono-ThinItalic.ttf', name='Roboto Mono', style='italic', variant='normal', weight=250, stretch='normal', size='scalable')) = 11.1925
2025-03-19 20:19:18,284 - DEBUG - findfont: score(FontEntry(fname='C:\\Windows\\Fonts\\Exo2-SemiBoldItalic.ttf', name='Exo 2', style='italic', variant='normal', weight=600, stretch='normal', size='scalable')) = 11.24
2025-03-19 20:19:18,284 - DEBUG - findfont: score(FontEntry(fname='C:\\Windows\\Fonts\\OpenSans-BoldItalic.ttf', name='Open Sans', style='italic', variant='normal', weight=700, stretch='normal', size='scalable')) = 11.335
2025-03-19 20:19:18,284 - DEBUG - findfont: score(FontEntry(fname='C:\\Users\\Home\\AppData\\Local\\Microsoft\\Windows\\Fonts\\americankestral1.ttf', name='American Kestrel', style='normal', variant='normal', weight=400, stretch='normal', size='scalable')) = 10.05
2025-03-19 20:19:18,284 - DEBUG - findfont: score(FontEntry(fname='C:\\Users\\Home\\AppData\\Local\\Microsoft\\Windows\\Fonts\\americankestralhalf1.ttf', name='American Kestrel Halftone', style='normal', variant='normal', weight=400, stretch='normal', size='scalable')) = 10.05
2025-03-19 20:19:18,284 - DEBUG - findfont: score(FontEntry(fname='C:\\Windows\\Fonts\\ShadowsIntoLight-Regular.ttf', name='Shadows Into Light', style='normal', variant='normal', weight=400, stretch='normal', size='scalable')) = 10.05
2025-03-19 20:19:18,284 - DEBUG - findfont: score(FontEntry(fname='C:\\Windows\\Fonts\\BarlowCondensed-Thin.ttf', name='Barlow Condensed', style='normal', variant='normal', weight=250, stretch='condensed', size='scalable')) = 10.3925
2025-03-19 20:19:18,284 - DEBUG - findfont: score(FontEntry(fname='C:\\Windows\\Fonts\\OpenSansCondensed-Light.ttf', name='Open Sans Condensed', style='normal', variant='normal', weight=300, stretch='condensed', size='scalable')) = 10.344999999999999
2025-03-19 20:19:18,284 - DEBUG - findfont: score(FontEntry(fname='C:\\Users\\Home\\AppData\\Local\\Microsoft\\Windows\\Fonts\\raidercrusaderengrave.ttf', name='Raider Crusader Engraved', style='normal', variant='normal', weight=400, stretch='normal', size='scalable')) = 10.05
2025-03-19 20:19:18,284 - DEBUG - findfont: score(FontEntry(fname='C:\\Windows\\Fonts\\Oswald-Light.ttf', name='Oswald', style='normal', variant='normal', weight=300, stretch='normal', size='scalable')) = 10.145
2025-03-19 20:19:18,284 - DEBUG - findfont: score(FontEntry(fname='C:\\Windows\\Fonts\\GenBkBasB.ttf', name='Gentium Book Basic', style='normal', variant='normal', weight=700, stretch='normal', size='scalable')) = 10.335
2025-03-19 20:19:18,284 - DEBUG - findfont: score(FontEntry(fname='C:\\Windows\\Fonts\\cambriaz.ttf', name='Cambria', style='italic', variant='normal', weight=700, stretch='normal', size='scalable')) = 11.335
2025-03-19 20:19:18,284 - DEBUG - findfont: score(FontEntry(fname='C:\\Windows\\Fonts\\Roboto-BoldItalic.ttf', name='Roboto', style='italic', variant='normal', weight=700, stretch='normal', size='scalable')) = 11.335
2025-03-19 20:19:18,284 - DEBUG - findfont: score(FontEntry(fname='C:\\Users\\Home\\AppData\\Local\\Microsoft\\Windows\\Fonts\\raidercrusaderpunch.ttf', name='Raider Crusader Punch', style='normal', variant='normal', weight=400, stretch='normal', size='scalable')) = 10.05
2025-03-19 20:19:18,284 - DEBUG - findfont: score(FontEntry(fname='C:\\Windows\\Fonts\\Montserrat-BlackItalic.ttf', name='Montserrat', style='italic', variant='normal', weight=900, stretch='normal', size='scalable')) = 11.525
2025-03-19 20:19:18,284 - DEBUG - findfont: score(FontEntry(fname='C:\\Windows\\Fonts\\georgiai.ttf', name='Georgia', style='italic', variant='normal', weight=400, stretch='normal', size='scalable')) = 11.05
2025-03-19 20:19:18,284 - DEBUG - findfont: score(FontEntry(fname='C:\\Windows\\Fonts\\PlayfairDisplay-SemiBold.ttf', name='Playfair Display', style='normal', variant='normal', weight=600, stretch='normal', size='scalable')) = 10.24
2025-03-19 20:19:18,284 - DEBUG - findfont: score(FontEntry(fname='C:\\Windows\\Fonts\\OpenSans-LightItalic.ttf', name='Open Sans', style='italic', variant='normal', weight=300, stretch='normal', size='scalable')) = 11.145
2025-03-19 20:19:18,284 - DEBUG - findfont: score(FontEntry(fname='C:\\Windows\\Fonts\\Raleway-BoldItalic.ttf', name='Raleway', style='italic', variant='normal', weight=700, stretch='normal', size='scalable')) = 11.335
2025-03-19 20:19:18,284 - DEBUG - findfont: score(FontEntry(fname='C:\\Windows\\Fonts\\Raleway-Bold.ttf', name='Raleway', style='normal', variant='normal', weight=700, stretch='normal', size='scalable')) = 10.335
2025-03-19 20:19:18,284 - DEBUG - findfont: score(FontEntry(fname='C:\\Windows\\Fonts\\Ubuntu-Bold.ttf', name='Ubuntu', style='normal', variant='normal', weight=700, stretch='normal', size='scalable')) = 10.335
2025-03-19 20:19:18,284 - DEBUG - findfont: score(FontEntry(fname='C:\\Windows\\Fonts\\Roboto-BlackItalic.ttf', name='Roboto', style='italic', variant='normal', weight=900, stretch='normal', size='scalable')) = 11.525
2025-03-19 20:19:18,284 - DEBUG - findfont: score(FontEntry(fname='C:\\Users\\Home\\AppData\\Local\\Microsoft\\Windows\\Fonts\\americankestralstraighthalf1.ttf', name='American Kestrel Straight Half', style='normal', variant='normal', weight=400, stretch='normal', size='scalable')) = 10.05
2025-03-19 20:19:18,284 - DEBUG - findfont: score(FontEntry(fname='C:\\Windows\\Fonts\\holomdl2.ttf', name='HoloLens MDL2 Assets', style='normal', variant='normal', weight=400, stretch='normal', size='scalable')) = 10.05
2025-03-19 20:19:18,284 - DEBUG - findfont: score(FontEntry(fname='C:\\Windows\\Fonts\\DejaVuSerif-BoldItalic.ttf', name='DejaVu Serif', style='italic', variant='normal', weight=700, stretch='normal', size='scalable')) = 11.335
2025-03-19 20:19:18,284 - DEBUG - findfont: score(FontEntry(fname='C:\\Windows\\Fonts\\Cinzel-Black.ttf', name='Cinzel', style='normal', variant='normal', weight=900, stretch='normal', size='scalable')) = 10.525
2025-03-19 20:19:18,284 - DEBUG - findfont: score(FontEntry(fname='C:\\Windows\\Fonts\\space age.otf', name='Space Age', style='normal', variant='normal', weight=400, stretch='normal', size='scalable')) = 10.05
2025-03-19 20:19:18,284 - DEBUG - findfont: score(FontEntry(fname='C:\\Windows\\Fonts\\DejaVuSerifCondensed.ttf', name='DejaVu Serif', style='normal', variant='normal', weight=400, stretch='condensed', size='scalable')) = 10.25
2025-03-19 20:19:18,284 - DEBUG - findfont: score(FontEntry(fname='C:\\Windows\\Fonts\\Sitka.ttc', name='Sitka Small', style='normal', variant='normal', weight=400, stretch='normal', size='scalable')) = 10.05
2025-03-19 20:19:18,284 - DEBUG - findfont: score(FontEntry(fname='C:\\Users\\Home\\AppData\\Local\\Microsoft\\Windows\\Fonts\\americankestralstraight3d1.ttf', name='American Kestrel Straight 3D', style='normal', variant='normal', weight=400, stretch='normal', size='scalable')) = 10.05
2025-03-19 20:19:18,284 - DEBUG - findfont: score(FontEntry(fname='C:\\Windows\\Fonts\\IBMPlexMono-Light.ttf', name='IBM Plex Mono', style='normal', variant='normal', weight=300, stretch='normal', size='scalable')) = 10.145
2025-03-19 20:19:18,284 - DEBUG - findfont: score(FontEntry(fname='C:\\Windows\\Fonts\\Montserrat-SemiBoldItalic.ttf', name='Montserrat', style='italic', variant='normal', weight=600, stretch='normal', size='scalable')) = 11.24
2025-03-19 20:19:18,284 - DEBUG - findfont: score(FontEntry(fname='C:\\Windows\\Fonts\\FjallaOne-Regular.ttf', name='Fjalla One', style='normal', variant='normal', weight=400, stretch='normal', size='scalable')) = 10.05
2025-03-19 20:19:18,284 - DEBUG - findfont: score(FontEntry(fname='C:\\Windows\\Fonts\\couri.ttf', name='Courier New', style='italic', variant='normal', weight=400, stretch='normal', size='scalable')) = 11.05
2025-03-19 20:19:18,284 - DEBUG - findfont: score(FontEntry(fname='C:\\Users\\Home\\AppData\\Local\\Microsoft\\Windows\\Fonts\\Android Italic.ttf', name='Android Italic', style='italic', variant='normal', weight=400, stretch='normal', size='scalable')) = 11.05
2025-03-19 20:19:18,284 - DEBUG - findfont: score(FontEntry(fname='C:\\Users\\Home\\AppData\\Local\\Microsoft\\Windows\\Fonts\\earthorbiterxtraboldital.ttf', name='Earth Orbiter Extra-Bold Italic', style='italic', variant='normal', weight=400, stretch='normal', size='scalable')) = 11.05
2025-03-19 20:19:18,284 - DEBUG - findfont: score(FontEntry(fname='C:\\Windows\\Fonts\\TitilliumWeb-BoldItalic.ttf', name='Titillium Web', style='italic', variant='normal', weight=700, stretch='normal', size='scalable')) = 11.335
2025-03-19 20:19:18,284 - DEBUG - findfont: score(FontEntry(fname='C:\\Windows\\Fonts\\OpenSansCondensed-Bold.ttf', name='Open Sans Condensed', style='normal', variant='normal', weight=700, stretch='condensed', size='scalable')) = 10.535
2025-03-19 20:19:18,284 - DEBUG - findfont: score(FontEntry(fname='C:\\Windows\\Fonts\\msjh.ttc', name='Microsoft JhengHei', style='normal', variant='normal', weight=400, stretch='normal', size='scalable')) = 10.05
2025-03-19 20:19:18,284 - DEBUG - findfont: score(FontEntry(fname='C:\\Windows\\Fonts\\Exo2-LightItalic.ttf', name='Exo 2', style='italic', variant='normal', weight=300, stretch='normal', size='scalable')) = 11.145
2025-03-19 20:19:18,284 - DEBUG - findfont: score(FontEntry(fname='C:\\Windows\\Fonts\\Nunito-ExtraLight.ttf', name='Nunito', style='normal', variant='normal', weight=275, stretch='normal', size='scalable')) = 10.16875
2025-03-19 20:19:18,284 - DEBUG - findfont: score(FontEntry(fname='C:\\Windows\\Fonts\\Montserrat-ThinItalic.ttf', name='Montserrat', style='italic', variant='normal', weight=250, stretch='normal', size='scalable')) = 11.1925
2025-03-19 20:19:18,284 - DEBUG - findfont: score(FontEntry(fname='C:\\Windows\\Fonts\\Muli-Medium.ttf', name='Muli', style='normal', variant='normal', weight=500, stretch='normal', size='scalable')) = 10.145
2025-03-19 20:19:18,284 - DEBUG - findfont: score(FontEntry(fname='C:\\Windows\\Fonts\\mingliub.ttc', name='MingLiU-ExtB', style='normal', variant='normal', weight=400, stretch='normal', size='scalable')) = 10.05
2025-03-19 20:19:18,284 - DEBUG - findfont: score(FontEntry(fname='C:\\Windows\\Fonts\\segoeuil.ttf', name='Segoe UI', style='normal', variant='normal', weight=300, stretch='normal', size='scalable')) = 10.145
2025-03-19 20:19:18,284 - DEBUG - findfont: score(FontEntry(fname='C:\\Windows\\Fonts\\Inter-Black.ttf', name='Inter', style='normal', variant='normal', weight=900, stretch='normal', size='scalable')) = 10.525
2025-03-19 20:19:18,284 - DEBUG - findfont: score(FontEntry(fname='C:\\Windows\\Fonts\\Candarab.ttf', name='Candara', style='normal', variant='normal', weight=700, stretch='normal', size='scalable')) = 10.335
2025-03-19 20:19:18,284 - DEBUG - findfont: score(FontEntry(fname='C:\\Windows\\Fonts\\BarlowCondensed-MediumItalic.ttf', name='Barlow Condensed', style='italic', variant='normal', weight=500, stretch='condensed', size='scalable')) = 11.344999999999999
2025-03-19 20:19:18,284 - DEBUG - findfont: score(FontEntry(fname='C:\\Windows\\Fonts\\UnderAuthority.ttf', name='Under Authority', style='normal', variant='normal', weight=400, stretch='normal', size='scalable')) = 10.05
2025-03-19 20:19:18,284 - DEBUG - findfont: score(FontEntry(fname='C:\\Windows\\Fonts\\msyhbd.ttc', name='Microsoft YaHei', style='normal', variant='normal', weight=700, stretch='normal', size='scalable')) = 10.335
2025-03-19 20:19:18,284 - DEBUG - findfont: score(FontEntry(fname='C:\\Windows\\Fonts\\Orbitron-Bold.ttf', name='Orbitron', style='normal', variant='normal', weight=700, stretch='normal', size='scalable')) = 10.335
2025-03-19 20:19:18,284 - DEBUG - findfont: score(FontEntry(fname='C:\\Windows\\Fonts\\BarlowCondensed-ThinItalic.ttf', name='Barlow Condensed', style='italic', variant='normal', weight=250, stretch='condensed', size='scalable')) = 11.3925
2025-03-19 20:19:18,284 - DEBUG - findfont: score(FontEntry(fname='C:\\Users\\Home\\AppData\\Local\\Microsoft\\Windows\\Fonts\\Royalacid_o.ttf', name='Royal Acidbath', style='italic', variant='normal', weight=400, stretch='normal', size='scalable')) = 11.05
2025-03-19 20:19:18,284 - DEBUG - findfont: score(FontEntry(fname='C:\\Windows\\Fonts\\TitilliumWeb-Black.ttf', name='Titillium Web', style='normal', variant='normal', weight=900, stretch='normal', size='scalable')) = 10.525
2025-03-19 20:19:18,300 - DEBUG - findfont: score(FontEntry(fname='C:\\Users\\Home\\AppData\\Local\\Microsoft\\Windows\\Fonts\\earthorbiterpunchital.ttf', name='Earth Orbiter Punch Italic', style='italic', variant='normal', weight=400, stretch='normal', size='scalable')) = 11.05
2025-03-19 20:19:18,300 - DEBUG - findfont: score(FontEntry(fname='C:\\Windows\\Fonts\\Quicksand-Regular.ttf', name='Quicksand', style='normal', variant='normal', weight=400, stretch='normal', size='scalable')) = 10.05
2025-03-19 20:19:18,300 - DEBUG - findfont: score(FontEntry(fname='C:\\Windows\\Fonts\\RobotoSlab-ExtraBold.ttf', name='Roboto Slab', style='normal', variant='normal', weight=800, stretch='normal', size='scalable')) = 10.43
2025-03-19 20:19:18,300 - DEBUG - findfont: score(FontEntry(fname='C:\\Windows\\Fonts\\PTSans-Italic.ttf', name='PT Sans', style='italic', variant='normal', weight=400, stretch='normal', size='scalable')) = 11.05
2025-03-19 20:19:18,300 - DEBUG - findfont: score(FontEntry(fname='C:\\Users\\Home\\AppData\\Local\\Microsoft\\Windows\\Fonts\\earthorbiterpunch.ttf', name='Earth Orbiter Punch', style='normal', variant='normal', weight=400, stretch='normal', size='scalable')) = 10.05
2025-03-19 20:19:18,300 - DEBUG - findfont: score(FontEntry(fname='C:\\Users\\Home\\AppData\\Local\\Microsoft\\Windows\\Fonts\\raidercrusaderout.ttf', name='Raider Crusader Outline', style='normal', variant='normal', weight=400, stretch='normal', size='scalable')) = 10.05
2025-03-19 20:19:18,300 - DEBUG - findfont: score(FontEntry(fname='C:\\Windows\\Fonts\\bahnschrift.ttf', name='Bahnschrift', style='normal', variant='normal', weight=400, stretch='normal', size='scalable')) = 10.05
2025-03-19 20:19:18,300 - DEBUG - findfont: score(FontEntry(fname='C:\\Windows\\Fonts\\Nunito-ExtraBoldItalic.ttf', name='Nunito', style='italic', variant='normal', weight=800, stretch='normal', size='scalable')) = 11.43
2025-03-19 20:19:18,300 - DEBUG - findfont: score(FontEntry(fname='C:\\Windows\\Fonts\\RussoOne-Regular.ttf', name='Russo One', style='normal', variant='normal', weight=400, stretch='normal', size='scalable')) = 10.05
2025-03-19 20:19:18,300 - DEBUG - findfont: score(FontEntry(fname='C:\\Windows\\Fonts\\IBMPlexMono-SemiBold.ttf', name='IBM Plex Mono', style='normal', variant='normal', weight=600, stretch='normal', size='scalable')) = 10.24
2025-03-19 20:19:18,300 - DEBUG - findfont: score(FontEntry(fname='C:\\Users\\Home\\AppData\\Local\\Microsoft\\Windows\\Fonts\\Game Of Squids.otf', name='Game Of Squids', style='normal', variant='normal', weight=400, stretch='normal', size='scalable')) = 10.05
2025-03-19 20:19:18,300 - DEBUG - findfont: score(FontEntry(fname='C:\\Windows\\Fonts\\LeelawUI.ttf', name='Leelawadee UI', style='normal', variant='normal', weight=400, stretch='normal', size='scalable')) = 10.05
2025-03-19 20:19:18,300 - DEBUG - findfont: score(FontEntry(fname='C:\\Windows\\Fonts\\Heebo-Light.ttf', name='Heebo', style='normal', variant='normal', weight=300, stretch='normal', size='scalable')) = 10.145
2025-03-19 20:19:18,300 - DEBUG - findfont: score(FontEntry(fname='C:\\Windows\\Fonts\\Heebo-Medium.ttf', name='Heebo', style='normal', variant='normal', weight=500, stretch='normal', size='scalable')) = 10.145
2025-03-19 20:19:18,300 - DEBUG - findfont: score(FontEntry(fname='C:\\Windows\\Fonts\\Nunito-Regular.ttf', name='Nunito', style='normal', variant='normal', weight=400, stretch='normal', size='scalable')) = 10.05
2025-03-19 20:19:18,300 - DEBUG - findfont: score(FontEntry(fname='C:\\Windows\\Fonts\\IBMPlexMono-LightItalic.ttf', name='IBM Plex Mono', style='italic', variant='normal', weight=300, stretch='normal', size='scalable')) = 11.145
2025-03-19 20:19:18,300 - DEBUG - findfont: score(FontEntry(fname='C:\\Windows\\Fonts\\TitilliumWeb-Bold.ttf', name='Titillium Web', style='normal', variant='normal', weight=700, stretch='normal', size='scalable')) = 10.335
2025-03-19 20:19:18,300 - DEBUG - findfont: score(FontEntry(fname='C:\\Windows\\Fonts\\Quicksand-SemiBold.ttf', name='Quicksand', style='normal', variant='normal', weight=600, stretch='normal', size='scalable')) = 10.24
2025-03-19 20:19:18,300 - DEBUG - findfont: score(FontEntry(fname='C:\\Windows\\Fonts\\timesi.ttf', name='Times New Roman', style='italic', variant='normal', weight=400, stretch='normal', size='scalable')) = 11.05
2025-03-19 20:19:18,300 - DEBUG - findfont: score(FontEntry(fname='C:\\Users\\Home\\AppData\\Local\\Microsoft\\Windows\\Fonts\\Death Star.otf', name='Death Star', style='normal', variant='normal', weight=400, stretch='normal', size='scalable')) = 10.05
2025-03-19 20:19:18,300 - DEBUG - findfont: score(FontEntry(fname='C:\\Windows\\Fonts\\calibrili.ttf', name='Calibri', style='italic', variant='normal', weight=300, stretch='normal', size='scalable')) = 11.145
2025-03-19 20:19:18,300 - DEBUG - findfont: score(FontEntry(fname='C:\\Users\\Home\\AppData\\Local\\Microsoft\\Windows\\Fonts\\americankestralleft1.ttf', name='American Kestrel Leftalic', style='normal', variant='normal', weight=400, stretch='normal', size='scalable')) = 10.05
2025-03-19 20:19:18,300 - DEBUG - findfont: score(FontEntry(fname='C:\\Windows\\Fonts\\seguihis.ttf', name='Segoe UI Historic', style='normal', variant='normal', weight=400, stretch='normal', size='scalable')) = 10.05
2025-03-19 20:19:18,300 - DEBUG - findfont: score(FontEntry(fname='C:\\Windows\\Fonts\\Domine-Regular.ttf', name='Domine', style='normal', variant='normal', weight=400, stretch='normal', size='scalable')) = 10.05
2025-03-19 20:19:18,300 - DEBUG - findfont: score(FontEntry(fname='C:\\Windows\\Fonts\\RobotoMono-MediumItalic.ttf', name='Roboto Mono', style='italic', variant='normal', weight=500, stretch='normal', size='scalable')) = 11.145
2025-03-19 20:19:18,300 - DEBUG - findfont: score(FontEntry(fname='C:\\Windows\\Fonts\\taileb.ttf', name='Microsoft Tai Le', style='normal', variant='normal', weight=700, stretch='normal', size='scalable')) = 10.335
2025-03-19 20:19:18,300 - DEBUG - findfont: score(FontEntry(fname='C:\\Users\\Home\\AppData\\Local\\Microsoft\\Windows\\Fonts\\earthorbiterout.ttf', name='Earth Orbiter Outline', style='normal', variant='normal', weight=400, stretch='normal', size='scalable')) = 10.05
2025-03-19 20:19:18,300 - DEBUG - findfont: score(FontEntry(fname='C:\\Windows\\Fonts\\Satisfy-Regular.ttf', name='Satisfy', style='normal', variant='normal', weight=400, stretch='normal', size='scalable')) = 10.05
2025-03-19 20:19:18,300 - DEBUG - findfont: score(FontEntry(fname='C:\\Windows\\Fonts\\IBMPlexMono-ThinItalic.ttf', name='IBM Plex Mono', style='italic', variant='normal', weight=100, stretch='normal', size='scalable')) = 11.335
2025-03-19 20:19:18,300 - DEBUG - findfont: score(FontEntry(fname='C:\\Windows\\Fonts\\DejaVuSans-ExtraLight.ttf', name='DejaVu Sans', style='normal', variant='normal', weight=200, stretch='normal', size='scalable')) = 0.24
2025-03-19 20:19:18,300 - DEBUG - findfont: score(FontEntry(fname='C:\\Windows\\Fonts\\malgun.ttf', name='Malgun Gothic', style='normal', variant='normal', weight=400, stretch='normal', size='scalable')) = 10.05
2025-03-19 20:19:18,300 - DEBUG - findfont: score(FontEntry(fname='C:\\Windows\\Fonts\\Merriweather-Bold.ttf', name='Merriweather', style='normal', variant='normal', weight=700, stretch='normal', size='scalable')) = 10.335
2025-03-19 20:19:18,300 - DEBUG - findfont: score(FontEntry(fname='C:\\Windows\\Fonts\\SourceCodePro-Bold.ttf', name='Source Code Pro', style='normal', variant='normal', weight=700, stretch='normal', size='scalable')) = 10.335
2025-03-19 20:19:18,300 - DEBUG - findfont: score(FontEntry(fname='C:\\Users\\Home\\AppData\\Local\\Microsoft\\Windows\\Fonts\\raidercrusaderrotal.ttf', name='Raider Crusader Rotalic', style='normal', variant='normal', weight=400, stretch='normal', size='scalable')) = 10.05
2025-03-19 20:19:18,300 - DEBUG - findfont: score(FontEntry(fname='C:\\Users\\Home\\AppData\\Local\\Microsoft\\Windows\\Fonts\\earthorbiterexpand.ttf', name='Earth Orbiter Expanded', style='normal', variant='normal', weight=400, stretch='expanded', size='scalable')) = 10.25
2025-03-19 20:19:18,300 - DEBUG - findfont: score(FontEntry(fname='C:\\Users\\Home\\AppData\\Local\\Microsoft\\Windows\\Fonts\\earthorbiterlaserital.ttf', name='Earth Orbiter Laser Italic', style='italic', variant='normal', weight=400, stretch='normal', size='scalable')) = 11.05
2025-03-19 20:19:18,300 - DEBUG - findfont: score(FontEntry(fname='C:\\Windows\\Fonts\\Muli-Light.ttf', name='Muli', style='normal', variant='normal', weight=300, stretch='normal', size='scalable')) = 10.145
2025-03-19 20:19:18,300 - DEBUG - findfont: score(FontEntry(fname='C:\\Windows\\Fonts\\msyh.ttc', name='Microsoft YaHei', style='normal', variant='normal', weight=400, stretch='normal', size='scalable')) = 10.05
2025-03-19 20:19:18,300 - DEBUG - findfont: score(FontEntry(fname='C:\\Windows\\Fonts\\RobotoSlab-Light.ttf', name='Roboto Slab', style='normal', variant='normal', weight=300, stretch='normal', size='scalable')) = 10.145
2025-03-19 20:19:18,300 - DEBUG - findfont: score(FontEntry(fname='C:\\Windows\\Fonts\\TitilliumWeb-Italic.ttf', name='Titillium Web', style='italic', variant='normal', weight=400, stretch='normal', size='scalable')) = 11.05
2025-03-19 20:19:18,300 - DEBUG - findfont: score(FontEntry(fname='C:\\Users\\Home\\AppData\\Local\\Microsoft\\Windows\\Fonts\\earthorbitergradital.ttf', name='Earth Orbiter Gradient Italic', style='italic', variant='normal', weight=400, stretch='normal', size='scalable')) = 11.05
2025-03-19 20:19:18,300 - DEBUG - findfont: score(FontEntry(fname='C:\\Windows\\Fonts\\Nunito-Black.ttf', name='Nunito', style='normal', variant='normal', weight=900, stretch='normal', size='scalable')) = 10.525
2025-03-19 20:19:18,300 - DEBUG - findfont: score(FontEntry(fname='C:\\Windows\\Fonts\\LibreBaskerville-Italic.ttf', name='Libre Baskerville', style='italic', variant='normal', weight=400, stretch='normal', size='scalable')) = 11.05
2025-03-19 20:19:18,300 - DEBUG - findfont: score(FontEntry(fname='C:\\Windows\\Fonts\\OpenSans-SemiBoldItalic.ttf', name='Open Sans', style='italic', variant='normal', weight=600, stretch='normal', size='scalable')) = 11.24
2025-03-19 20:19:18,300 - DEBUG - findfont: score(FontEntry(fname='C:\\Windows\\Fonts\\corbell.ttf', name='Corbel', style='normal', variant='normal', weight=300, stretch='normal', size='scalable')) = 10.145
2025-03-19 20:19:18,300 - DEBUG - findfont: score(FontEntry(fname='C:\\Windows\\Fonts\\Lato-Italic.ttf', name='Lato', style='italic', variant='normal', weight=400, stretch='normal', size='scalable')) = 11.05
2025-03-19 20:19:18,300 - DEBUG - findfont: score(FontEntry(fname='C:\\Windows\\Fonts\\NotoSansJP-Medium.otf', name='Noto Sans JP', style='normal', variant='normal', weight=500, stretch='normal', size='scalable')) = 10.145
2025-03-19 20:19:18,300 - DEBUG - findfont: score(FontEntry(fname='C:\\Windows\\Fonts\\Caladea-Italic.ttf', name='Caladea', style='italic', variant='normal', weight=400, stretch='normal', size='scalable')) = 11.05
2025-03-19 20:19:18,300 - DEBUG - findfont: score(FontEntry(fname='C:\\Users\\Home\\AppData\\Local\\Microsoft\\Windows\\Fonts\\raidercrusadercond.ttf', name='Raider Crusader Condensed', style='normal', variant='normal', weight=400, stretch='condensed', size='scalable')) = 10.25
2025-03-19 20:19:18,300 - DEBUG - findfont: score(FontEntry(fname='C:\\Windows\\Fonts\\corbelb.ttf', name='Corbel', style='normal', variant='normal', weight=700, stretch='normal', size='scalable')) = 10.335
2025-03-19 20:19:18,300 - DEBUG - findfont: score(FontEntry(fname='C:\\Windows\\Fonts\\RobotoSlab-Black.ttf', name='Roboto Slab', style='normal', variant='normal', weight=900, stretch='normal', size='scalable')) = 10.525
2025-03-19 20:19:18,300 - DEBUG - findfont: score(FontEntry(fname='C:\\Windows\\Fonts\\WorkSans-ExtraLight.ttf', name='Work Sans', style='normal', variant='normal', weight=280, stretch='normal', size='scalable')) = 10.164
2025-03-19 20:19:18,300 - DEBUG - findfont: score(FontEntry(fname='C:\\Windows\\Fonts\\PlayfairDisplay-Black.ttf', name='Playfair Display', style='normal', variant='normal', weight=900, stretch='normal', size='scalable')) = 10.525
2025-03-19 20:19:18,300 - DEBUG - findfont: score(FontEntry(fname='C:\\Windows\\Fonts\\RobotoCondensed-Light.ttf', name='Roboto Condensed', style='normal', variant='normal', weight=300, stretch='condensed', size='scalable')) = 10.344999999999999
2025-03-19 20:19:18,300 - DEBUG - findfont: score(FontEntry(fname='C:\\Windows\\Fonts\\DejaVuSans.ttf', name='DejaVu Sans', style='normal', variant='normal', weight=400, stretch='normal', size='scalable')) = 0.05
2025-03-19 20:19:18,300 - DEBUG - findfont: score(FontEntry(fname='C:\\Users\\Home\\AppData\\Local\\Microsoft\\Windows\\Fonts\\Felas.otf', name='Felas', style='normal', variant='normal', weight=400, stretch='normal', size='scalable')) = 10.05
2025-03-19 20:19:18,300 - DEBUG - findfont: score(FontEntry(fname='C:\\Windows\\Fonts\\Carlito-Regular.ttf', name='Carlito', style='normal', variant='normal', weight=400, stretch='normal', size='scalable')) = 10.05
2025-03-19 20:19:18,300 - DEBUG - findfont: score(FontEntry(fname='C:\\Windows\\Fonts\\seguibli.ttf', name='Segoe UI', style='italic', variant='normal', weight=900, stretch='normal', size='scalable')) = 11.525
2025-03-19 20:19:18,300 - DEBUG - findfont: score(FontEntry(fname='C:\\Windows\\Fonts\\IBMPlexMono-Thin.ttf', name='IBM Plex Mono', style='normal', variant='normal', weight=100, stretch='normal', size='scalable')) = 10.335
2025-03-19 20:19:18,300 - DEBUG - findfont: score(FontEntry(fname='C:\\Windows\\Fonts\\CascadiaCode.ttf', name='Cascadia Code', style='normal', variant='normal', weight=400, stretch='normal', size='scalable')) = 10.05
2025-03-19 20:19:18,300 - DEBUG - findfont: score(FontEntry(fname='C:\\Windows\\Fonts\\comicz.ttf', name='Comic Sans MS', style='italic', variant='normal', weight=700, stretch='normal', size='scalable')) = 11.335
2025-03-19 20:19:18,300 - DEBUG - findfont: score(FontEntry(fname='C:\\Windows\\Fonts\\Catamaran-SemiBold.ttf', name='Catamaran', style='normal', variant='normal', weight=600, stretch='normal', size='scalable')) = 10.24
2025-03-19 20:19:18,300 - DEBUG - findfont: score(FontEntry(fname='C:\\Windows\\Fonts\\himalaya.ttf', name='Microsoft Himalaya', style='normal', variant='normal', weight=400, stretch='normal', size='scalable')) = 10.05
2025-03-19 20:19:18,300 - DEBUG - findfont: score(FontEntry(fname='C:\\Windows\\Fonts\\GenBasR.ttf', name='Gentium Basic', style='normal', variant='normal', weight=400, stretch='normal', size='scalable')) = 10.05
2025-03-19 20:19:18,300 - DEBUG - findfont: score(FontEntry(fname='C:\\Windows\\Fonts\\CutiveMono-Regular.ttf', name='Cutive Mono', style='normal', variant='normal', weight=400, stretch='normal', size='scalable')) = 10.05
2025-03-19 20:19:18,300 - DEBUG - findfont: score(FontEntry(fname='C:\\Windows\\Fonts\\SitkaB.ttc', name='Sitka Small', style='normal', variant='normal', weight=700, stretch='normal', size='scalable')) = 10.335
2025-03-19 20:19:18,300 - DEBUG - findfont: score(FontEntry(fname='C:\\Windows\\Fonts\\Catamaran-Thin.ttf', name='Catamaran', style='normal', variant='normal', weight=250, stretch='normal', size='scalable')) = 10.1925
2025-03-19 20:19:18,300 - DEBUG - findfont: score(FontEntry(fname='C:\\Windows\\Fonts\\Inter-Light.ttf', name='Inter', style='normal', variant='normal', weight=300, stretch='normal', size='scalable')) = 10.145
2025-03-19 20:19:18,300 - DEBUG - findfont: score(FontEntry(fname='C:\\Windows\\Fonts\\TitilliumWeb-ExtraLight.ttf', name='Titillium Web', style='normal', variant='normal', weight=275, stretch='normal', size='scalable')) = 10.16875
2025-03-19 20:19:18,300 - DEBUG - findfont: score(FontEntry(fname='C:\\Windows\\Fonts\\RobotoMono-Bold.ttf', name='Roboto Mono', style='normal', variant='normal', weight=700, stretch='normal', size='scalable')) = 10.335
2025-03-19 20:19:18,300 - DEBUG - findfont: score(FontEntry(fname='C:\\Windows\\Fonts\\Exo2-ThinItalic.ttf', name='Exo 2', style='italic', variant='normal', weight=250, stretch='normal', size='scalable')) = 11.1925
2025-03-19 20:19:18,300 - DEBUG - findfont: score(FontEntry(fname='C:\\Users\\Home\\AppData\\Local\\Microsoft\\Windows\\Fonts\\earthorbiterhalf.ttf', name='Earth Orbiter Halftone', style='normal', variant='normal', weight=400, stretch='normal', size='scalable')) = 10.05
2025-03-19 20:19:18,300 - DEBUG - findfont: score(FontEntry(fname='C:\\Windows\\Fonts\\Nunito-ExtraLightItalic.ttf', name='Nunito', style='italic', variant='normal', weight=275, stretch='normal', size='scalable')) = 11.16875
2025-03-19 20:19:18,300 - DEBUG - findfont: score(FontEntry(fname='C:\\Windows\\Fonts\\Quicksand-Medium.ttf', name='Quicksand', style='normal', variant='normal', weight=500, stretch='normal', size='scalable')) = 10.145
2025-03-19 20:19:18,300 - DEBUG - findfont: score(FontEntry(fname='C:\\Windows\\Fonts\\Catamaran-Light.ttf', name='Catamaran', style='normal', variant='normal', weight=300, stretch='normal', size='scalable')) = 10.145
2025-03-19 20:19:18,300 - DEBUG - findfont: score(FontEntry(fname='C:\\Windows\\Fonts\\SourceCodePro-SemiBoldItalic.ttf', name='Source Code Pro', style='italic', variant='normal', weight=600, stretch='normal', size='scalable')) = 11.24
2025-03-19 20:19:18,300 - DEBUG - findfont: score(FontEntry(fname='C:\\Windows\\Fonts\\impact.ttf', name='Impact', style='normal', variant='normal', weight=400, stretch='normal', size='scalable')) = 10.05
2025-03-19 20:19:18,300 - DEBUG - findfont: score(FontEntry(fname='C:\\Windows\\Fonts\\ntailub.ttf', name='Microsoft New Tai Lue', style='normal', variant='normal', weight=700, stretch='normal', size='scalable')) = 10.335
2025-03-19 20:19:18,300 - DEBUG - findfont: score(FontEntry(fname='C:\\Windows\\Fonts\\Lato-BoldItalic.ttf', name='Lato', style='italic', variant='normal', weight=700, stretch='normal', size='scalable')) = 11.335
2025-03-19 20:19:18,300 - DEBUG - findfont: score(FontEntry(fname='C:\\Windows\\Fonts\\GenBasBI.ttf', name='Gentium Basic', style='italic', variant='normal', weight=700, stretch='normal', size='scalable')) = 11.335
2025-03-19 20:19:18,300 - DEBUG - findfont: score(FontEntry(fname='C:\\Windows\\Fonts\\BarlowCondensed-Medium.ttf', name='Barlow Condensed', style='normal', variant='normal', weight=500, stretch='condensed', size='scalable')) = 10.344999999999999
2025-03-19 20:19:18,300 - DEBUG - findfont: score(FontEntry(fname='C:\\Users\\Home\\AppData\\Local\\Microsoft\\Windows\\Fonts\\earthorbitersemital.ttf', name='Earth Orbiter Semi-Italic', style='italic', variant='normal', weight=400, stretch='normal', size='scalable')) = 11.05
2025-03-19 20:19:18,300 - DEBUG - findfont: score(FontEntry(fname='C:\\Windows\\Fonts\\Ubuntu-Italic.ttf', name='Ubuntu', style='italic', variant='normal', weight=400, stretch='normal', size='scalable')) = 11.05
2025-03-19 20:19:18,300 - DEBUG - findfont: score(FontEntry(fname='C:\\Users\\Home\\AppData\\Local\\Microsoft\\Windows\\Fonts\\earthorbiterengravedital.ttf', name='Earth Orbiter Engraved Italic', style='italic', variant='normal', weight=400, stretch='normal', size='scalable')) = 11.05
2025-03-19 20:19:18,300 - DEBUG - findfont: score(FontEntry(fname='C:\\Windows\\Fonts\\Lora-BoldItalic.ttf', name='Lora', style='italic', variant='normal', weight=700, stretch='normal', size='scalable')) = 11.335
2025-03-19 20:19:18,300 - DEBUG - findfont: score(FontEntry(fname='C:\\Users\\Home\\AppData\\Local\\Microsoft\\Windows\\Fonts\\Royal Acid.ttf', name='Royal Acid', style='normal', variant='normal', weight=400, stretch='normal', size='scalable')) = 10.05
2025-03-19 20:19:18,300 - DEBUG - findfont: score(FontEntry(fname='C:\\Windows\\Fonts\\consolab.ttf', name='Consolas', style='normal', variant='normal', weight=700, stretch='normal', size='scalable')) = 10.335
2025-03-19 20:19:18,300 - DEBUG - findfont: score(FontEntry(fname='C:\\Windows\\Fonts\\DejaVuSansMono.ttf', name='DejaVu Sans Mono', style='normal', variant='normal', weight=400, stretch='normal', size='scalable')) = 10.05
2025-03-19 20:19:18,300 - DEBUG - findfont: score(FontEntry(fname='C:\\Windows\\Fonts\\OpenSans-ExtraBold.ttf', name='Open Sans', style='normal', variant='normal', weight=800, stretch='normal', size='scalable')) = 10.43
2025-03-19 20:19:18,300 - DEBUG - findfont: score(FontEntry(fname='C:\\Windows\\Fonts\\RobotoMono-Medium.ttf', name='Roboto Mono', style='normal', variant='normal', weight=500, stretch='normal', size='scalable')) = 10.145
2025-03-19 20:19:18,300 - DEBUG - findfont: score(FontEntry(fname='C:\\Windows\\Fonts\\Caladea-BoldItalic.ttf', name='Caladea', style='italic', variant='normal', weight=700, stretch='normal', size='scalable')) = 11.335
2025-03-19 20:19:18,300 - DEBUG - findfont: score(FontEntry(fname='C:\\Windows\\Fonts\\courbi.ttf', name='Courier New', style='italic', variant='normal', weight=700, stretch='normal', size='scalable')) = 11.335
2025-03-19 20:19:18,300 - DEBUG - findfont: score(FontEntry(fname='C:\\Windows\\Fonts\\Roboto-Italic.ttf', name='Roboto', style='italic', variant='normal', weight=400, stretch='normal', size='scalable')) = 11.05
2025-03-19 20:19:18,300 - DEBUG - findfont: score(FontEntry(fname='C:\\Users\\Home\\AppData\\Local\\Microsoft\\Windows\\Fonts\\earthorbitergrad.ttf', name='Earth Orbiter Gradient', style='normal', variant='normal', weight=400, stretch='normal', size='scalable')) = 10.05
2025-03-19 20:19:18,300 - DEBUG - findfont: score(FontEntry(fname='C:\\Users\\Home\\AppData\\Local\\Microsoft\\Windows\\Fonts\\raidercrusaderstraight.ttf', name='Raider Crusader Straight', style='normal', variant='normal', weight=400, stretch='normal', size='scalable')) = 10.05
2025-03-19 20:19:18,300 - DEBUG - findfont: score(FontEntry(fname='C:\\Windows\\Fonts\\DejaVuSerif.ttf', name='DejaVu Serif', style='normal', variant='normal', weight=400, stretch='normal', size='scalable')) = 10.05
2025-03-19 20:19:18,300 - DEBUG - findfont: score(FontEntry(fname='C:\\Windows\\Fonts\\SourceCodePro-ExtraLightItalic.ttf', name='Source Code Pro', style='italic', variant='normal', weight=200, stretch='normal', size='scalable')) = 11.24
2025-03-19 20:19:18,300 - DEBUG - findfont: score(FontEntry(fname='C:\\Windows\\Fonts\\Candarali.ttf', name='Candara', style='italic', variant='normal', weight=400, stretch='normal', size='scalable')) = 11.05
2025-03-19 20:19:18,300 - DEBUG - findfont: score(FontEntry(fname='C:\\Windows\\Fonts\\WorkSans-ExtraBold.ttf', name='Work Sans', style='normal', variant='normal', weight=800, stretch='normal', size='scalable')) = 10.43
2025-03-19 20:19:18,300 - DEBUG - findfont: score(FontEntry(fname='C:\\Windows\\Fonts\\Muli-SemiBold.ttf', name='Muli', style='normal', variant='normal', weight=600, stretch='normal', size='scalable')) = 10.24
2025-03-19 20:19:18,300 - DEBUG - findfont: score(FontEntry(fname='C:\\Windows\\Fonts\\BarlowCondensed-Light.ttf', name='Barlow Condensed', style='normal', variant='normal', weight=300, stretch='condensed', size='scalable')) = 10.344999999999999
2025-03-19 20:19:18,300 - DEBUG - findfont: score(FontEntry(fname='C:\\Windows\\Fonts\\AmaticSC-Bold.ttf', name='Amatic SC', style='normal', variant='normal', weight=700, stretch='normal', size='scalable')) = 10.335
2025-03-19 20:19:18,300 - DEBUG - findfont: score(FontEntry(fname='C:\\Windows\\Fonts\\timesbd.ttf', name='Times New Roman', style='normal', variant='normal', weight=700, stretch='normal', size='scalable')) = 10.335
2025-03-19 20:19:18,300 - DEBUG - findfont: score(FontEntry(fname='C:\\Users\\Home\\AppData\\Local\\Microsoft\\Windows\\Fonts\\americankestral3d1.ttf', name='American Kestrel 3D', style='normal', variant='normal', weight=400, stretch='normal', size='scalable')) = 10.05
2025-03-19 20:19:18,300 - DEBUG - findfont: score(FontEntry(fname='C:\\Windows\\Fonts\\SitkaI.ttc', name='Sitka Small', style='italic', variant='normal', weight=400, stretch='normal', size='scalable')) = 11.05
2025-03-19 20:19:18,300 - DEBUG - findfont: score(FontEntry(fname='C:\\Users\\Home\\AppData\\Local\\Microsoft\\Windows\\Fonts\\raidercrusadergrad.ttf', name='Raider Crusader Gradient', style='normal', variant='normal', weight=400, stretch='normal', size='scalable')) = 10.05
2025-03-19 20:19:18,300 - DEBUG - findfont: score(FontEntry(fname='C:\\Windows\\Fonts\\Raleway-ExtraBold.ttf', name='Raleway', style='normal', variant='normal', weight=800, stretch='normal', size='scalable')) = 10.43
2025-03-19 20:19:18,300 - DEBUG - findfont: score(FontEntry(fname='C:\\Users\\Home\\AppData\\Local\\Microsoft\\Windows\\Fonts\\earthorbiter3d.ttf', name='Earth Orbiter 3D', style='normal', variant='normal', weight=400, stretch='normal', size='scalable')) = 10.05
2025-03-19 20:19:18,300 - DEBUG - findfont: score(FontEntry(fname='C:\\Windows\\Fonts\\Oswald-Regular.ttf', name='Oswald', style='normal', variant='normal', weight=400, stretch='normal', size='scalable')) = 10.05
2025-03-19 20:19:18,300 - DEBUG - findfont: score(FontEntry(fname='C:\\Users\\Home\\AppData\\Local\\Microsoft\\Windows\\Fonts\\Dune_Rise.otf', name='Dune Rise', style='normal', variant='normal', weight=400, stretch='normal', size='scalable')) = 10.05
2025-03-19 20:19:18,300 - DEBUG - findfont: score(FontEntry(fname='C:\\Windows\\Fonts\\cambria.ttc', name='Cambria', style='normal', variant='normal', weight=400, stretch='normal', size='scalable')) = 10.05
2025-03-19 20:19:18,300 - DEBUG - findfont: score(FontEntry(fname='C:\\Windows\\Fonts\\Exo2-Medium.ttf', name='Exo 2', style='normal', variant='normal', weight=500, stretch='normal', size='scalable')) = 10.145
2025-03-19 20:19:18,300 - DEBUG - findfont: score(FontEntry(fname='C:\\Users\\Home\\AppData\\Local\\Microsoft\\Windows\\Fonts\\Alien Resurrection.ttf', name='Alien Resurrection', style='normal', variant='normal', weight=400, stretch='normal', size='scalable')) = 10.05
2025-03-19 20:19:18,300 - DEBUG - findfont: score(FontEntry(fname='C:\\Windows\\Fonts\\DejaVuSansCondensed-Bold.ttf', name='DejaVu Sans', style='normal', variant='normal', weight=700, stretch='condensed', size='scalable')) = 0.5349999999999999
2025-03-19 20:19:18,300 - DEBUG - findfont: score(FontEntry(fname='C:\\Windows\\Fonts\\Muli-Bold.ttf', name='Muli', style='normal', variant='normal', weight=700, stretch='normal', size='scalable')) = 10.335
2025-03-19 20:19:18,300 - DEBUG - findfont: score(FontEntry(fname='C:\\Windows\\Fonts\\Heebo-ExtraBold.ttf', name='Heebo', style='normal', variant='normal', weight=800, stretch='normal', size='scalable')) = 10.43
2025-03-19 20:19:18,300 - DEBUG - findfont: score(FontEntry(fname='C:\\Windows\\Fonts\\RobotoMono-Italic.ttf', name='Roboto Mono', style='italic', variant='normal', weight=400, stretch='normal', size='scalable')) = 11.05
2025-03-19 20:19:18,300 - DEBUG - findfont: score(FontEntry(fname='C:\\Users\\Home\\AppData\\Local\\Microsoft\\Windows\\Fonts\\AIRBORNE GP.ttf', name='AIRBORNE GP', style='normal', variant='normal', weight=400, stretch='normal', size='scalable')) = 10.05
2025-03-19 20:19:18,300 - DEBUG - findfont: score(FontEntry(fname='C:\\Windows\\Fonts\\PlayfairDisplay-ExtraBoldItalic.ttf', name='Playfair Display', style='italic', variant='normal', weight=800, stretch='normal', size='scalable')) = 11.43
2025-03-19 20:19:18,300 - DEBUG - findfont: score(FontEntry(fname='C:\\Windows\\Fonts\\Lato-Thin.ttf', name='Lato', style='normal', variant='normal', weight=250, stretch='normal', size='scalable')) = 10.1925
2025-03-19 20:19:18,300 - DEBUG - findfont: score(FontEntry(fname='C:\\Windows\\Fonts\\Montserrat-MediumItalic.ttf', name='Montserrat', style='italic', variant='normal', weight=500, stretch='normal', size='scalable')) = 11.145
2025-03-19 20:19:18,300 - DEBUG - findfont: score(FontEntry(fname='C:\\Users\\Home\\AppData\\Local\\Microsoft\\Windows\\Fonts\\mametosca 026.otf', name='Mametosca 026', style='normal', variant='normal', weight=400, stretch='normal', size='scalable')) = 10.05
2025-03-19 20:19:18,300 - DEBUG - findfont: score(FontEntry(fname='C:\\Windows\\Fonts\\WorkSans-SemiBold.ttf', name='Work Sans', style='normal', variant='normal', weight=600, stretch='normal', size='scalable')) = 10.24
2025-03-19 20:19:18,300 - DEBUG - findfont: score(FontEntry(fname='C:\\Windows\\Fonts\\space age.ttf', name='Space Age', style='normal', variant='normal', weight=400, stretch='normal', size='scalable')) = 10.05
2025-03-19 20:19:18,300 - DEBUG - findfont: score(FontEntry(fname='C:\\Windows\\Fonts\\Raleway-SemiBold.ttf', name='Raleway', style='normal', variant='normal', weight=600, stretch='normal', size='scalable')) = 10.24
2025-03-19 20:19:18,300 - DEBUG - findfont: score(FontEntry(fname='C:\\Windows\\Fonts\\Catamaran-ExtraLight.ttf', name='Catamaran', style='normal', variant='normal', weight=275, stretch='normal', size='scalable')) = 10.16875
2025-03-19 20:19:18,300 - DEBUG - findfont: score(FontEntry(fname='C:\\Windows\\Fonts\\constanz.ttf', name='Constantia', style='italic', variant='normal', weight=700, stretch='normal', size='scalable')) = 11.335
2025-03-19 20:19:18,300 - DEBUG - findfont: score(FontEntry(fname='C:\\Windows\\Fonts\\Gabriola.ttf', name='Gabriola', style='normal', variant='normal', weight=400, stretch='normal', size='scalable')) = 10.05
2025-03-19 20:19:18,300 - DEBUG - findfont: score(FontEntry(fname='C:\\Windows\\Fonts\\Caladea-Regular.ttf', name='Caladea', style='normal', variant='normal', weight=400, stretch='normal', size='scalable')) = 10.05
2025-03-19 20:19:18,300 - DEBUG - findfont: score(FontEntry(fname='C:\\Windows\\Fonts\\Catamaran-ExtraBold.ttf', name='Catamaran', style='normal', variant='normal', weight=800, stretch='normal', size='scalable')) = 10.43
2025-03-19 20:19:18,300 - DEBUG - findfont: score(FontEntry(fname='C:\\Windows\\Fonts\\RobotoCondensed-LightItalic.ttf', name='Roboto Condensed', style='italic', variant='normal', weight=300, stretch='condensed', size='scalable')) = 11.344999999999999
2025-03-19 20:19:18,300 - DEBUG - findfont: score(FontEntry(fname='C:\\Windows\\Fonts\\Roboto-ThinItalic.ttf', name='Roboto', style='italic', variant='normal', weight=250, stretch='normal', size='scalable')) = 11.1925
2025-03-19 20:19:18,300 - DEBUG - findfont: score(FontEntry(fname='C:\\Windows\\Fonts\\PlayfairDisplay-MediumItalic.ttf', name='Playfair Display', style='italic', variant='normal', weight=500, stretch='normal', size='scalable')) = 11.145
2025-03-19 20:19:18,300 - DEBUG - findfont: score(FontEntry(fname='C:\\Windows\\Fonts\\Cinzel-Bold.ttf', name='Cinzel', style='normal', variant='normal', weight=700, stretch='normal', size='scalable')) = 10.335
2025-03-19 20:19:18,300 - DEBUG - findfont: score(FontEntry(fname='C:\\Windows\\Fonts\\IBMPlexMono-Medium.ttf', name='IBM Plex Mono', style='normal', variant='normal', weight=500, stretch='normal', size='scalable')) = 10.145
2025-03-19 20:19:18,300 - DEBUG - findfont: score(FontEntry(fname='C:\\Windows\\Fonts\\PlayfairDisplay-Regular.ttf', name='Playfair Display', style='normal', variant='normal', weight=400, stretch='normal', size='scalable')) = 10.05
2025-03-19 20:19:18,300 - DEBUG - findfont: score(FontEntry(fname='C:\\Users\\Home\\AppData\\Local\\Microsoft\\Windows\\Fonts\\earthorbiterdeep3d.ttf', name='Earth Orbiter Deep 3D', style='normal', variant='normal', weight=400, stretch='normal', size='scalable')) = 10.05
2025-03-19 20:19:18,300 - DEBUG - findfont: score(FontEntry(fname='C:\\Windows\\Fonts\\NanumGothic-ExtraBold.ttf', name='NanumGothic', style='normal', variant='normal', weight=700, stretch='normal', size='scalable')) = 10.335
2025-03-19 20:19:18,300 - DEBUG - findfont: score(FontEntry(fname='C:\\Windows\\Fonts\\SourceSansPro-BoldItalic.ttf', name='Source Sans Pro', style='italic', variant='normal', weight=700, stretch='normal', size='scalable')) = 11.335
2025-03-19 20:19:18,300 - DEBUG - findfont: score(FontEntry(fname='C:\\Windows\\Fonts\\SourceSansPro-SemiBoldItalic.ttf', name='Source Sans Pro', style='italic', variant='normal', weight=600, stretch='normal', size='scalable')) = 11.24
2025-03-19 20:19:18,300 - DEBUG - findfont: score(FontEntry(fname='C:\\Windows\\Fonts\\Nunito-SemiBoldItalic.ttf', name='Nunito', style='italic', variant='normal', weight=600, stretch='normal', size='scalable')) = 11.24
2025-03-19 20:19:18,300 - DEBUG - findfont: score(FontEntry(fname='C:\\Windows\\Fonts\\BarlowCondensed-Regular.ttf', name='Barlow Condensed', style='normal', variant='normal', weight=400, stretch='condensed', size='scalable')) = 10.25
2025-03-19 20:19:18,300 - DEBUG - findfont: score(FontEntry(fname='C:\\Windows\\Fonts\\B612Mono-Italic.ttf', name='B612 Mono', style='italic', variant='normal', weight=400, stretch='normal', size='scalable')) = 11.05
2025-03-19 20:19:18,300 - DEBUG - findfont: score(FontEntry(fname='C:\\Windows\\Fonts\\NotoSans-Italic.ttf', name='Noto Sans', style='italic', variant='normal', weight=400, stretch='normal', size='scalable')) = 11.05
2025-03-19 20:19:18,300 - DEBUG - findfont: score(FontEntry(fname='C:\\Users\\Home\\AppData\\Local\\Microsoft\\Windows\\Fonts\\Arkitech Medium.ttf', name='Arkitech Medium', style='normal', variant='normal', weight=500, stretch='normal', size='scalable')) = 10.145
2025-03-19 20:19:18,300 - DEBUG - findfont: score(FontEntry(fname='C:\\Windows\\Fonts\\Roboto-LightItalic.ttf', name='Roboto', style='italic', variant='normal', weight=300, stretch='normal', size='scalable')) = 11.145
2025-03-19 20:19:18,300 - DEBUG - findfont: score(FontEntry(fname='C:\\Windows\\Fonts\\Montserrat-Bold.ttf', name='Montserrat', style='normal', variant='normal', weight=700, stretch='normal', size='scalable')) = 10.335
2025-03-19 20:19:18,300 - DEBUG - findfont: score(FontEntry(fname='C:\\Windows\\Fonts\\SourceCodePro-BlackItalic.ttf', name='Source Code Pro', style='italic', variant='normal', weight=900, stretch='normal', size='scalable')) = 11.525
2025-03-19 20:19:18,300 - DEBUG - findfont: score(FontEntry(fname='C:\\Windows\\Fonts\\Raleway-Black.ttf', name='Raleway', style='normal', variant='normal', weight=900, stretch='normal', size='scalable')) = 10.525
2025-03-19 20:19:18,300 - DEBUG - findfont: score(FontEntry(fname='C:\\Windows\\Fonts\\comicbd.ttf', name='Comic Sans MS', style='normal', variant='normal', weight=700, stretch='normal', size='scalable')) = 10.335
2025-03-19 20:19:18,300 - DEBUG - findfont: score(FontEntry(fname='C:\\Windows\\Fonts\\segoeuii.ttf', name='Segoe UI', style='italic', variant='normal', weight=400, stretch='normal', size='scalable')) = 11.05
2025-03-19 20:19:18,300 - DEBUG - findfont: score(FontEntry(fname='C:\\Windows\\Fonts\\DancingScript-SemiBold.ttf', name='Dancing Script', style='normal', variant='normal', weight=600, stretch='normal', size='scalable')) = 10.24
2025-03-19 20:19:18,300 - DEBUG - findfont: score(FontEntry(fname='C:\\Windows\\Fonts\\Muli-ExtraBold.ttf', name='Muli', style='normal', variant='normal', weight=800, stretch='normal', size='scalable')) = 10.43
2025-03-19 20:19:18,300 - DEBUG - findfont: score(FontEntry(fname='C:\\Users\\Home\\AppData\\Local\\Microsoft\\Windows\\Fonts\\Theprestigesignature-ywwaM.otf', name='ThePrestigeSignature', style='normal', variant='normal', weight=400, stretch='normal', size='scalable')) = 10.05
2025-03-19 20:19:18,300 - DEBUG - findfont: score(FontEntry(fname='C:\\Windows\\Fonts\\Cinzel-Regular.ttf', name='Cinzel', style='normal', variant='normal', weight=400, stretch='normal', size='scalable')) = 10.05
2025-03-19 20:19:18,300 - DEBUG - findfont: score(FontEntry(fname='C:\\Windows\\Fonts\\DancingScript-Regular.ttf', name='Dancing Script', style='normal', variant='normal', weight=400, stretch='normal', size='scalable')) = 10.05
2025-03-19 20:19:18,300 - DEBUG - findfont: score(FontEntry(fname='C:\\Windows\\Fonts\\Montserrat-Regular.ttf', name='Montserrat', style='normal', variant='normal', weight=400, stretch='normal', size='scalable')) = 10.05
2025-03-19 20:19:18,300 - DEBUG - findfont: score(FontEntry(fname='C:\\Windows\\Fonts\\segoeuib.ttf', name='Segoe UI', style='normal', variant='normal', weight=700, stretch='normal', size='scalable')) = 10.335
2025-03-19 20:19:18,300 - DEBUG - findfont: score(FontEntry(fname='C:\\Windows\\Fonts\\Merriweather-LightItalic.ttf', name='Merriweather', style='italic', variant='normal', weight=300, stretch='normal', size='scalable')) = 11.145
2025-03-19 20:19:18,300 - DEBUG - findfont: score(FontEntry(fname='C:\\Windows\\Fonts\\micross.ttf', name='Microsoft Sans Serif', style='normal', variant='normal', weight=400, stretch='normal', size='scalable')) = 10.05
2025-03-19 20:19:18,300 - DEBUG - findfont: score(FontEntry(fname='C:\\Windows\\Fonts\\BarlowCondensed-SemiBoldItalic.ttf', name='Barlow Condensed', style='italic', variant='normal', weight=600, stretch='condensed', size='scalable')) = 11.44
2025-03-19 20:19:18,300 - DEBUG - findfont: score(FontEntry(fname='C:\\Windows\\Fonts\\Quicksand-Light.ttf', name='Quicksand', style='normal', variant='normal', weight=300, stretch='normal', size='scalable')) = 10.145
2025-03-19 20:19:18,300 - DEBUG - findfont: score(FontEntry(fname='C:\\Windows\\Fonts\\Oswald-Medium.ttf', name='Oswald', style='normal', variant='normal', weight=500, stretch='normal', size='scalable')) = 10.145
2025-03-19 20:19:18,300 - DEBUG - findfont: score(FontEntry(fname='C:\\Windows\\Fonts\\Lora-Italic.ttf', name='Lora', style='italic', variant='normal', weight=400, stretch='normal', size='scalable')) = 11.05
2025-03-19 20:19:18,300 - DEBUG - findfont: score(FontEntry(fname='C:\\Windows\\Fonts\\Electrolize-Regular.ttf', name='Electrolize', style='normal', variant='normal', weight=400, stretch='normal', size='scalable')) = 10.05
2025-03-19 20:19:18,300 - DEBUG - findfont: score(FontEntry(fname='C:\\Windows\\Fonts\\Exo2-ExtraBold.ttf', name='Exo 2', style='normal', variant='normal', weight=800, stretch='normal', size='scalable')) = 10.43
2025-03-19 20:19:18,300 - DEBUG - findfont: score(FontEntry(fname='C:\\Users\\Home\\AppData\\Local\\Microsoft\\Windows\\Fonts\\americankestralgrad1.ttf', name='American Kestrel Gradient', style='normal', variant='normal', weight=400, stretch='normal', size='scalable')) = 10.05
2025-03-19 20:19:18,300 - DEBUG - findfont: score(FontEntry(fname='C:\\Windows\\Fonts\\LeelaUIb.ttf', name='Leelawadee UI', style='normal', variant='normal', weight=700, stretch='normal', size='scalable')) = 10.335
2025-03-19 20:19:18,300 - DEBUG - findfont: score(FontEntry(fname='C:\\Windows\\Fonts\\lucon.ttf', name='Lucida Console', style='normal', variant='normal', weight=400, stretch='normal', size='scalable')) = 10.05
2025-03-19 20:19:18,300 - DEBUG - findfont: score(FontEntry(fname='C:\\Windows\\Fonts\\Lato-Light.ttf', name='Lato', style='normal', variant='normal', weight=300, stretch='normal', size='scalable')) = 10.145
2025-03-19 20:19:18,300 - DEBUG - findfont: score(FontEntry(fname='C:\\Windows\\Fonts\\corbelli.ttf', name='Corbel', style='italic', variant='normal', weight=300, stretch='normal', size='scalable')) = 11.145
2025-03-19 20:19:18,300 - DEBUG - findfont: score(FontEntry(fname='C:\\Windows\\Fonts\\TitilliumWeb-SemiBold.ttf', name='Titillium Web', style='normal', variant='normal', weight=600, stretch='normal', size='scalable')) = 10.24
2025-03-19 20:19:18,300 - DEBUG - findfont: score(FontEntry(fname='C:\\Windows\\Fonts\\Muli-Regular.ttf', name='Muli', style='normal', variant='normal', weight=400, stretch='normal', size='scalable')) = 10.05
2025-03-19 20:19:18,300 - DEBUG - findfont: score(FontEntry(fname='C:\\Windows\\Fonts\\segoesc.ttf', name='Segoe Script', style='normal', variant='normal', weight=400, stretch='normal', size='scalable')) = 10.05
2025-03-19 20:19:18,300 - DEBUG - findfont: score(FontEntry(fname='C:\\Users\\Home\\AppData\\Local\\Microsoft\\Windows\\Fonts\\earthorbiterhalfital.ttf', name='Earth Orbiter Halftone Italic', style='italic', variant='normal', weight=400, stretch='normal', size='scalable')) = 11.05
2025-03-19 20:19:18,300 - DEBUG - findfont: score(FontEntry(fname='C:\\Windows\\Fonts\\BarlowCondensed-BlackItalic.ttf', name='Barlow Condensed', style='italic', variant='normal', weight=900, stretch='condensed', size='scalable')) = 11.725
2025-03-19 20:19:18,300 - DEBUG - findfont: score(FontEntry(fname='C:\\Windows\\Fonts\\OpenSans-Italic.ttf', name='Open Sans', style='italic', variant='normal', weight=400, stretch='normal', size='scalable')) = 11.05
2025-03-19 20:19:18,300 - DEBUG - findfont: score(FontEntry(fname='C:\\Users\\Home\\AppData\\Local\\Microsoft\\Windows\\Fonts\\raidercrusaderlaser.ttf', name='Raider Crusader Laser', style='normal', variant='normal', weight=400, stretch='normal', size='scalable')) = 10.05
2025-03-19 20:19:18,300 - DEBUG - findfont: score(FontEntry(fname='C:\\Windows\\Fonts\\BowlbyOneSC-Regular.ttf', name='Bowlby One SC', style='normal', variant='normal', weight=400, stretch='normal', size='scalable')) = 10.05
2025-03-19 20:19:18,300 - DEBUG - findfont: score(FontEntry(fname='C:\\Windows\\Fonts\\Inter-Medium.ttf', name='Inter', style='normal', variant='normal', weight=500, stretch='normal', size='scalable')) = 10.145
2025-03-19 20:19:18,300 - DEBUG - findfont: score(FontEntry(fname='C:\\Windows\\Fonts\\Raleway-Light.ttf', name='Raleway', style='normal', variant='normal', weight=300, stretch='normal', size='scalable')) = 10.145
2025-03-19 20:19:18,300 - DEBUG - findfont: score(FontEntry(fname='C:\\Windows\\Fonts\\Roboto-Bold.ttf', name='Roboto', style='normal', variant='normal', weight=700, stretch='normal', size='scalable')) = 10.335
2025-03-19 20:19:18,300 - DEBUG - findfont: score(FontEntry(fname='C:\\Windows\\Fonts\\palab.ttf', name='Palatino Linotype', style='normal', variant='normal', weight=700, stretch='normal', size='scalable')) = 10.335
2025-03-19 20:19:18,300 - DEBUG - findfont: score(FontEntry(fname='C:\\Windows\\Fonts\\Heebo-Black.ttf', name='Heebo', style='normal', variant='normal', weight=900, stretch='normal', size='scalable')) = 10.525
2025-03-19 20:19:18,300 - DEBUG - findfont: score(FontEntry(fname='C:\\Windows\\Fonts\\Ultra-Regular.ttf', name='Ultra', style='normal', variant='normal', weight=400, stretch='normal', size='scalable')) = 10.05
2025-03-19 20:19:18,300 - DEBUG - findfont: score(FontEntry(fname='C:\\Users\\Home\\AppData\\Local\\Microsoft\\Windows\\Fonts\\earthorbiterxtrabold.ttf', name='Earth Orbiter Extra-Bold', style='normal', variant='normal', weight=400, stretch='normal', size='scalable')) = 10.05
2025-03-19 20:19:18,300 - DEBUG - findfont: score(FontEntry(fname='C:\\Windows\\Fonts\\mmrtext.ttf', name='Myanmar Text', style='normal', variant='normal', weight=400, stretch='normal', size='scalable')) = 10.05
2025-03-19 20:19:18,300 - DEBUG - findfont: score(FontEntry(fname='C:\\Users\\Home\\AppData\\Local\\Microsoft\\Windows\\Fonts\\raidercrusadersemistraight.ttf', name='Raider Crusader Semi-Straight', style='normal', variant='normal', weight=400, stretch='normal', size='scalable')) = 10.05
2025-03-19 20:19:18,300 - DEBUG - findfont: score(FontEntry(fname='C:\\Windows\\Fonts\\seguisli.ttf', name='Segoe UI', style='italic', variant='normal', weight=350, stretch='normal', size='scalable')) = 11.0975
2025-03-19 20:19:18,300 - DEBUG - findfont: score(FontEntry(fname='C:\\Users\\Home\\AppData\\Local\\Microsoft\\Windows\\Fonts\\earthorbiteracadital.ttf', name='Earth Orbiter Academy Italic', style='italic', variant='normal', weight=400, stretch='normal', size='scalable')) = 11.05
2025-03-19 20:19:18,300 - DEBUG - findfont: score(FontEntry(fname='C:\\Windows\\Fonts\\Nunito-Light.ttf', name='Nunito', style='normal', variant='normal', weight=300, stretch='normal', size='scalable')) = 10.145
2025-03-19 20:19:18,300 - DEBUG - findfont: score(FontEntry(fname='C:\\Windows\\Fonts\\trebucbi.ttf', name='Trebuchet MS', style='italic', variant='normal', weight=700, stretch='normal', size='scalable')) = 11.335
2025-03-19 20:19:18,300 - DEBUG - findfont: score(FontEntry(fname='C:\\Users\\Home\\AppData\\Local\\Microsoft\\Windows\\Fonts\\PAINT-ALL-TIME.ttf', name='Paint all Time', style='normal', variant='normal', weight=400, stretch='normal', size='scalable')) = 10.05
2025-03-19 20:19:18,300 - DEBUG - findfont: score(FontEntry(fname='C:\\Windows\\Fonts\\Exo2-MediumItalic.ttf', name='Exo 2', style='italic', variant='normal', weight=500, stretch='normal', size='scalable')) = 11.145
2025-03-19 20:19:18,300 - DEBUG - findfont: score(FontEntry(fname='C:\\Users\\Home\\AppData\\Local\\Microsoft\\Windows\\Fonts\\americankestralexpand1.ttf', name='American Kestrel Expanded', style='normal', variant='normal', weight=400, stretch='expanded', size='scalable')) = 10.25
2025-03-19 20:19:18,300 - DEBUG - findfont: score(FontEntry(fname='C:\\Windows\\Fonts\\PlayfairDisplay-ExtraBold.ttf', name='Playfair Display', style='normal', variant='normal', weight=800, stretch='normal', size='scalable')) = 10.43
2025-03-19 20:19:18,300 - DEBUG - findfont: score(FontEntry(fname='C:\\Windows\\Fonts\\NirmalaS.ttf', name='Nirmala UI', style='normal', variant='normal', weight=350, stretch='normal', size='scalable')) = 10.0975
2025-03-19 20:19:18,300 - DEBUG - findfont: score(FontEntry(fname='C:\\Windows\\Fonts\\SourceSansPro-Light.ttf', name='Source Sans Pro', style='normal', variant='normal', weight=300, stretch='normal', size='scalable')) = 10.145
2025-03-19 20:19:18,300 - DEBUG - findfont: score(FontEntry(fname='C:\\Windows\\Fonts\\corbel.ttf', name='Corbel', style='normal', variant='normal', weight=400, stretch='normal', size='scalable')) = 10.05
2025-03-19 20:19:18,300 - DEBUG - findfont: score(FontEntry(fname='C:\\Users\\Home\\AppData\\Local\\Microsoft\\Windows\\Fonts\\earthorbiterleft.ttf', name='Earth Orbiter Leftalic', style='normal', variant='normal', weight=400, stretch='normal', size='scalable')) = 10.05
2025-03-19 20:19:18,300 - DEBUG - findfont: score(FontEntry(fname='C:\\Windows\\Fonts\\KaushanScript-Regular.ttf', name='Kaushan Script', style='normal', variant='normal', weight=400, stretch='normal', size='scalable')) = 10.05
2025-03-19 20:19:18,300 - DEBUG - findfont: score(FontEntry(fname='C:\\Windows\\Fonts\\Catamaran-Black.ttf', name='Catamaran', style='normal', variant='normal', weight=900, stretch='normal', size='scalable')) = 10.525
2025-03-19 20:19:18,300 - DEBUG - findfont: score(FontEntry(fname='C:\\Windows\\Fonts\\trebucit.ttf', name='Trebuchet MS', style='italic', variant='normal', weight=400, stretch='normal', size='scalable')) = 11.05
2025-03-19 20:19:18,300 - DEBUG - findfont: score(FontEntry(fname='C:\\Windows\\Fonts\\sylfaen.ttf', name='Sylfaen', style='normal', variant='normal', weight=400, stretch='normal', size='scalable')) = 10.05
2025-03-19 20:19:18,300 - DEBUG - findfont: score(FontEntry(fname='C:\\Windows\\Fonts\\Exo2-Thin.ttf', name='Exo 2', style='normal', variant='normal', weight=250, stretch='normal', size='scalable')) = 10.1925
2025-03-19 20:19:18,300 - DEBUG - findfont: score(FontEntry(fname='C:\\Windows\\Fonts\\segoeprb.ttf', name='Segoe Print', style='normal', variant='normal', weight=700, stretch='normal', size='scalable')) = 10.335
2025-03-19 20:19:18,300 - DEBUG - findfont: score(FontEntry(fname='C:\\Windows\\Fonts\\BebasNeue-Regular.ttf', name='Bebas Neue', style='normal', variant='normal', weight=400, stretch='normal', size='scalable')) = 10.05
2025-03-19 20:19:18,300 - DEBUG - findfont: score(FontEntry(fname='C:\\Windows\\Fonts\\Oswald-ExtraLight.ttf', name='Oswald', style='normal', variant='normal', weight=250, stretch='normal', size='scalable')) = 10.1925
2025-03-19 20:19:18,300 - DEBUG - findfont: score(FontEntry(fname='C:\\Windows\\Fonts\\LibreBaskerville-Regular.ttf', name='Libre Baskerville', style='normal', variant='normal', weight=400, stretch='normal', size='scalable')) = 10.05
2025-03-19 20:19:18,300 - DEBUG - findfont: score(FontEntry(fname='C:\\Windows\\Fonts\\WorkSans-Bold.ttf', name='Work Sans', style='normal', variant='normal', weight=700, stretch='normal', size='scalable')) = 10.335
2025-03-19 20:19:18,300 - DEBUG - findfont: score(FontEntry(fname='C:\\Windows\\Fonts\\SourceCodePro-ExtraLight.ttf', name='Source Code Pro', style='normal', variant='normal', weight=200, stretch='normal', size='scalable')) = 10.24
2025-03-19 20:19:18,300 - DEBUG - findfont: score(FontEntry(fname='C:\\Windows\\Fonts\\Montserrat-Light.ttf', name='Montserrat', style='normal', variant='normal', weight=300, stretch='normal', size='scalable')) = 10.145
2025-03-19 20:19:18,300 - DEBUG - findfont: score(FontEntry(fname='C:\\Windows\\Fonts\\cambriab.ttf', name='Cambria', style='normal', variant='normal', weight=700, stretch='normal', size='scalable')) = 10.335
2025-03-19 20:19:18,300 - DEBUG - findfont: score(FontEntry(fname='C:\\Windows\\Fonts\\Nunito-BlackItalic.ttf', name='Nunito', style='italic', variant='normal', weight=900, stretch='normal', size='scalable')) = 11.525
2025-03-19 20:19:18,300 - DEBUG - findfont: score(FontEntry(fname='C:\\Windows\\Fonts\\Raleway-BlackItalic.ttf', name='Raleway', style='italic', variant='normal', weight=900, stretch='normal', size='scalable')) = 11.525
2025-03-19 20:19:18,300 - DEBUG - findfont: score(FontEntry(fname='C:\\Windows\\Fonts\\Raleway-ThinItalic.ttf', name='Raleway', style='italic', variant='normal', weight=250, stretch='normal', size='scalable')) = 11.1925
2025-03-19 20:19:18,300 - DEBUG - findfont: score(FontEntry(fname='C:\\Users\\Home\\AppData\\Local\\Microsoft\\Windows\\Fonts\\PaintScratch.ttf', name='PaintScratch', style='normal', variant='normal', weight=400, stretch='normal', size='scalable')) = 10.05
2025-03-19 20:19:18,300 - DEBUG - findfont: score(FontEntry(fname='C:\\Windows\\Fonts\\Caladea-Bold.ttf', name='Caladea', style='normal', variant='normal', weight=700, stretch='normal', size='scalable')) = 10.335
2025-03-19 20:19:18,300 - DEBUG - findfont: score(FontEntry(fname='C:\\Windows\\Fonts\\DejaVuSansCondensed.ttf', name='DejaVu Sans', style='normal', variant='normal', weight=400, stretch='condensed', size='scalable')) = 0.25
2025-03-19 20:19:18,300 - DEBUG - findfont: score(FontEntry(fname='C:\\Windows\\Fonts\\Ubuntu-Regular.ttf', name='Ubuntu', style='normal', variant='normal', weight=400, stretch='normal', size='scalable')) = 10.05
2025-03-19 20:19:18,300 - DEBUG - findfont: score(FontEntry(fname='C:\\Windows\\Fonts\\webdings.ttf', name='Webdings', style='normal', variant='normal', weight=400, stretch='normal', size='scalable')) = 10.05
2025-03-19 20:19:18,300 - DEBUG - findfont: score(FontEntry(fname='C:\\Windows\\Fonts\\OldStandardTT-Italic.ttf', name='Old Standard TT', style='italic', variant='normal', weight=400, stretch='normal', size='scalable')) = 11.05
2025-03-19 20:19:18,300 - DEBUG - findfont: score(FontEntry(fname='C:\\Windows\\Fonts\\Catamaran-Bold.ttf', name='Catamaran', style='normal', variant='normal', weight=700, stretch='normal', size='scalable')) = 10.335
2025-03-19 20:19:18,300 - DEBUG - findfont: score(FontEntry(fname='C:\\Windows\\Fonts\\Nunito-BoldItalic.ttf', name='Nunito', style='italic', variant='normal', weight=700, stretch='normal', size='scalable')) = 11.335
2025-03-19 20:19:18,300 - DEBUG - findfont: score(FontEntry(fname='C:\\Windows\\Fonts\\corbelz.ttf', name='Corbel', style='italic', variant='normal', weight=700, stretch='normal', size='scalable')) = 11.335
2025-03-19 20:19:18,300 - DEBUG - findfont: score(FontEntry(fname='C:\\Windows\\Fonts\\SourceSansPro-Regular.ttf', name='Source Sans Pro', style='normal', variant='normal', weight=400, stretch='normal', size='scalable')) = 10.05
2025-03-19 20:19:18,300 - DEBUG - findfont: score(FontEntry(fname='C:\\Windows\\Fonts\\taile.ttf', name='Microsoft Tai Le', style='normal', variant='normal', weight=400, stretch='normal', size='scalable')) = 10.05
2025-03-19 20:19:18,300 - DEBUG - findfont: score(FontEntry(fname='C:\\Windows\\Fonts\\VTKS DURA 3d.ttf', name='VTKS DURA 3D', style='normal', variant='normal', weight=400, stretch='normal', size='scalable')) = 10.05
2025-03-19 20:19:18,300 - DEBUG - findfont: score(FontEntry(fname='C:\\Windows\\Fonts\\palabi.ttf', name='Palatino Linotype', style='italic', variant='normal', weight=700, stretch='normal', size='scalable')) = 11.335
2025-03-19 20:19:18,300 - DEBUG - findfont: score(FontEntry(fname='C:\\Windows\\Fonts\\Montserrat-Thin.ttf', name='Montserrat', style='normal', variant='normal', weight=250, stretch='normal', size='scalable')) = 10.1925
2025-03-19 20:19:18,300 - DEBUG - findfont: score(FontEntry(fname='C:\\Windows\\Fonts\\times.ttf', name='Times New Roman', style='normal', variant='normal', weight=400, stretch='normal', size='scalable')) = 10.05
2025-03-19 20:19:18,300 - DEBUG - findfont: score(FontEntry(fname='C:\\Windows\\Fonts\\PlayfairDisplay-SemiBoldItalic.ttf', name='Playfair Display', style='italic', variant='normal', weight=600, stretch='normal', size='scalable')) = 11.24
2025-03-19 20:19:18,300 - DEBUG - findfont: score(FontEntry(fname='C:\\Windows\\Fonts\\Merriweather-BlackItalic.ttf', name='Merriweather', style='italic', variant='normal', weight=900, stretch='normal', size='scalable')) = 11.525
2025-03-19 20:19:18,300 - DEBUG - findfont: score(FontEntry(fname='C:\\Windows\\Fonts\\PTSerif-Italic.ttf', name='PT Serif', style='italic', variant='normal', weight=400, stretch='normal', size='scalable')) = 11.05
2025-03-19 20:19:18,300 - DEBUG - findfont: score(FontEntry(fname='C:\\Windows\\Fonts\\simsunb.ttf', name='SimSun-ExtB', style='normal', variant='normal', weight=400, stretch='normal', size='scalable')) = 10.05
2025-03-19 20:19:18,300 - DEBUG - findfont: score(FontEntry(fname='C:\\Users\\Home\\AppData\\Local\\Microsoft\\Windows\\Fonts\\DarlingtonDemo-z8xjG.ttf', name='Darlington Demo', style='normal', variant='normal', weight=400, stretch='normal', size='scalable')) = 10.05
2025-03-19 20:19:18,300 - DEBUG - findfont: score(FontEntry(fname='C:\\Windows\\Fonts\\Raleway-MediumItalic.ttf', name='Raleway', style='italic', variant='normal', weight=500, stretch='normal', size='scalable')) = 11.145
2025-03-19 20:19:18,300 - DEBUG - findfont: score(FontEntry(fname='C:\\Windows\\Fonts\\Ubuntu-LightItalic.ttf', name='Ubuntu', style='italic', variant='normal', weight=300, stretch='normal', size='scalable')) = 11.145
2025-03-19 20:19:18,300 - DEBUG - findfont: score(FontEntry(fname='C:\\Windows\\Fonts\\consolaz.ttf', name='Consolas', style='italic', variant='normal', weight=700, stretch='normal', size='scalable')) = 11.335
2025-03-19 20:19:18,300 - DEBUG - findfont: score(FontEntry(fname='C:\\Windows\\Fonts\\PTSerif-Regular.ttf', name='PT Serif', style='normal', variant='normal', weight=400, stretch='normal', size='scalable')) = 10.05
2025-03-19 20:19:18,300 - DEBUG - findfont: score(FontEntry(fname='C:\\Windows\\Fonts\\OpenSans-Bold.ttf', name='Open Sans', style='normal', variant='normal', weight=700, stretch='normal', size='scalable')) = 10.335
2025-03-19 20:19:18,300 - DEBUG - findfont: score(FontEntry(fname='C:\\Windows\\Fonts\\SourceSansPro-Bold.ttf', name='Source Sans Pro', style='normal', variant='normal', weight=700, stretch='normal', size='scalable')) = 10.335
2025-03-19 20:19:18,300 - DEBUG - findfont: score(FontEntry(fname='C:\\Users\\Home\\AppData\\Local\\Microsoft\\Windows\\Fonts\\earthorbiterital.ttf', name='Earth Orbiter Italic', style='italic', variant='normal', weight=400, stretch='normal', size='scalable')) = 11.05
2025-03-19 20:19:18,300 - DEBUG - findfont: score(FontEntry(fname='C:\\Windows\\Fonts\\YuGothR.ttc', name='Yu Gothic', style='normal', variant='normal', weight=400, stretch='normal', size='scalable')) = 10.05
2025-03-19 20:19:18,300 - DEBUG - findfont: score(FontEntry(fname='C:\\Windows\\Fonts\\IBMPlexMono-BoldItalic.ttf', name='IBM Plex Mono', style='italic', variant='normal', weight=700, stretch='normal', size='scalable')) = 11.335
2025-03-19 20:19:18,300 - DEBUG - findfont: score(FontEntry(fname='C:\\Windows\\Fonts\\Exo2-SemiBold.ttf', name='Exo 2', style='normal', variant='normal', weight=600, stretch='normal', size='scalable')) = 10.24
2025-03-19 20:19:18,300 - DEBUG - findfont: score(FontEntry(fname='C:\\Windows\\Fonts\\Roboto-MediumItalic.ttf', name='Roboto', style='italic', variant='normal', weight=500, stretch='normal', size='scalable')) = 11.145
2025-03-19 20:19:18,300 - DEBUG - findfont: score(FontEntry(fname='C:\\Windows\\Fonts\\ArchivoNarrow-SemiBold.ttf', name='Archivo Narrow', style='normal', variant='normal', weight=600, stretch='condensed', size='scalable')) = 10.44
2025-03-19 20:19:18,300 - DEBUG - findfont: score(FontEntry(fname='C:\\Windows\\Fonts\\Oswald-SemiBold.ttf', name='Oswald', style='normal', variant='normal', weight=600, stretch='normal', size='scalable')) = 10.24
2025-03-19 20:19:18,300 - DEBUG - findfont: score(FontEntry(fname='C:\\Windows\\Fonts\\Ubuntu-Light.ttf', name='Ubuntu', style='normal', variant='normal', weight=300, stretch='normal', size='scalable')) = 10.145
2025-03-19 20:19:18,300 - DEBUG - findfont: score(FontEntry(fname='C:\\Windows\\Fonts\\IBMPlexMono-ExtraLightItalic.ttf', name='IBM Plex Mono', style='italic', variant='normal', weight=200, stretch='normal', size='scalable')) = 11.24
2025-03-19 20:19:18,300 - DEBUG - findfont: score(FontEntry(fname='C:\\Windows\\Fonts\\IBMPlexMono-MediumItalic.ttf', name='IBM Plex Mono', style='italic', variant='normal', weight=500, stretch='normal', size='scalable')) = 11.145
2025-03-19 20:19:18,300 - DEBUG - findfont: score(FontEntry(fname='C:\\Windows\\Fonts\\NotoSans-Bold.ttf', name='Noto Sans', style='normal', variant='normal', weight=700, stretch='normal', size='scalable')) = 10.335
2025-03-19 20:19:18,300 - DEBUG - findfont: score(FontEntry(fname='C:\\Users\\Home\\AppData\\Local\\Microsoft\\Windows\\Fonts\\americankestralcond1.ttf', name='American Kestrel Condensed', style='normal', variant='normal', weight=400, stretch='condensed', size='scalable')) = 10.25
2025-03-19 20:19:18,300 - DEBUG - findfont: score(FontEntry(fname='C:\\Users\\Home\\AppData\\Local\\Microsoft\\Windows\\Fonts\\earthorbiterlaser.ttf', name='Earth Orbiter Laser', style='normal', variant='normal', weight=400, stretch='normal', size='scalable')) = 10.05
2025-03-19 20:19:18,300 - DEBUG - findfont: score(FontEntry(fname='C:\\Windows\\Fonts\\OldStandardTT-Bold.ttf', name='Old Standard TT', style='normal', variant='normal', weight=700, stretch='normal', size='scalable')) = 10.335
2025-03-19 20:19:18,300 - DEBUG - findfont: score(FontEntry(fname='C:\\Windows\\Fonts\\SourceCodePro-Black.ttf', name='Source Code Pro', style='normal', variant='normal', weight=900, stretch='normal', size='scalable')) = 10.525
2025-03-19 20:19:18,300 - DEBUG - findfont: score(FontEntry(fname='C:\\Windows\\Fonts\\Muli-Italic.ttf', name='Muli', style='italic', variant='normal', weight=400, stretch='normal', size='scalable')) = 11.05
2025-03-19 20:19:18,300 - DEBUG - findfont: score(FontEntry(fname='C:\\Windows\\Fonts\\WorkSans-Regular.ttf', name='Work Sans', style='normal', variant='normal', weight=400, stretch='normal', size='scalable')) = 10.05
2025-03-19 20:19:18,300 - DEBUG - findfont: score(FontEntry(fname='C:\\Windows\\Fonts\\NanumGothic-Bold.ttf', name='NanumGothic', style='normal', variant='normal', weight=600, stretch='normal', size='scalable')) = 10.24
2025-03-19 20:19:18,300 - DEBUG - findfont: score(FontEntry(fname='C:\\Windows\\Fonts\\PlayfairDisplay-Italic.ttf', name='Playfair Display', style='italic', variant='normal', weight=400, stretch='normal', size='scalable')) = 11.05
2025-03-19 20:19:18,300 - DEBUG - findfont: score(FontEntry(fname='C:\\Windows\\Fonts\\Muli-BoldItalic.ttf', name='Muli', style='italic', variant='normal', weight=700, stretch='normal', size='scalable')) = 11.335
2025-03-19 20:19:18,300 - DEBUG - findfont: Matching sans\-serif:style=normal:variant=normal:weight=normal:stretch=normal:size=10.0 to DejaVu Sans ('C:\\Users\\Home\\AppData\\Local\\Programs\\Python\\Python310\\lib\\site-packages\\matplotlib\\mpl-data\\fonts\\ttf\\DejaVuSans.ttf') with score of 0.050000.
2025-03-20 01:36:20,978 - ERROR - Error getting file info for C:\WINDOWS\Temp\TS_48D0.tmp: 'TempFileFinder' object has no attribute 'get_file_age'
2025-03-20 01:36:20,979 - ERROR - Error getting file info for C:\WINDOWS\Temp\TS_4900.tmp: 'TempFileFinder' object has no attribute 'get_file_age'
2025-03-20 01:36:20,979 - ERROR - Error getting file info for C:\WINDOWS\Temp\TS_4920.tmp: 'TempFileFinder' object has no attribute 'get_file_age'
2025-03-20 01:36:20,980 - ERROR - Error getting file info for C:\WINDOWS\Temp\TS_49EC.tmp: 'TempFileFinder' object has no attribute 'get_file_age'
2025-03-20 01:36:20,980 - ERROR - Error getting file info for C:\WINDOWS\Temp\TS_4A0D.tmp: 'TempFileFinder' object has no attribute 'get_file_age'
2025-03-20 01:36:20,980 - ERROR - Error getting file info for C:\WINDOWS\Temp\TS_4A1D.tmp: 'TempFileFinder' object has no attribute 'get_file_age'
2025-03-20 01:36:20,980 - ERROR - Error getting file info for C:\WINDOWS\Temp\TS_4A3E.tmp: 'TempFileFinder' object has no attribute 'get_file_age'
2025-03-20 01:36:20,980 - ERROR - Error getting file info for C:\WINDOWS\Temp\TS_90CD.tmp: 'TempFileFinder' object has no attribute 'get_file_age'
2025-03-20 01:36:20,981 - ERROR - Error getting file info for C:\WINDOWS\Temp\TS_90DE.tmp: 'TempFileFinder' object has no attribute 'get_file_age'
2025-03-20 01:36:20,981 - ERROR - Error getting file info for C:\WINDOWS\Temp\TS_910E.tmp: 'TempFileFinder' object has no attribute 'get_file_age'
2025-03-20 01:36:20,981 - ERROR - Error getting file info for C:\WINDOWS\Temp\TS_913D.tmp: 'TempFileFinder' object has no attribute 'get_file_age'
2025-03-20 01:36:20,981 - ERROR - Error getting file info for C:\WINDOWS\Temp\TS_997C.tmp: 'TempFileFinder' object has no attribute 'get_file_age'
2025-03-20 01:36:20,981 - ERROR - Error getting file info for C:\WINDOWS\Temp\TS_99AC.tmp: 'TempFileFinder' object has no attribute 'get_file_age'
2025-03-20 01:36:20,982 - ERROR - Error getting file info for C:\WINDOWS\Temp\AdobeARM.log: 'TempFileFinder' object has no attribute 'get_file_age'
2025-03-20 01:36:20,982 - ERROR - Error getting file info for C:\WINDOWS\Temp\AdobeARM_Helper.log: 'TempFileFinder' object has no attribute 'get_file_age'
2025-03-20 01:36:20,982 - ERROR - Error getting file info for C:\WINDOWS\Temp\adobegc.log: 'TempFileFinder' object has no attribute 'get_file_age'
2025-03-20 01:36:20,983 - ERROR - Error getting file info for C:\WINDOWS\Temp\AdobePDFPrinterInstall.log: 'TempFileFinder' object has no attribute 'get_file_age'
2025-03-20 01:36:20,983 - ERROR - Error getting file info for C:\WINDOWS\Temp\dd_VSIXInstaller_20250313101105_317c.log: 'TempFileFinder' object has no attribute 'get_file_age'
2025-03-20 01:36:20,983 - ERROR - Error getting file info for C:\WINDOWS\Temp\dd_VSIXInstaller_20250314055728_1df0.log: 'TempFileFinder' object has no attribute 'get_file_age'
2025-03-20 01:36:20,983 - ERROR - Error getting file info for C:\WINDOWS\Temp\dd_VSIXInstaller_20250315061535_3104.log: 'TempFileFinder' object has no attribute 'get_file_age'
2025-03-20 01:36:20,983 - ERROR - Error getting file info for C:\WINDOWS\Temp\dd_VSIXInstaller_20250316170902_088c.log: 'TempFileFinder' object has no attribute 'get_file_age'
2025-03-20 01:36:20,983 - ERROR - Error getting file info for C:\WINDOWS\Temp\dd_VSIXInstaller_20250317033506_3340.log: 'TempFileFinder' object has no attribute 'get_file_age'
2025-03-20 01:36:20,983 - ERROR - Error getting file info for C:\WINDOWS\Temp\dd_VSIXInstaller_20250318124242_51f4.log: 'TempFileFinder' object has no attribute 'get_file_age'
2025-03-20 01:36:20,983 - ERROR - Error getting file info for C:\WINDOWS\Temp\dd_VSIXInstaller_20250319101426_3148.log: 'TempFileFinder' object has no attribute 'get_file_age'
2025-03-20 01:36:20,984 - ERROR - Error getting file info for C:\WINDOWS\Temp\MpCmdRun.log: 'TempFileFinder' object has no attribute 'get_file_age'
2025-03-20 01:36:20,984 - ERROR - Error getting file info for C:\WINDOWS\Temp\MpSigStub.log: 'TempFileFinder' object has no attribute 'get_file_age'
2025-03-20 01:36:20,984 - ERROR - Error getting file info for C:\WINDOWS\Temp\MSI4f4b7.LOG: 'TempFileFinder' object has no attribute 'get_file_age'
2025-03-20 01:36:20,984 - ERROR - Error getting file info for C:\WINDOWS\Temp\MSI9c8e0.LOG: 'TempFileFinder' object has no attribute 'get_file_age'
2025-03-20 01:36:20,985 - ERROR - Error getting file info for C:\WINDOWS\Temp\CreativeCloud\ACC\ACC.log: 'TempFileFinder' object has no attribute 'get_file_age'
2025-03-20 01:36:21,110 - ERROR - Error getting file info for C:\Users\Home\AppData\Local\Temp\05219c20-33b3-4af6-a7b7-bc45ad29f50a.tmp: 'TempFileFinder' object has no attribute 'get_file_age'
2025-03-20 01:36:21,110 - ERROR - Error getting file info for C:\Users\Home\AppData\Local\Temp\06d39190-36a2-4155-a1d1-3c5080a7d4a6.tmp: 'TempFileFinder' object has no attribute 'get_file_age'
2025-03-20 01:36:21,110 - ERROR - Error getting file info for C:\Users\Home\AppData\Local\Temp\082e1e5d-0310-41d9-8c44-13b83e4c3f41.tmp: 'TempFileFinder' object has no attribute 'get_file_age'
2025-03-20 01:36:21,110 - ERROR - Error getting file info for C:\Users\Home\AppData\Local\Temp\08cd193e-98ba-4dac-b070-27d52445e515.tmp: 'TempFileFinder' object has no attribute 'get_file_age'
2025-03-20 01:36:21,110 - ERROR - Error getting file info for C:\Users\Home\AppData\Local\Temp\0a6003ea-af40-49ed-a12a-4a5f400df72f.tmp: 'TempFileFinder' object has no attribute 'get_file_age'
2025-03-20 01:36:21,110 - ERROR - Error getting file info for C:\Users\Home\AppData\Local\Temp\0b044399-d64c-4d4f-90d0-ffb55761f200.tmp: 'TempFileFinder' object has no attribute 'get_file_age'
2025-03-20 01:36:21,110 - ERROR - Error getting file info for C:\Users\Home\AppData\Local\Temp\2103abf4-8968-4030-89ac-7699d827cc3f.tmp: 'TempFileFinder' object has no attribute 'get_file_age'
2025-03-20 01:36:21,110 - ERROR - Error getting file info for C:\Users\Home\AppData\Local\Temp\23ac3376-1868-4815-9948-674c4c47d299.tmp: 'TempFileFinder' object has no attribute 'get_file_age'
2025-03-20 01:36:21,110 - ERROR - Error getting file info for C:\Users\Home\AppData\Local\Temp\25d765dd-c3e2-443f-b4fb-e39de67d3161.tmp: 'TempFileFinder' object has no attribute 'get_file_age'
2025-03-20 01:36:21,110 - ERROR - Error getting file info for C:\Users\Home\AppData\Local\Temp\2b597726-25a9-44e8-8333-b4769824e8af.tmp: 'TempFileFinder' object has no attribute 'get_file_age'
2025-03-20 01:36:21,110 - ERROR - Error getting file info for C:\Users\Home\AppData\Local\Temp\2df6a030-70dc-4227-ae2e-d2228ef8d364.tmp: 'TempFileFinder' object has no attribute 'get_file_age'
2025-03-20 01:36:21,110 - ERROR - Error getting file info for C:\Users\Home\AppData\Local\Temp\2f844f42-aea6-4fa4-924c-cc36dcd09699.tmp: 'TempFileFinder' object has no attribute 'get_file_age'
2025-03-20 01:36:21,110 - ERROR - Error getting file info for C:\Users\Home\AppData\Local\Temp\3ae03dc4-d3ba-4b3d-812f-12bc2a410d98.tmp: 'TempFileFinder' object has no attribute 'get_file_age'
2025-03-20 01:36:21,110 - ERROR - Error getting file info for C:\Users\Home\AppData\Local\Temp\3fe3c572-d2db-4e6a-aaff-e2aa3a49e577.tmp: 'TempFileFinder' object has no attribute 'get_file_age'
2025-03-20 01:36:21,110 - ERROR - Error getting file info for C:\Users\Home\AppData\Local\Temp\4651c94c-23fb-4323-a77d-fc4172d12463.tmp: 'TempFileFinder' object has no attribute 'get_file_age'
2025-03-20 01:36:21,110 - ERROR - Error getting file info for C:\Users\Home\AppData\Local\Temp\465285c9-1e8b-45f5-9a91-46d14b946333.tmp: 'TempFileFinder' object has no attribute 'get_file_age'
2025-03-20 01:36:21,110 - ERROR - Error getting file info for C:\Users\Home\AppData\Local\Temp\5bd65fde-01e0-41e5-9b3b-56fa8b188086.tmp: 'TempFileFinder' object has no attribute 'get_file_age'
2025-03-20 01:36:21,110 - ERROR - Error getting file info for C:\Users\Home\AppData\Local\Temp\5f3e07a8-1030-44bf-b061-d34c958c7011.tmp: 'TempFileFinder' object has no attribute 'get_file_age'
2025-03-20 01:36:21,110 - ERROR - Error getting file info for C:\Users\Home\AppData\Local\Temp\616b88b0-8981-45e1-bdfe-19063e73e821.tmp: 'TempFileFinder' object has no attribute 'get_file_age'
2025-03-20 01:36:21,110 - ERROR - Error getting file info for C:\Users\Home\AppData\Local\Temp\62edd8f8-26f0-45ff-a1b8-9f0ea0de5728.tmp: 'TempFileFinder' object has no attribute 'get_file_age'
2025-03-20 01:36:21,110 - ERROR - Error getting file info for C:\Users\Home\AppData\Local\Temp\6760add5-4a42-4cd4-9b2d-eec667a07eb2.tmp: 'TempFileFinder' object has no attribute 'get_file_age'
2025-03-20 01:36:21,110 - ERROR - Error getting file info for C:\Users\Home\AppData\Local\Temp\71fd6bc2-07d3-471f-aeed-66834bd30192.tmp: 'TempFileFinder' object has no attribute 'get_file_age'
2025-03-20 01:36:21,110 - ERROR - Error getting file info for C:\Users\Home\AppData\Local\Temp\757f1df9-02a6-4f0e-bb94-4ce1091b4cb9.tmp: 'TempFileFinder' object has no attribute 'get_file_age'
2025-03-20 01:36:21,110 - ERROR - Error getting file info for C:\Users\Home\AppData\Local\Temp\79703a49-bcf0-44a6-ab0e-c95718128cc3.tmp: 'TempFileFinder' object has no attribute 'get_file_age'
2025-03-20 01:36:21,110 - ERROR - Error getting file info for C:\Users\Home\AppData\Local\Temp\7f36f6e2-5d9e-4230-9a61-3d635320c3f2.tmp: 'TempFileFinder' object has no attribute 'get_file_age'
2025-03-20 01:36:21,110 - ERROR - Error getting file info for C:\Users\Home\AppData\Local\Temp\81e1aea7-f6aa-432b-9bbf-e0679bba9352.tmp: 'TempFileFinder' object has no attribute 'get_file_age'
2025-03-20 01:36:21,110 - ERROR - Error getting file info for C:\Users\Home\AppData\Local\Temp\820baf50-f0bb-4701-92ca-724aa66f6faa.tmp: 'TempFileFinder' object has no attribute 'get_file_age'
2025-03-20 01:36:21,110 - ERROR - Error getting file info for C:\Users\Home\AppData\Local\Temp\873f11bf-6356-45e0-afc7-06ef05a054de.tmp: 'TempFileFinder' object has no attribute 'get_file_age'
2025-03-20 01:36:21,110 - ERROR - Error getting file info for C:\Users\Home\AppData\Local\Temp\93571250-0443-4a8d-9fcd-710da2f1cf27.tmp: 'TempFileFinder' object has no attribute 'get_file_age'
2025-03-20 01:36:21,126 - ERROR - Error getting file info for C:\Users\Home\AppData\Local\Temp\9ec641f4-8789-4aff-8fe1-9b6e004ad76e.tmp: 'TempFileFinder' object has no attribute 'get_file_age'
2025-03-20 01:36:21,126 - ERROR - Error getting file info for C:\Users\Home\AppData\Local\Temp\9f3bb8f6-f236-443a-accb-d60588307a64.tmp: 'TempFileFinder' object has no attribute 'get_file_age'
2025-03-20 01:36:21,126 - ERROR - Error getting file info for C:\Users\Home\AppData\Local\Temp\a26e58d5-b177-43db-a3aa-a33aa005edd9.tmp: 'TempFileFinder' object has no attribute 'get_file_age'
2025-03-20 01:36:21,126 - ERROR - Error getting file info for C:\Users\Home\AppData\Local\Temp\a7437981-c9fc-4582-a80c-0c9c99821fbd.tmp: 'TempFileFinder' object has no attribute 'get_file_age'
2025-03-20 01:36:21,126 - ERROR - Error getting file info for C:\Users\Home\AppData\Local\Temp\ae35f2f8-558c-4ca1-bc34-0f2be0a17d5a.tmp: 'TempFileFinder' object has no attribute 'get_file_age'
2025-03-20 01:36:21,126 - ERROR - Error getting file info for C:\Users\Home\AppData\Local\Temp\afd933d5-277a-462e-b0a1-db05ddd51831.tmp: 'TempFileFinder' object has no attribute 'get_file_age'
2025-03-20 01:36:21,126 - ERROR - Error getting file info for C:\Users\Home\AppData\Local\Temp\b5214eca-5b5e-459a-bc11-ed2f68789bbd.tmp: 'TempFileFinder' object has no attribute 'get_file_age'
2025-03-20 01:36:21,126 - ERROR - Error getting file info for C:\Users\Home\AppData\Local\Temp\bab307a6-d57d-4077-8b8e-9d30d449a9b5.tmp: 'TempFileFinder' object has no attribute 'get_file_age'
2025-03-20 01:36:21,126 - ERROR - Error getting file info for C:\Users\Home\AppData\Local\Temp\c2e41ca6-e7de-4c61-9943-8bfaaeba57df.tmp: 'TempFileFinder' object has no attribute 'get_file_age'
2025-03-20 01:36:21,126 - ERROR - Error getting file info for C:\Users\Home\AppData\Local\Temp\c87715d4-2255-41b3-a689-8ced28f0c300.tmp: 'TempFileFinder' object has no attribute 'get_file_age'
2025-03-20 01:36:21,126 - ERROR - Error getting file info for C:\Users\Home\AppData\Local\Temp\d2796b87-0eb0-4331-9a08-aa5a39a553dd.tmp: 'TempFileFinder' object has no attribute 'get_file_age'
2025-03-20 01:36:21,126 - ERROR - Error getting file info for C:\Users\Home\AppData\Local\Temp\dd196f6d-3957-44de-8c59-6cc63ef76892.tmp: 'TempFileFinder' object has no attribute 'get_file_age'
2025-03-20 01:36:21,126 - ERROR - Error getting file info for C:\Users\Home\AppData\Local\Temp\e6fb4c35-4768-42c9-88b3-de75d8fdc06c.tmp: 'TempFileFinder' object has no attribute 'get_file_age'
2025-03-20 01:36:21,126 - ERROR - Error getting file info for C:\Users\Home\AppData\Local\Temp\ec68888f-fd05-4342-8d82-8fb3e9e71df1.tmp: 'TempFileFinder' object has no attribute 'get_file_age'
2025-03-20 01:36:21,126 - ERROR - Error getting file info for C:\Users\Home\AppData\Local\Temp\ee052ab1-cd8f-40a2-90ef-6ebfbddaad17.tmp: 'TempFileFinder' object has no attribute 'get_file_age'
2025-03-20 01:36:21,126 - ERROR - Error getting file info for C:\Users\Home\AppData\Local\Temp\f4037682-da4d-4528-8460-f5cab61d8c3d.tmp: 'TempFileFinder' object has no attribute 'get_file_age'
2025-03-20 01:36:21,126 - ERROR - Error getting file info for C:\Users\Home\AppData\Local\Temp\f7d86ae9-0f76-4047-8369-0daef767ce15.tmp: 'TempFileFinder' object has no attribute 'get_file_age'
2025-03-20 01:36:21,126 - ERROR - Error getting file info for C:\Users\Home\AppData\Local\Temp\fde8f586-9c10-49e6-bd7b-85809685b7c9.tmp: 'TempFileFinder' object has no attribute 'get_file_age'
2025-03-20 01:36:21,126 - ERROR - Error getting file info for C:\Users\Home\AppData\Local\Temp\AdobeARM.log: 'TempFileFinder' object has no attribute 'get_file_age'
2025-03-20 01:36:21,126 - ERROR - Error getting file info for C:\Users\Home\AppData\Local\Temp\AdobeARM_NotLocked.log: 'TempFileFinder' object has no attribute 'get_file_age'
2025-03-20 01:36:21,126 - ERROR - Error getting file info for C:\Users\Home\AppData\Local\Temp\AdobeARM_UCB.log: 'TempFileFinder' object has no attribute 'get_file_age'
2025-03-20 01:36:21,126 - ERROR - Error getting file info for C:\Users\Home\AppData\Local\Temp\adobegc.log: 'TempFileFinder' object has no attribute 'get_file_age'
2025-03-20 01:36:21,126 - ERROR - Error getting file info for C:\Users\Home\AppData\Local\Temp\APROInstaller.log: 'TempFileFinder' object has no attribute 'get_file_age'
2025-03-20 01:36:21,126 - ERROR - Error getting file info for C:\Users\Home\AppData\Local\Temp\cursor-inno-updater-1742426358.log: 'TempFileFinder' object has no attribute 'get_file_age'
2025-03-20 01:36:21,126 - ERROR - Error getting file info for C:\Users\Home\AppData\Local\Temp\dd_updateconfiguration_20250318181145.log: 'TempFileFinder' object has no attribute 'get_file_age'
2025-03-20 01:36:21,126 - ERROR - Error getting file info for C:\Users\Home\AppData\Local\Temp\oobelib.log: 'TempFileFinder' object has no attribute 'get_file_age'
2025-03-20 01:36:21,126 - ERROR - Error getting file info for C:\Users\Home\AppData\Local\Temp\PDApp.log: 'TempFileFinder' object has no attribute 'get_file_age'
2025-03-20 01:36:21,126 - ERROR - Error getting file info for C:\Users\Home\AppData\Local\Temp\vscode-inno-updater-1742426321.log: 'TempFileFinder' object has no attribute 'get_file_age'
2025-03-20 01:36:21,942 - ERROR - Error getting file info for C:\Users\Home\AppData\Local\Temp\acrobat_sbx\NGL\NGLClient_AcrobatDC124.5.20421.7.log: 'TempFileFinder' object has no attribute 'get_file_age'
2025-03-20 01:36:21,973 - ERROR - Error getting file info for C:\Users\Home\AppData\Local\Temp\Adobe\com.adobe.dunamis\dunamis-2025-03-17_05-06-22.log: 'TempFileFinder' object has no attribute 'get_file_age'
2025-03-20 01:36:21,988 - ERROR - Error getting file info for C:\Users\Home\AppData\Local\Temp\Adobe\com.adobe.dunamis\dunamis-2025-03-17_05-06-27.log: 'TempFileFinder' object has no attribute 'get_file_age'
2025-03-20 01:36:21,988 - ERROR - Error getting file info for C:\Users\Home\AppData\Local\Temp\Adobe\com.adobe.dunamis\dunamis-2025-03-17_05-06-34.log: 'TempFileFinder' object has no attribute 'get_file_age'
2025-03-20 01:36:21,988 - ERROR - Error getting file info for C:\Users\Home\AppData\Local\Temp\Adobe\com.adobe.dunamis\dunamis-2025-03-17_18-38-01.log: 'TempFileFinder' object has no attribute 'get_file_age'
2025-03-20 01:36:21,988 - ERROR - Error getting file info for C:\Users\Home\AppData\Local\Temp\Adobe\com.adobe.dunamis\dunamis-2025-03-18_05-03-53.log: 'TempFileFinder' object has no attribute 'get_file_age'
2025-03-20 01:36:21,988 - ERROR - Error getting file info for C:\Users\Home\AppData\Local\Temp\Adobe\com.adobe.dunamis\dunamis-2025-03-18_16-44-56.log: 'TempFileFinder' object has no attribute 'get_file_age'
2025-03-20 01:36:21,988 - ERROR - Error getting file info for C:\Users\Home\AppData\Local\Temp\Adobe\com.adobe.dunamis\dunamis-2025-03-18_22-13-29.log: 'TempFileFinder' object has no attribute 'get_file_age'
2025-03-20 01:36:21,988 - ERROR - Error getting file info for C:\Users\Home\AppData\Local\Temp\Adobe\com.adobe.dunamis\dunamis-2025-03-18_22-13-33.log: 'TempFileFinder' object has no attribute 'get_file_age'
2025-03-20 01:36:21,988 - ERROR - Error getting file info for C:\Users\Home\AppData\Local\Temp\Adobe\com.adobe.dunamis\dunamis-2025-03-18_22-13-38.log: 'TempFileFinder' object has no attribute 'get_file_age'
2025-03-20 01:36:21,988 - ERROR - Error getting file info for C:\Users\Home\AppData\Local\Temp\Adobe\com.adobe.dunamis\dunamis-2025-03-18_22-13-43.log: 'TempFileFinder' object has no attribute 'get_file_age'
2025-03-20 01:36:21,988 - ERROR - Error getting file info for C:\Users\Home\AppData\Local\Temp\Adobe\com.adobe.dunamis\dunamis-2025-03-19_23-12-08.log: 'TempFileFinder' object has no attribute 'get_file_age'
2025-03-20 01:36:21,988 - ERROR - Error getting file info for C:\Users\Home\AppData\Local\Temp\Adobe\com.adobe.dunamis\dunamis-2025-03-19_23-52-21.log: 'TempFileFinder' object has no attribute 'get_file_age'
2025-03-20 01:36:21,988 - ERROR - Error getting file info for C:\Users\Home\AppData\Local\Temp\Adobe\GrowthSDK\Production\Creative Cloud Desktop_2025-03-18.log: 'TempFileFinder' object has no attribute 'get_file_age'
2025-03-20 01:36:21,988 - ERROR - Error getting file info for C:\Users\Home\AppData\Local\Temp\Adobe\GrowthSDK\Production\Creative Cloud Desktop_2025-03-19.log: 'TempFileFinder' object has no attribute 'get_file_age'
2025-03-20 01:36:22,067 - ERROR - Error getting file info for C:\Users\Home\AppData\Local\Temp\AdobeVulcan\AdobeIPCBroker.log: 'TempFileFinder' object has no attribute 'get_file_age'
2025-03-20 01:36:22,442 - ERROR - Error getting file info for C:\Users\Home\AppData\Local\Temp\CreativeCloud\ACC\ACC 2025-3-18 01-12-28.log: 'TempFileFinder' object has no attribute 'get_file_age'
2025-03-20 01:36:22,442 - ERROR - Error getting file info for C:\Users\Home\AppData\Local\Temp\CreativeCloud\ACC\ACC 2025-3-18 18-13-28.log: 'TempFileFinder' object has no attribute 'get_file_age'
2025-03-20 01:36:22,442 - ERROR - Error getting file info for C:\Users\Home\AppData\Local\Temp\CreativeCloud\ACC\ACC.log: 'TempFileFinder' object has no attribute 'get_file_age'
2025-03-20 01:36:22,442 - ERROR - Error getting file info for C:\Users\Home\AppData\Local\Temp\CreativeCloud\ACC\CEF.log: 'TempFileFinder' object has no attribute 'get_file_age'
2025-03-20 01:36:22,442 - ERROR - Error getting file info for C:\Users\Home\AppData\Local\Temp\CreativeCloud\ACC\AdobeDownload\DLM.log: 'TempFileFinder' object has no attribute 'get_file_age'
2025-03-20 01:36:22,442 - ERROR - Error getting file info for C:\Users\Home\AppData\Local\Temp\CreativeCloud\ACPLocalLogs\Adobe Photoshop 2024\ACPL__2025-03-17_18-38-09.945657Z_00.log: 'TempFileFinder' object has no attribute 'get_file_age'
2025-03-20 01:36:22,457 - ERROR - Error getting file info for C:\Users\Home\AppData\Local\Temp\CreativeCloud\ACPLocalLogs\Adobe Photoshop 2024\ACPL__2025-03-20_00-10-18.008240Z_00.log: 'TempFileFinder' object has no attribute 'get_file_age'
2025-03-20 01:36:22,457 - ERROR - Error getting file info for C:\Users\Home\AppData\Local\Temp\CreativeCloud\ACPLocalLogs\creative_cloud_cloud_docs_v5_3 6.5.0.348\ACPL__2025-03-17_05-07-06.289461Z_00.log: 'TempFileFinder' object has no attribute 'get_file_age'
2025-03-20 01:36:22,457 - ERROR - Error getting file info for C:\Users\Home\AppData\Local\Temp\CreativeCloud\ACPLocalLogs\creative_cloud_cloud_docs_v5_3 6.5.0.348\ACPL__2025-03-18_01-31-48.537008Z_00.log: 'TempFileFinder' object has no attribute 'get_file_age'
2025-03-20 01:36:22,457 - ERROR - Error getting file info for C:\Users\Home\AppData\Local\Temp\CreativeCloud\ACPLocalLogs\creative_cloud_cloud_docs_v5_3 6.5.0.348\ACPL__2025-03-18_05-04-49.409085Z_00.log: 'TempFileFinder' object has no attribute 'get_file_age'
2025-03-20 01:36:22,457 - ERROR - Error getting file info for C:\Users\Home\AppData\Local\Temp\CreativeCloud\ACPLocalLogs\creative_cloud_cloud_docs_v5_3 6.5.0.348\ACPL__2025-03-18_22-14-07.232461Z_00.log: 'TempFileFinder' object has no attribute 'get_file_age'
2025-03-20 01:36:22,457 - ERROR - Error getting file info for C:\Users\Home\AppData\Local\Temp\CreativeCloud\CCX Welcome\CCX Process.log: 'TempFileFinder' object has no attribute 'get_file_age'
2025-03-20 01:36:22,457 - ERROR - Error getting file info for C:\Users\Home\AppData\Local\Temp\CreativeCloud\CoreSync\CoreSync-2025-03-18.log: 'TempFileFinder' object has no attribute 'get_file_age'
2025-03-20 01:36:22,457 - ERROR - Error getting file info for C:\Users\Home\AppData\Local\Temp\CreativeCloud\CoreSync\CoreSync-2025-03-19.log: 'TempFileFinder' object has no attribute 'get_file_age'
2025-03-20 01:36:22,457 - ERROR - Error getting file info for C:\Users\Home\AppData\Local\Temp\CreativeCloud\CoreSync\CoreSync-2025-03-20.log: 'TempFileFinder' object has no attribute 'get_file_age'
2025-03-20 01:36:22,598 - ERROR - Error getting file info for C:\Users\Home\AppData\Local\Temp\edge_BITS_18556_365838291\BITD82E.tmp: 'TempFileFinder' object has no attribute 'get_file_age'
2025-03-20 01:36:22,692 - ERROR - Error getting file info for C:\Users\Home\AppData\Local\Temp\is-BESG2.tmp\_isetup\_setup64.tmp: 'TempFileFinder' object has no attribute 'get_file_age'
2025-03-20 01:36:22,692 - ERROR - Error getting file info for C:\Users\Home\AppData\Local\Temp\is-HRD4I.tmp\CodeSetup-stable-ddc367ed5c8936efe395cffeec279b04ffd7db78.tmp: 'TempFileFinder' object has no attribute 'get_file_age'
2025-03-20 01:36:22,692 - ERROR - Error getting file info for C:\Users\Home\AppData\Local\Temp\is-PQ9OE.tmp\CodeSetup-stable-0.47.7.tmp: 'TempFileFinder' object has no attribute 'get_file_age'
2025-03-20 01:36:22,707 - ERROR - Error getting file info for C:\Users\Home\AppData\Local\Temp\NGL\NGLClient_AcrobatDC124.5.20421.8 2025-03-18 00-31-21-289.log: 'TempFileFinder' object has no attribute 'get_file_age'
2025-03-20 01:36:22,707 - ERROR - Error getting file info for C:\Users\Home\AppData\Local\Temp\NGL\NGLClient_AcrobatDC124.5.20421.8 2025-03-18 18-24-05-193.log: 'TempFileFinder' object has no attribute 'get_file_age'
2025-03-20 01:36:22,707 - ERROR - Error getting file info for C:\Users\Home\AppData\Local\Temp\NGL\NGLClient_AcrobatDC124.5.20421.8.log: 'TempFileFinder' object has no attribute 'get_file_age'
2025-03-20 01:36:22,707 - ERROR - Error getting file info for C:\Users\Home\AppData\Local\Temp\NGL\NGLClient_CCXProcess16.3 2025-03-18 18-13-50-019.log: 'TempFileFinder' object has no attribute 'get_file_age'
2025-03-20 01:36:22,707 - ERROR - Error getting file info for C:\Users\Home\AppData\Local\Temp\NGL\NGLClient_CCXProcess16.3 2025-03-19 10-15-43-031.log: 'TempFileFinder' object has no attribute 'get_file_age'
2025-03-20 01:36:22,707 - ERROR - Error getting file info for C:\Users\Home\AppData\Local\Temp\NGL\NGLClient_CCXProcess16.3 2025-03-19 20-10-24-718.log: 'TempFileFinder' object has no attribute 'get_file_age'
2025-03-20 01:36:22,707 - ERROR - Error getting file info for C:\Users\Home\AppData\Local\Temp\NGL\NGLClient_CCXProcess16.3.log: 'TempFileFinder' object has no attribute 'get_file_age'
2025-03-20 01:36:22,707 - ERROR - Error getting file info for C:\Users\Home\AppData\Local\Temp\NGL\NGLClient_CoreSync17.4.0.31 2025-03-18 18-13-39-655.log: 'TempFileFinder' object has no attribute 'get_file_age'
2025-03-20 01:36:22,707 - ERROR - Error getting file info for C:\Users\Home\AppData\Local\Temp\NGL\NGLClient_CoreSync17.4.0.31 2025-03-18 22-41-26-583.log: 'TempFileFinder' object has no attribute 'get_file_age'
2025-03-20 01:36:22,707 - ERROR - Error getting file info for C:\Users\Home\AppData\Local\Temp\NGL\NGLClient_CoreSync17.4.0.31 2025-03-19 00-14-58-184.log: 'TempFileFinder' object has no attribute 'get_file_age'
2025-03-20 01:36:22,707 - ERROR - Error getting file info for C:\Users\Home\AppData\Local\Temp\NGL\NGLClient_CoreSync17.4.0.31 2025-03-19 11-35-59-853.log: 'TempFileFinder' object has no attribute 'get_file_age'
2025-03-20 01:36:22,707 - ERROR - Error getting file info for C:\Users\Home\AppData\Local\Temp\NGL\NGLClient_CoreSync17.4.0.31 2025-03-19 14-46-18-980.log: 'TempFileFinder' object has no attribute 'get_file_age'
2025-03-20 01:36:22,707 - ERROR - Error getting file info for C:\Users\Home\AppData\Local\Temp\NGL\NGLClient_CoreSync17.4.0.31 2025-03-19 19-40-18-177.log: 'TempFileFinder' object has no attribute 'get_file_age'
2025-03-20 01:36:22,707 - ERROR - Error getting file info for C:\Users\Home\AppData\Local\Temp\NGL\NGLClient_CoreSync17.4.0.31.log: 'TempFileFinder' object has no attribute 'get_file_age'
2025-03-20 01:36:22,707 - ERROR - Error getting file info for C:\Users\Home\AppData\Local\Temp\NGL\NGLClient_CreativeCloud26.5.0.348 2025-03-17 18-04-51-260.log: 'TempFileFinder' object has no attribute 'get_file_age'
2025-03-20 01:36:22,707 - ERROR - Error getting file info for C:\Users\Home\AppData\Local\Temp\NGL\NGLClient_CreativeCloud26.5.0.348 2025-03-18 01-04-15-421.log: 'TempFileFinder' object has no attribute 'get_file_age'
2025-03-20 01:36:22,707 - ERROR - Error getting file info for C:\Users\Home\AppData\Local\Temp\NGL\NGLClient_CreativeCloud26.5.0.348 2025-03-18 18-13-33-823.log: 'TempFileFinder' object has no attribute 'get_file_age'
2025-03-20 01:36:22,707 - ERROR - Error getting file info for C:\Users\Home\AppData\Local\Temp\NGL\NGLClient_CreativeCloud26.5.0.348 2025-03-19 00-09-12-974.log: 'TempFileFinder' object has no attribute 'get_file_age'
2025-03-20 01:36:22,707 - ERROR - Error getting file info for C:\Users\Home\AppData\Local\Temp\NGL\NGLClient_CreativeCloud26.5.0.348 2025-03-19 20-05-12-574.log: 'TempFileFinder' object has no attribute 'get_file_age'
2025-03-20 01:36:22,707 - ERROR - Error getting file info for C:\Users\Home\AppData\Local\Temp\NGL\NGLClient_CreativeCloud26.5.0.348.log: 'TempFileFinder' object has no attribute 'get_file_age'
2025-03-20 01:36:22,707 - ERROR - Error getting file info for C:\Users\Home\AppData\Local\Temp\NGL\NGLClient_default.log: 'TempFileFinder' object has no attribute 'get_file_age'
2025-03-20 01:36:22,707 - ERROR - Error getting file info for C:\Users\Home\AppData\Local\Temp\NGL\NGLClient_Photoshop125.2.0 2025-03-19 19-52-17-554.log: 'TempFileFinder' object has no attribute 'get_file_age'
2025-03-20 01:36:22,707 - ERROR - Error getting file info for C:\Users\Home\AppData\Local\Temp\NGL\NGLClient_Photoshop125.2.0.log: 'TempFileFinder' object has no attribute 'get_file_age'
2025-03-20 01:40:28,539 - ERROR - Error deleting file C:\Users\Home\AppData\Local\Temp\7f36f6e2-5d9e-4230-9a61-3d635320c3f2.tmp: [WinError 32] The process cannot access the file because it is being used by another process: 'C:\\Users\\Home\\AppData\\Local\\Temp\\7f36f6e2-5d9e-4230-9a61-3d635320c3f2.tmp'
2025-03-20 01:40:28,567 - INFO - Successfully deleted: C:\Users\Home\AppData\Local\Temp\CreativeCloud\ACC\ACC 2025-3-18 01-12-28.log
2025-03-20 01:40:28,569 - INFO - Successfully deleted: C:\Users\Home\AppData\Local\Temp\fde8f586-9c10-49e6-bd7b-85809685b7c9.tmp
2025-03-20 01:40:28,569 - ERROR - Error deleting file C:\Users\Home\AppData\Local\Temp\d2796b87-0eb0-4331-9a08-aa5a39a553dd.tmp: [WinError 32] The process cannot access the file because it is being used by another process: 'C:\\Users\\Home\\AppData\\Local\\Temp\\d2796b87-0eb0-4331-9a08-aa5a39a553dd.tmp'
2025-03-20 01:40:28,571 - INFO - Successfully deleted: C:\Users\Home\AppData\Local\Temp\ec68888f-fd05-4342-8d82-8fb3e9e71df1.tmp
2025-03-20 01:40:28,572 - INFO - Successfully deleted: C:\Users\Home\AppData\Local\Temp\ee052ab1-cd8f-40a2-90ef-6ebfbddaad17.tmp
2025-03-20 01:40:28,572 - ERROR - Error deleting file C:\Users\Home\AppData\Local\Temp\3ae03dc4-d3ba-4b3d-812f-12bc2a410d98.tmp: [WinError 32] The process cannot access the file because it is being used by another process: 'C:\\Users\\Home\\AppData\\Local\\Temp\\3ae03dc4-d3ba-4b3d-812f-12bc2a410d98.tmp'
2025-03-20 01:40:28,572 - ERROR - Error deleting file C:\Users\Home\AppData\Local\Temp\CreativeCloud\ACC\ACC.log: [WinError 32] The process cannot access the file because it is being used by another process: 'C:\\Users\\Home\\AppData\\Local\\Temp\\CreativeCloud\\ACC\\ACC.log'
2025-03-20 01:40:28,573 - ERROR - Error deleting file C:\Users\Home\AppData\Local\Temp\f7d86ae9-0f76-4047-8369-0daef767ce15.tmp: [WinError 32] The process cannot access the file because it is being used by another process: 'C:\\Users\\Home\\AppData\\Local\\Temp\\f7d86ae9-0f76-4047-8369-0daef767ce15.tmp'
2025-03-20 01:40:28,574 - INFO - Successfully deleted: C:\Users\Home\AppData\Local\Temp\5f3e07a8-1030-44bf-b061-d34c958c7011.tmp
2025-03-20 01:40:28,576 - INFO - Successfully deleted: C:\Users\Home\AppData\Local\Temp\79703a49-bcf0-44a6-ab0e-c95718128cc3.tmp
2025-03-20 01:40:28,576 - ERROR - Error deleting file C:\Users\Home\AppData\Local\Temp\CreativeCloud\ACC\AdobeDownload\DLM.log: [WinError 32] The process cannot access the file because it is being used by another process: 'C:\\Users\\Home\\AppData\\Local\\Temp\\CreativeCloud\\ACC\\AdobeDownload\\DLM.log'
2025-03-20 01:40:28,578 - INFO - Successfully deleted: C:\Users\Home\AppData\Local\Temp\81e1aea7-f6aa-432b-9bbf-e0679bba9352.tmp
2025-03-20 01:40:28,579 - ERROR - Error deleting file C:\Users\Home\AppData\Local\Temp\6760add5-4a42-4cd4-9b2d-eec667a07eb2.tmp: [WinError 32] The process cannot access the file because it is being used by another process: 'C:\\Users\\Home\\AppData\\Local\\Temp\\6760add5-4a42-4cd4-9b2d-eec667a07eb2.tmp'
2025-03-20 01:40:28,579 - ERROR - Error deleting file C:\Users\Home\AppData\Local\Temp\1acc8daa-02a2-43f6-aba7-803b5035c36b.tmp: [WinError 32] The process cannot access the file because it is being used by another process: 'C:\\Users\\Home\\AppData\\Local\\Temp\\1acc8daa-02a2-43f6-aba7-803b5035c36b.tmp'
2025-03-20 01:40:28,579 - ERROR - Error deleting file C:\Users\Home\AppData\Local\Temp\757f1df9-02a6-4f0e-bb94-4ce1091b4cb9.tmp: [WinError 32] The process cannot access the file because it is being used by another process: 'C:\\Users\\Home\\AppData\\Local\\Temp\\757f1df9-02a6-4f0e-bb94-4ce1091b4cb9.tmp'
2025-03-20 01:40:28,579 - INFO - Successfully deleted: C:\Users\Home\AppData\Local\Temp\873f11bf-6356-45e0-afc7-06ef05a054de.tmp
2025-03-20 01:40:28,579 - INFO - Successfully deleted: C:\Users\Home\AppData\Local\Temp\9f3bb8f6-f236-443a-accb-d60588307a64.tmp
2025-03-20 01:40:28,579 - INFO - Successfully deleted: C:\Users\Home\AppData\Local\Temp\c2e41ca6-e7de-4c61-9943-8bfaaeba57df.tmp
2025-03-20 01:40:28,579 - INFO - Successfully deleted: C:\Users\Home\AppData\Local\Temp\CreativeCloud\ACPLocalLogs\creative_cloud_cloud_docs_v5_3 6.5.0.348\ACPL__2025-03-17_05-07-06.289461Z_00.log
2025-03-20 01:40:28,579 - ERROR - Error deleting file C:\Users\Home\AppData\Local\Temp\616b88b0-8981-45e1-bdfe-19063e73e821.tmp: [WinError 32] The process cannot access the file because it is being used by another process: 'C:\\Users\\Home\\AppData\\Local\\Temp\\616b88b0-8981-45e1-bdfe-19063e73e821.tmp'
2025-03-20 01:40:28,579 - INFO - Successfully deleted: C:\Users\Home\AppData\Local\Temp\2103abf4-8968-4030-89ac-7699d827cc3f.tmp
2025-03-20 01:40:28,595 - ERROR - Error deleting file C:\WINDOWS\Temp\CreativeCloud\ACC\ACC.log: [WinError 32] The process cannot access the file because it is being used by another process: 'C:\\WINDOWS\\Temp\\CreativeCloud\\ACC\\ACC.log'
2025-03-20 01:40:28,595 - ERROR - Error deleting file C:\Users\Home\AppData\Local\Temp\CreativeCloud\ACPLocalLogs\creative_cloud_cloud_docs_v5_3 6.5.0.348\ACPL__2025-03-18_22-14-07.232461Z_00.log: [WinError 32] The process cannot access the file because it is being used by another process: 'C:\\Users\\Home\\AppData\\Local\\Temp\\CreativeCloud\\ACPLocalLogs\\creative_cloud_cloud_docs_v5_3 6.5.0.348\\ACPL__2025-03-18_22-14-07.232461Z_00.log'
2025-03-20 01:40:28,595 - INFO - Successfully deleted: C:\Users\Home\AppData\Local\Temp\afd933d5-277a-462e-b0a1-db05ddd51831.tmp
2025-03-20 01:40:28,595 - INFO - Successfully deleted: C:\Users\Home\AppData\Local\Temp\is-HRD4I.tmp\CodeSetup-stable-ddc367ed5c8936efe395cffeec279b04ffd7db78.tmp
2025-03-20 01:40:28,595 - INFO - Successfully deleted: C:\Users\Home\AppData\Local\Temp\2f844f42-aea6-4fa4-924c-cc36dcd09699.tmp
2025-03-20 01:40:28,595 - INFO - Successfully deleted: C:\Users\Home\AppData\Local\Temp\is-PQ9OE.tmp\CodeSetup-stable-0.47.7.tmp
2025-03-20 01:40:28,616 - INFO - Successfully deleted: C:\Users\Home\AppData\Local\Temp\CreativeCloud\CCX Welcome\CCX Process.log
2025-03-20 01:40:28,617 - INFO - Successfully deleted: C:\Users\Home\AppData\Local\Temp\25d765dd-c3e2-443f-b4fb-e39de67d3161.tmp
2025-03-20 01:40:28,619 - INFO - Successfully deleted: C:\Users\Home\AppData\Local\Temp\cursor-inno-updater-1742426358.log
2025-03-20 01:40:28,620 - INFO - Successfully deleted: C:\Users\Home\AppData\Local\Temp\08cd193e-98ba-4dac-b070-27d52445e515.tmp
2025-03-20 01:40:28,623 - INFO - Successfully deleted: C:\Users\Home\AppData\Local\Temp\CreativeCloud\ACPLocalLogs\creative_cloud_cloud_docs_v5_3 6.5.0.348\ACPL__2025-03-18_01-31-48.537008Z_00.log
2025-03-20 01:40:28,624 - INFO - Successfully deleted: C:\Users\Home\AppData\Local\Temp\bab307a6-d57d-4077-8b8e-9d30d449a9b5.tmp
2025-03-20 01:40:28,625 - INFO - Successfully deleted: C:\Users\Home\AppData\Local\Temp\CreativeCloud\ACPLocalLogs\creative_cloud_cloud_docs_v5_3 6.5.0.348\ACPL__2025-03-18_05-04-49.409085Z_00.log
2025-03-20 01:40:28,627 - INFO - Successfully deleted: C:\Users\Home\AppData\Local\Temp\CreativeCloud\CoreSync\CoreSync-2025-03-19.log
2025-03-20 01:40:28,628 - INFO - Successfully deleted: C:\WINDOWS\Temp\adobegc.log
2025-03-20 01:40:28,628 - INFO - Successfully deleted: C:\Users\Home\AppData\Local\Temp\CreativeCloud\CoreSync\CoreSync-2025-03-18.log
2025-03-20 01:40:28,628 - ERROR - Error deleting file C:\Users\Home\AppData\Local\Temp\AdobeVulcan\AdobeIPCBroker.log: [WinError 32] The process cannot access the file because it is being used by another process: 'C:\\Users\\Home\\AppData\\Local\\Temp\\AdobeVulcan\\AdobeIPCBroker.log'
2025-03-20 01:40:28,628 - INFO - Successfully deleted: C:\Users\Home\AppData\Local\Temp\9ec641f4-8789-4aff-8fe1-9b6e004ad76e.tmp
2025-03-20 01:40:28,628 - INFO - Successfully deleted: C:\Users\Home\AppData\Local\Temp\CreativeCloud\ACC\ACC 2025-3-18 18-13-28.log
2025-03-20 01:40:28,628 - INFO - Successfully deleted: C:\Users\Home\AppData\Local\Temp\71fd6bc2-07d3-471f-aeed-66834bd30192.tmp
2025-03-20 01:40:28,628 - ERROR - Error deleting file C:\Users\Home\AppData\Local\Temp\4651c94c-23fb-4323-a77d-fc4172d12463.tmp: [WinError 32] The process cannot access the file because it is being used by another process: 'C:\\Users\\Home\\AppData\\Local\\Temp\\4651c94c-23fb-4323-a77d-fc4172d12463.tmp'
2025-03-20 01:40:28,628 - INFO - Successfully deleted: C:\Users\Home\AppData\Local\Temp\23ac3376-1868-4815-9948-674c4c47d299.tmp
2025-03-20 01:40:28,628 - INFO - Successfully deleted: C:\Users\Home\AppData\Local\Temp\a7437981-c9fc-4582-a80c-0c9c99821fbd.tmp
2025-03-20 01:40:28,628 - INFO - Successfully deleted: C:\Users\Home\AppData\Local\Temp\Adobe\com.adobe.dunamis\dunamis-2025-03-19_23-52-21.log
2025-03-20 01:40:28,628 - INFO - Successfully deleted: C:\Users\Home\AppData\Local\Temp\0a6003ea-af40-49ed-a12a-4a5f400df72f.tmp
2025-03-20 01:40:28,645 - INFO - Successfully deleted: C:\Users\Home\AppData\Local\Temp\vscode-inno-updater-1742426321.log
2025-03-20 01:40:28,645 - INFO - Successfully deleted: C:\Users\Home\AppData\Local\Temp\Adobe\com.adobe.dunamis\dunamis-2025-03-17_18-38-01.log
2025-03-20 01:40:28,645 - INFO - Successfully deleted: C:\Users\Home\AppData\Local\Temp\Adobe\com.adobe.dunamis\dunamis-2025-03-17_05-06-27.log
2025-03-20 01:40:28,645 - INFO - Successfully deleted: C:\WINDOWS\Temp\TS_4A0D.tmp
2025-03-20 01:40:28,645 - INFO - Successfully deleted: C:\WINDOWS\Temp\TS_99AC.tmp
2025-03-20 01:40:28,645 - INFO - Successfully deleted: C:\WINDOWS\Temp\MSI4f4b7.LOG
2025-03-20 01:40:28,645 - INFO - Successfully deleted: C:\WINDOWS\Temp\MSI9c8e0.LOG
2025-03-20 01:40:28,645 - INFO - Successfully deleted: C:\Users\Home\AppData\Local\Temp\CreativeCloud\ACPLocalLogs\Adobe Photoshop 2024\ACPL__2025-03-17_18-38-09.945657Z_00.log
2025-03-20 01:40:28,645 - INFO - Successfully deleted: C:\Users\Home\AppData\Local\Temp\edge_BITS_18556_365838291\BITD82E.tmp
2025-03-20 01:40:28,645 - INFO - Successfully deleted: C:\Users\Home\AppData\Local\Temp\CreativeCloud\ACPLocalLogs\Adobe Photoshop 2024\ACPL__2025-03-20_00-10-18.008240Z_00.log
2025-03-20 01:40:28,645 - INFO - Successfully deleted: C:\Users\Home\AppData\Local\Temp\Adobe\com.adobe.dunamis\dunamis-2025-03-17_05-06-22.log
2025-03-20 01:40:28,645 - INFO - Successfully deleted: C:\WINDOWS\Temp\TS_48D0.tmp
2025-03-20 01:40:28,661 - INFO - Successfully deleted: C:\WINDOWS\Temp\TS_4920.tmp
2025-03-20 01:40:28,661 - INFO - Successfully deleted: C:\WINDOWS\Temp\TS_49EC.tmp
2025-03-20 01:40:28,661 - INFO - Successfully deleted: C:\WINDOWS\Temp\TS_90DE.tmp
2025-03-20 01:40:28,661 - INFO - Successfully deleted: C:\WINDOWS\Temp\TS_910E.tmp
2025-03-20 01:40:28,661 - INFO - Successfully deleted: C:\WINDOWS\Temp\TS_913D.tmp
2025-03-20 01:40:28,661 - INFO - Successfully deleted: C:\WINDOWS\Temp\TS_997C.tmp
2025-03-20 01:40:28,661 - ERROR - Error deleting file C:\Users\Home\AppData\Local\Temp\CreativeCloud\ACC\CEF.log: [WinError 32] The process cannot access the file because it is being used by another process: 'C:\\Users\\Home\\AppData\\Local\\Temp\\CreativeCloud\\ACC\\CEF.log'
2025-03-20 01:40:28,661 - ERROR - Error deleting file C:\Users\Home\AppData\Local\Temp\Adobe\com.adobe.dunamis\dunamis-2025-03-18_22-13-29.log: [WinError 32] The process cannot access the file because it is being used by another process: 'C:\\Users\\Home\\AppData\\Local\\Temp\\Adobe\\com.adobe.dunamis\\dunamis-2025-03-18_22-13-29.log'
2025-03-20 01:40:28,661 - ERROR - Error deleting file C:\Users\Home\AppData\Local\Temp\Adobe\com.adobe.dunamis\dunamis-2025-03-18_22-13-33.log: [WinError 32] The process cannot access the file because it is being used by another process: 'C:\\Users\\Home\\AppData\\Local\\Temp\\Adobe\\com.adobe.dunamis\\dunamis-2025-03-18_22-13-33.log'
2025-03-20 01:40:28,661 - INFO - Successfully deleted: C:\WINDOWS\Temp\TS_4900.tmp
2025-03-20 01:40:28,661 - INFO - Successfully deleted: C:\WINDOWS\Temp\TS_4A1D.tmp
2025-03-20 01:40:28,661 - INFO - Successfully deleted: C:\WINDOWS\Temp\TS_90CD.tmp
2025-03-20 01:40:28,661 - INFO - Successfully deleted: C:\WINDOWS\Temp\MpCmdRun.log
2025-03-20 01:40:28,678 - INFO - Successfully deleted: C:\WINDOWS\Temp\MpSigStub.log
2025-03-20 01:40:28,680 - INFO - Successfully deleted: C:\Users\Home\AppData\Local\Temp\082e1e5d-0310-41d9-8c44-13b83e4c3f41.tmp
2025-03-20 01:40:28,683 - INFO - Successfully deleted: C:\Users\Home\AppData\Local\Temp\2b597726-25a9-44e8-8333-b4769824e8af.tmp
2025-03-20 01:40:28,684 - INFO - Successfully deleted: C:\WINDOWS\Temp\TS_4A3E.tmp
2025-03-20 01:40:28,684 - ERROR - Error deleting file C:\Users\Home\AppData\Local\Temp\Adobe\com.adobe.dunamis\dunamis-2025-03-18_22-13-38.log: [WinError 32] The process cannot access the file because it is being used by another process: 'C:\\Users\\Home\\AppData\\Local\\Temp\\Adobe\\com.adobe.dunamis\\dunamis-2025-03-18_22-13-38.log'
2025-03-20 01:40:28,684 - INFO - Successfully deleted: C:\Users\Home\AppData\Local\Temp\Adobe\com.adobe.dunamis\dunamis-2025-03-17_05-06-34.log
2025-03-20 01:40:28,684 - INFO - Successfully deleted: C:\Users\Home\AppData\Local\Temp\adobegc.log
2025-03-20 01:40:28,684 - INFO - Successfully deleted: C:\Users\Home\AppData\Local\Temp\NGL\NGLClient_CCXProcess16.3 2025-03-19 10-15-43-031.log
2025-03-20 01:40:28,684 - INFO - Successfully deleted: C:\Users\Home\AppData\Local\Temp\NGL\NGLClient_CreativeCloud26.5.0.348 2025-03-17 18-04-51-260.log
2025-03-20 01:40:28,684 - INFO - Successfully deleted: C:\Users\Home\AppData\Local\Temp\NGL\NGLClient_CoreSync17.4.0.31 2025-03-19 19-40-18-177.log
2025-03-20 01:40:28,684 - INFO - Successfully deleted: C:\Users\Home\AppData\Local\Temp\NGL\NGLClient_CoreSync17.4.0.31 2025-03-19 11-35-59-853.log
2025-03-20 01:40:28,684 - INFO - Successfully deleted: C:\Users\Home\AppData\Local\Temp\NGL\NGLClient_CreativeCloud26.5.0.348 2025-03-19 00-09-12-974.log
2025-03-20 01:40:28,684 - INFO - Successfully deleted: C:\Users\Home\AppData\Local\Temp\NGL\NGLClient_CoreSync17.4.0.31 2025-03-19 00-14-58-184.log
2025-03-20 01:40:28,711 - INFO - Successfully deleted: C:\Users\Home\AppData\Local\Temp\NGL\NGLClient_CreativeCloud26.5.0.348 2025-03-19 20-05-12-574.log
2025-03-20 01:40:28,711 - INFO - Successfully deleted: C:\Users\Home\AppData\Local\Temp\NGL\NGLClient_CoreSync17.4.0.31 2025-03-18 22-41-26-583.log
2025-03-20 01:40:28,711 - INFO - Successfully deleted: C:\Users\Home\AppData\Local\Temp\NGL\NGLClient_CreativeCloud26.5.0.348 2025-03-18 01-04-15-421.log
2025-03-20 01:40:28,711 - INFO - Successfully deleted: C:\Users\Home\AppData\Local\Temp\NGL\NGLClient_CCXProcess16.3 2025-03-19 20-10-24-718.log
2025-03-20 01:40:28,711 - INFO - Successfully deleted: C:\Users\Home\AppData\Local\Temp\NGL\NGLClient_CoreSync17.4.0.31 2025-03-19 14-46-18-980.log
2025-03-20 01:40:28,711 - INFO - Successfully deleted: C:\Users\Home\AppData\Local\Temp\NGL\NGLClient_default.log
2025-03-20 01:40:28,711 - INFO - Successfully deleted: C:\Users\Home\AppData\Local\Temp\NGL\NGLClient_CoreSync17.4.0.31 2025-03-18 18-13-39-655.log
2025-03-20 01:40:28,711 - INFO - Successfully deleted: C:\Users\Home\AppData\Local\Temp\NGL\NGLClient_CCXProcess16.3 2025-03-18 18-13-50-019.log
2025-03-20 01:40:28,711 - INFO - Successfully deleted: C:\Users\Home\AppData\Local\Temp\NGL\NGLClient_Photoshop125.2.0 2025-03-19 19-52-17-554.log
2025-03-20 01:40:28,711 - INFO - Successfully deleted: C:\Users\Home\AppData\Local\Temp\NGL\NGLClient_Photoshop125.2.0.log
2025-03-20 01:40:28,711 - ERROR - Error deleting file C:\Users\Home\AppData\Local\Temp\NGL\NGLClient_CoreSync17.4.0.31.log: [WinError 32] The process cannot access the file because it is being used by another process: 'C:\\Users\\Home\\AppData\\Local\\Temp\\NGL\\NGLClient_CoreSync17.4.0.31.log'
2025-03-20 01:40:28,711 - INFO - Successfully deleted: C:\Users\Home\AppData\Local\Temp\Adobe\GrowthSDK\Production\Creative Cloud Desktop_2025-03-18.log
2025-03-20 01:40:28,711 - INFO - Successfully deleted: C:\Users\Home\AppData\Local\Temp\NGL\NGLClient_AcrobatDC124.5.20421.8 2025-03-18 00-31-21-289.log
2025-03-20 01:40:28,711 - ERROR - Error deleting file C:\Users\Home\AppData\Local\Temp\CreativeCloud\CoreSync\CoreSync-2025-03-20.log: [WinError 32] The process cannot access the file because it is being used by another process: 'C:\\Users\\Home\\AppData\\Local\\Temp\\CreativeCloud\\CoreSync\\CoreSync-2025-03-20.log'
2025-03-20 01:40:28,711 - INFO - Successfully deleted: C:\Users\Home\AppData\Local\Temp\NGL\NGLClient_AcrobatDC124.5.20421.8 2025-03-18 18-24-05-193.log
2025-03-20 01:40:28,728 - INFO - Successfully deleted: C:\Users\Home\AppData\Local\Temp\NGL\NGLClient_CreativeCloud26.5.0.348 2025-03-18 18-13-33-823.log
2025-03-20 01:40:28,728 - ERROR - Error deleting file C:\Users\Home\AppData\Local\Temp\3fe3c572-d2db-4e6a-aaff-e2aa3a49e577.tmp: [WinError 32] The process cannot access the file because it is being used by another process: 'C:\\Users\\Home\\AppData\\Local\\Temp\\3fe3c572-d2db-4e6a-aaff-e2aa3a49e577.tmp'
2025-03-20 01:40:28,728 - INFO - Successfully deleted: C:\Users\Home\AppData\Local\Temp\NGL\NGLClient_AcrobatDC124.5.20421.8.log
2025-03-20 01:40:28,728 - INFO - Successfully deleted: C:\Users\Home\AppData\Local\Temp\PDApp.log
2025-03-20 01:40:28,728 - INFO - Successfully deleted: C:\Users\Home\AppData\Local\Temp\acrobat_sbx\NGL\NGLClient_AcrobatDC124.5.20421.7.log
2025-03-20 01:40:28,728 - INFO - Successfully deleted: C:\Users\Home\AppData\Local\Temp\Adobe\com.adobe.dunamis\dunamis-2025-03-18_22-13-43.log
2025-03-20 01:40:28,728 - INFO - Successfully deleted: C:\Users\Home\AppData\Local\Temp\Adobe\com.adobe.dunamis\dunamis-2025-03-19_23-12-08.log
2025-03-20 01:40:28,728 - INFO - Successfully deleted: C:\Users\Home\AppData\Local\Temp\Adobe\com.adobe.dunamis\dunamis-2025-03-18_16-44-56.log
2025-03-20 01:40:28,728 - INFO - Successfully deleted: C:\Users\Home\AppData\Local\Temp\Adobe\com.adobe.dunamis\dunamis-2025-03-18_05-03-53.log
2025-03-20 01:40:28,728 - ERROR - Error deleting file C:\Users\Home\AppData\Local\Temp\465285c9-1e8b-45f5-9a91-46d14b946333.tmp: [WinError 32] The process cannot access the file because it is being used by another process: 'C:\\Users\\Home\\AppData\\Local\\Temp\\465285c9-1e8b-45f5-9a91-46d14b946333.tmp'
2025-03-20 01:40:28,728 - INFO - Successfully deleted: C:\Users\Home\AppData\Local\Temp\e6fb4c35-4768-42c9-88b3-de75d8fdc06c.tmp
2025-03-20 01:40:28,728 - ERROR - Error deleting file C:\Users\Home\AppData\Local\Temp\5bd65fde-01e0-41e5-9b3b-56fa8b188086.tmp: [WinError 32] The process cannot access the file because it is being used by another process: 'C:\\Users\\Home\\AppData\\Local\\Temp\\5bd65fde-01e0-41e5-9b3b-56fa8b188086.tmp'
2025-03-20 01:40:28,728 - INFO - Successfully deleted: C:\Users\Home\AppData\Local\Temp\c87715d4-2255-41b3-a689-8ced28f0c300.tmp
2025-03-20 01:40:28,728 - INFO - Successfully deleted: C:\Users\Home\AppData\Local\Temp\oobelib.log
2025-03-20 01:40:28,728 - ERROR - Error deleting file C:\Users\Home\AppData\Local\Temp\NGL\NGLClient_CreativeCloud26.5.0.348.log: [WinError 32] The process cannot access the file because it is being used by another process: 'C:\\Users\\Home\\AppData\\Local\\Temp\\NGL\\NGLClient_CreativeCloud26.5.0.348.log'
2025-03-20 01:40:28,744 - ERROR - Error deleting file C:\Users\Home\AppData\Local\Temp\f4037682-da4d-4528-8460-f5cab61d8c3d.tmp: [WinError 32] The process cannot access the file because it is being used by another process: 'C:\\Users\\Home\\AppData\\Local\\Temp\\f4037682-da4d-4528-8460-f5cab61d8c3d.tmp'
2025-03-20 01:40:28,745 - INFO - Successfully deleted: C:\WINDOWS\Temp\AdobePDFPrinterInstall.log
2025-03-20 01:40:28,745 - ERROR - Error deleting file C:\Users\Home\AppData\Local\Temp\NGL\NGLClient_CCXProcess16.3.log: [WinError 32] The process cannot access the file because it is being used by another process: 'C:\\Users\\Home\\AppData\\Local\\Temp\\NGL\\NGLClient_CCXProcess16.3.log'
2025-03-20 01:40:28,745 - INFO - Successfully deleted: C:\Users\Home\AppData\Local\Temp\APROInstaller.log
2025-03-20 01:40:28,745 - INFO - Successfully deleted: C:\Users\Home\AppData\Local\Temp\AdobeARM.log
2025-03-20 01:40:28,745 - INFO - Successfully deleted: C:\WINDOWS\Temp\AdobeARM.log
2025-03-20 01:40:28,745 - ERROR - Error deleting file C:\Users\Home\AppData\Local\Temp\Adobe\GrowthSDK\Production\Creative Cloud Desktop_2025-03-19.log: [WinError 32] The process cannot access the file because it is being used by another process: 'C:\\Users\\Home\\AppData\\Local\\Temp\\Adobe\\GrowthSDK\\Production\\Creative Cloud Desktop_2025-03-19.log'
2025-03-20 01:40:28,745 - INFO - Successfully deleted: C:\Users\Home\AppData\Local\Temp\is-BESG2.tmp\_isetup\_setup64.tmp
2025-03-20 01:40:28,745 - INFO - Successfully deleted: C:\Users\Home\AppData\Local\Temp\62edd8f8-26f0-45ff-a1b8-9f0ea0de5728.tmp
2025-03-20 01:40:28,745 - INFO - Successfully deleted: C:\Users\Home\AppData\Local\Temp\a26e58d5-b177-43db-a3aa-a33aa005edd9.tmp
2025-03-20 01:40:28,745 - INFO - Successfully deleted: C:\WINDOWS\Temp\AdobeARM_Helper.log
2025-03-20 01:40:28,745 - INFO - Successfully deleted: C:\WINDOWS\Temp\dd_VSIXInstaller_20250313101105_317c.log
2025-03-20 01:40:28,745 - INFO - Successfully deleted: C:\WINDOWS\Temp\dd_VSIXInstaller_20250319101426_3148.log
2025-03-20 01:40:28,745 - INFO - Successfully deleted: C:\WINDOWS\Temp\dd_VSIXInstaller_20250314055728_1df0.log
2025-03-20 01:40:28,745 - INFO - Successfully deleted: C:\WINDOWS\Temp\dd_VSIXInstaller_20250316170902_088c.log
2025-03-20 01:40:28,745 - INFO - Successfully deleted: C:\WINDOWS\Temp\dd_VSIXInstaller_20250315061535_3104.log
2025-03-20 01:40:28,745 - INFO - Successfully deleted: C:\WINDOWS\Temp\dd_VSIXInstaller_20250317033506_3340.log
2025-03-20 01:40:28,745 - INFO - Successfully deleted: C:\WINDOWS\Temp\dd_VSIXInstaller_20250318124242_51f4.log
2025-03-20 01:40:28,745 - INFO - Successfully deleted: C:\Users\Home\AppData\Local\Temp\AdobeARM_NotLocked.log
2025-03-20 01:40:28,745 - INFO - Successfully deleted: C:\Users\Home\AppData\Local\Temp\AdobeARM_UCB.log
2025-03-20 01:40:28,760 - INFO - Successfully deleted: C:\Users\Home\AppData\Local\Temp\dd_updateconfiguration_20250318181145.log
2025-03-20 01:40:28,760 - INFO - Successfully deleted: C:\Users\Home\AppData\Local\Temp\06d39190-36a2-4155-a1d1-3c5080a7d4a6.tmp
2025-03-20 01:40:28,762 - ERROR - Error deleting file C:\Users\Home\AppData\Local\Temp\0b044399-d64c-4d4f-90d0-ffb55761f200.tmp: [WinError 32] The process cannot access the file because it is being used by another process: 'C:\\Users\\Home\\AppData\\Local\\Temp\\0b044399-d64c-4d4f-90d0-ffb55761f200.tmp'
2025-03-20 01:40:28,763 - INFO - Successfully deleted: C:\Users\Home\AppData\Local\Temp\2df6a030-70dc-4227-ae2e-d2228ef8d364.tmp
2025-03-20 01:40:28,764 - INFO - Successfully deleted: C:\Users\Home\AppData\Local\Temp\820baf50-f0bb-4701-92ca-724aa66f6faa.tmp
2025-03-20 01:40:28,765 - INFO - Successfully deleted: C:\Users\Home\AppData\Local\Temp\93571250-0443-4a8d-9fcd-710da2f1cf27.tmp
2025-03-20 01:40:28,767 - ERROR - Error deleting file C:\Users\Home\AppData\Local\Temp\ae35f2f8-558c-4ca1-bc34-0f2be0a17d5a.tmp: [WinError 32] The process cannot access the file because it is being used by another process: 'C:\\Users\\Home\\AppData\\Local\\Temp\\ae35f2f8-558c-4ca1-bc34-0f2be0a17d5a.tmp'
2025-03-20 01:40:28,768 - INFO - Successfully deleted: C:\Users\Home\AppData\Local\Temp\b5214eca-5b5e-459a-bc11-ed2f68789bbd.tmp
2025-03-20 01:40:28,769 - WARNING - File not found: C:\Users\Home\AppData\Local\Temp\c089dd02-2a83-4096-ab59-8fa81ca42368.tmp
2025-03-20 01:40:28,770 - INFO - Successfully deleted: C:\Users\Home\AppData\Local\Temp\dd196f6d-3957-44de-8c59-6cc63ef76892.tmp
2025-03-20 01:40:58,775 - ERROR - Error deleting file C:\DumpStack.log.tmp: [WinError 5] Access is denied: 'C:\\DumpStack.log.tmp'
2025-03-20 01:40:58,776 - ERROR - Error deleting file C:\DumpStack.log: [WinError 5] Access is denied: 'C:\\DumpStack.log'
2025-03-20 01:40:58,777 - INFO - Successfully deleted: C:\$Recycle.Bin\S-1-5-21-831376813-2565841931-3025424405-1007\desktop.ini
2025-03-20 01:40:58,780 - INFO - Successfully deleted: C:\$SysReset\AppxLogs\RestoreDownlevelAllUserStore.log
2025-03-20 01:40:58,781 - INFO - Successfully deleted: C:\$SysReset\Logs\setupact.log
2025-03-20 01:40:58,782 - INFO - Successfully deleted: C:\$SysReset\Logs\setuperr.log
2025-03-20 01:40:58,783 - ERROR - Error deleting file C:\$WINDOWS.~BT\NewOS\Program Files\desktop.ini: [WinError 5] Access is denied: 'C:\\$WINDOWS.~BT\\NewOS\\Program Files\\desktop.ini'
2025-03-20 01:40:58,783 - ERROR - Error deleting file C:\$WINDOWS.~BT\NewOS\Program Files (x86)\desktop.ini: [WinError 5] Access is denied: 'C:\\$WINDOWS.~BT\\NewOS\\Program Files (x86)\\desktop.ini'
2025-03-20 01:40:58,783 - ERROR - Error deleting file C:\$WINDOWS.~BT\NewOS\ProgramData\Microsoft\Windows\Start Menu\desktop.ini: [WinError 5] Access is denied: 'C:\\$WINDOWS.~BT\\NewOS\\ProgramData\\Microsoft\\Windows\\Start Menu\\desktop.ini'
2025-03-20 01:40:58,783 - ERROR - Error deleting file C:\$WINDOWS.~BT\NewOS\ProgramData\Microsoft\Windows\Start Menu\Programs\desktop.ini: [WinError 5] Access is denied: 'C:\\$WINDOWS.~BT\\NewOS\\ProgramData\\Microsoft\\Windows\\Start Menu\\Programs\\desktop.ini'
2025-03-20 01:40:58,783 - ERROR - Error deleting file C:\$WINDOWS.~BT\NewOS\ProgramData\Microsoft\Windows\Start Menu\Programs\Accessibility\desktop.ini: [WinError 5] Access is denied: 'C:\\$WINDOWS.~BT\\NewOS\\ProgramData\\Microsoft\\Windows\\Start Menu\\Programs\\Accessibility\\desktop.ini'
2025-03-20 01:40:58,783 - ERROR - Error deleting file C:\$WINDOWS.~BT\NewOS\ProgramData\Microsoft\Windows\Start Menu\Programs\Accessories\desktop.ini: [WinError 5] Access is denied: 'C:\\$WINDOWS.~BT\\NewOS\\ProgramData\\Microsoft\\Windows\\Start Menu\\Programs\\Accessories\\desktop.ini'
2025-03-20 01:40:58,783 - ERROR - Error deleting file C:\$WINDOWS.~BT\NewOS\ProgramData\Microsoft\Windows\Start Menu\Programs\Accessories\System Tools\desktop.ini: [WinError 5] Access is denied: 'C:\\$WINDOWS.~BT\\NewOS\\ProgramData\\Microsoft\\Windows\\Start Menu\\Programs\\Accessories\\System Tools\\desktop.ini'
2025-03-20 01:40:58,783 - ERROR - Error deleting file C:\$WINDOWS.~BT\NewOS\ProgramData\Microsoft\Windows\Start Menu\Programs\Administrative Tools\desktop.ini: [WinError 5] Access is denied: 'C:\\$WINDOWS.~BT\\NewOS\\ProgramData\\Microsoft\\Windows\\Start Menu\\Programs\\Administrative Tools\\desktop.ini'
2025-03-20 01:40:58,783 - ERROR - Error deleting file C:\$WINDOWS.~BT\NewOS\ProgramData\Microsoft\Windows\Start Menu\Programs\Maintenance\desktop.ini: [WinError 5] Access is denied: 'C:\\$WINDOWS.~BT\\NewOS\\ProgramData\\Microsoft\\Windows\\Start Menu\\Programs\\Maintenance\\desktop.ini'
2025-03-20 01:40:58,783 - ERROR - Error deleting file C:\$WINDOWS.~BT\NewOS\ProgramData\Microsoft\Windows\Start Menu\Programs\Startup\desktop.ini: [WinError 5] Access is denied: 'C:\\$WINDOWS.~BT\\NewOS\\ProgramData\\Microsoft\\Windows\\Start Menu\\Programs\\Startup\\desktop.ini'
2025-03-20 01:40:58,783 - ERROR - Error deleting file C:\$WINDOWS.~BT\NewOS\ProgramData\Microsoft\Windows\Start Menu\Programs\System Tools\desktop.ini: [WinError 5] Access is denied: 'C:\\$WINDOWS.~BT\\NewOS\\ProgramData\\Microsoft\\Windows\\Start Menu\\Programs\\System Tools\\desktop.ini'
2025-03-20 01:40:58,783 - ERROR - Error deleting file C:\$WINDOWS.~BT\NewOS\ProgramData\Microsoft\Windows\Start Menu\Programs\Windows PowerShell\desktop.ini: [WinError 5] Access is denied: 'C:\\$WINDOWS.~BT\\NewOS\\ProgramData\\Microsoft\\Windows\\Start Menu\\Programs\\Windows PowerShell\\desktop.ini'
2025-03-20 01:40:58,783 - ERROR - Error deleting file C:\$WINDOWS.~BT\NewOS\Users\desktop.ini: [WinError 5] Access is denied: 'C:\\$WINDOWS.~BT\\NewOS\\Users\\desktop.ini'
2025-03-20 01:40:58,783 - ERROR - Error deleting file C:\$WINDOWS.~BT\NewOS\Users\Default\AppData\Local\Microsoft\Windows\WinX\Group1\desktop.ini: [WinError 5] Access is denied: 'C:\\$WINDOWS.~BT\\NewOS\\Users\\Default\\AppData\\Local\\Microsoft\\Windows\\WinX\\Group1\\desktop.ini'
2025-03-20 01:40:58,783 - ERROR - Error deleting file C:\$WINDOWS.~BT\NewOS\Users\Default\AppData\Local\Microsoft\Windows\WinX\Group2\desktop.ini: [WinError 5] Access is denied: 'C:\\$WINDOWS.~BT\\NewOS\\Users\\Default\\AppData\\Local\\Microsoft\\Windows\\WinX\\Group2\\desktop.ini'
2025-03-20 01:40:58,783 - ERROR - Error deleting file C:\$WINDOWS.~BT\NewOS\Users\Default\AppData\Local\Microsoft\Windows\WinX\Group3\desktop.ini: [WinError 5] Access is denied: 'C:\\$WINDOWS.~BT\\NewOS\\Users\\Default\\AppData\\Local\\Microsoft\\Windows\\WinX\\Group3\\desktop.ini'
2025-03-20 01:40:58,783 - ERROR - Error deleting file C:\$WINDOWS.~BT\NewOS\Users\Default\AppData\Roaming\Microsoft\Internet Explorer\Quick Launch\desktop.ini: [WinError 5] Access is denied: 'C:\\$WINDOWS.~BT\\NewOS\\Users\\Default\\AppData\\Roaming\\Microsoft\\Internet Explorer\\Quick Launch\\desktop.ini'
2025-03-20 01:40:58,783 - ERROR - Error deleting file C:\$WINDOWS.~BT\NewOS\Users\Default\AppData\Roaming\Microsoft\Windows\SendTo\desktop.ini: [WinError 5] Access is denied: 'C:\\$WINDOWS.~BT\\NewOS\\Users\\Default\\AppData\\Roaming\\Microsoft\\Windows\\SendTo\\desktop.ini'
2025-03-20 01:40:58,783 - ERROR - Error deleting file C:\$WINDOWS.~BT\NewOS\Users\Default\AppData\Roaming\Microsoft\Windows\Start Menu\Programs\desktop.ini: [WinError 5] Access is denied: 'C:\\$WINDOWS.~BT\\NewOS\\Users\\Default\\AppData\\Roaming\\Microsoft\\Windows\\Start Menu\\Programs\\desktop.ini'
2025-03-20 01:40:58,783 - ERROR - Error deleting file C:\$WINDOWS.~BT\NewOS\Users\Default\AppData\Roaming\Microsoft\Windows\Start Menu\Programs\Accessibility\desktop.ini: [WinError 5] Access is denied: 'C:\\$WINDOWS.~BT\\NewOS\\Users\\Default\\AppData\\Roaming\\Microsoft\\Windows\\Start Menu\\Programs\\Accessibility\\desktop.ini'
2025-03-20 01:40:58,783 - ERROR - Error deleting file C:\$WINDOWS.~BT\NewOS\Users\Default\AppData\Roaming\Microsoft\Windows\Start Menu\Programs\Accessories\desktop.ini: [WinError 5] Access is denied: 'C:\\$WINDOWS.~BT\\NewOS\\Users\\Default\\AppData\\Roaming\\Microsoft\\Windows\\Start Menu\\Programs\\Accessories\\desktop.ini'
2025-03-20 01:40:58,783 - ERROR - Error deleting file C:\$WINDOWS.~BT\NewOS\Users\Default\AppData\Roaming\Microsoft\Windows\Start Menu\Programs\Maintenance\desktop.ini: [WinError 5] Access is denied: 'C:\\$WINDOWS.~BT\\NewOS\\Users\\Default\\AppData\\Roaming\\Microsoft\\Windows\\Start Menu\\Programs\\Maintenance\\desktop.ini'
2025-03-20 01:40:58,783 - ERROR - Error deleting file C:\$WINDOWS.~BT\NewOS\Users\Default\AppData\Roaming\Microsoft\Windows\Start Menu\Programs\System Tools\desktop.ini: [WinError 5] Access is denied: 'C:\\$WINDOWS.~BT\\NewOS\\Users\\Default\\AppData\\Roaming\\Microsoft\\Windows\\Start Menu\\Programs\\System Tools\\desktop.ini'
2025-03-20 01:40:58,799 - INFO - Successfully deleted: C:\$WINDOWS.~BT\NewOS\Users\Public\desktop.ini
2025-03-20 01:40:58,799 - ERROR - Error deleting file C:\$WINDOWS.~BT\NewOS\Users\Public\Desktop\desktop.ini: [WinError 5] Access is denied: 'C:\\$WINDOWS.~BT\\NewOS\\Users\\Public\\Desktop\\desktop.ini'
2025-03-20 01:40:58,799 - INFO - Successfully deleted: C:\$WINDOWS.~BT\NewOS\Users\Public\Documents\desktop.ini
2025-03-20 01:40:58,799 - INFO - Successfully deleted: C:\$WINDOWS.~BT\NewOS\Users\Public\Downloads\desktop.ini
2025-03-20 01:40:58,799 - INFO - Successfully deleted: C:\$WINDOWS.~BT\NewOS\Users\Public\Libraries\desktop.ini
2025-03-20 01:40:58,799 - INFO - Successfully deleted: C:\$WINDOWS.~BT\NewOS\Users\Public\Music\desktop.ini
2025-03-20 01:40:58,799 - INFO - Successfully deleted: C:\$WINDOWS.~BT\NewOS\Users\Public\Pictures\desktop.ini
2025-03-20 01:40:58,799 - INFO - Successfully deleted: C:\$WINDOWS.~BT\NewOS\Users\Public\Videos\desktop.ini
2025-03-20 01:40:58,799 - ERROR - Error deleting file C:\$WINDOWS.~BT\NewOS\Windows\DtcInstall.log: [WinError 5] Access is denied: 'C:\\$WINDOWS.~BT\\NewOS\\Windows\\DtcInstall.log'
2025-03-20 01:40:58,799 - ERROR - Error deleting file C:\$WINDOWS.~BT\NewOS\Windows\WindowsUpdate.log: [WinError 5] Access is denied: 'C:\\$WINDOWS.~BT\\NewOS\\Windows\\WindowsUpdate.log'
2025-03-20 01:40:58,799 - ERROR - Error deleting file C:\$WINDOWS.~BT\NewOS\Windows\Downloaded Program Files\desktop.ini: [WinError 5] Access is denied: 'C:\\$WINDOWS.~BT\\NewOS\\Windows\\Downloaded Program Files\\desktop.ini'
2025-03-20 01:40:58,799 - ERROR - Error deleting file C:\$WINDOWS.~BT\NewOS\Windows\Fonts\desktop.ini: [WinError 5] Access is denied: 'C:\\$WINDOWS.~BT\\NewOS\\Windows\\Fonts\\desktop.ini'
2025-03-20 01:40:58,799 - ERROR - Error deleting file C:\$WINDOWS.~BT\NewOS\Windows\INF\setupapi.offline.20220507_052432.log: [WinError 5] Access is denied: 'C:\\$WINDOWS.~BT\\NewOS\\Windows\\INF\\setupapi.offline.20220507_052432.log'
2025-03-20 01:40:58,799 - ERROR - Error deleting file C:\$WINDOWS.~BT\NewOS\Windows\INF\setupapi.offline.20231204_125518.log: [WinError 5] Access is denied: 'C:\\$WINDOWS.~BT\\NewOS\\Windows\\INF\\setupapi.offline.20231204_125518.log'
2025-03-20 01:40:58,799 - ERROR - Error deleting file C:\$WINDOWS.~BT\NewOS\Windows\INF\setupapi.offline.log: [WinError 5] Access is denied: 'C:\\$WINDOWS.~BT\\NewOS\\Windows\\INF\\setupapi.offline.log'
2025-03-20 01:40:58,799 - ERROR - Error deleting file C:\$WINDOWS.~BT\NewOS\Windows\INF\setupapi.upgrade.log: [WinError 5] Access is denied: 'C:\\$WINDOWS.~BT\\NewOS\\Windows\\INF\\setupapi.upgrade.log'
2025-03-20 01:40:58,799 - ERROR - Error deleting file C:\$WINDOWS.~BT\NewOS\Windows\Media\desktop.ini: [WinError 5] Access is denied: 'C:\\$WINDOWS.~BT\\NewOS\\Windows\\Media\\desktop.ini'
2025-03-20 01:40:58,814 - ERROR - Error deleting file C:\$WINDOWS.~BT\NewOS\Windows\Microsoft.NET\Framework\v4.0.30319\ngen.log: [WinError 5] Access is denied: 'C:\\$WINDOWS.~BT\\NewOS\\Windows\\Microsoft.NET\\Framework\\v4.0.30319\\ngen.log'
2025-03-20 01:40:58,814 - ERROR - Error deleting file C:\$WINDOWS.~BT\NewOS\Windows\Microsoft.NET\Framework64\v4.0.30319\ngen.log: [WinError 5] Access is denied: 'C:\\$WINDOWS.~BT\\NewOS\\Windows\\Microsoft.NET\\Framework64\\v4.0.30319\\ngen.log'
2025-03-20 01:40:58,814 - ERROR - Error deleting file C:\$WINDOWS.~BT\NewOS\Windows\Offline Web Pages\desktop.ini: [WinError 5] Access is denied: 'C:\\$WINDOWS.~BT\\NewOS\\Windows\\Offline Web Pages\\desktop.ini'
2025-03-22 23:21:31,728 - INFO - TempFileFinder initialized successfully
2025-03-22 23:28:13,801 - INFO - TempFileFinder initialized successfully
2025-03-23 00:24:23,762 - INFO - TempFileFinder initialized successfully
2025-03-23 00:24:23,771 - INFO - Setting up scan tab...
2025-03-23 00:24:24,880 - INFO - Setting up stats tab...
2025-03-23 00:24:24,925 - INFO - Setting up settings tab...
2025-03-23 00:24:24,952 - INFO - Debug event logging setup completed
2025-03-23 00:24:29,430 - INFO - Start scan button clicked
2025-03-23 00:24:29,431 - INFO - Running simple test scan
2025-03-23 00:24:36,922 - INFO - Start scan button clicked
2025-03-23 00:24:36,924 - INFO - Running simple test scan
2025-03-23 00:34:09,596 - INFO - TempFileFinder initialized successfully
2025-03-23 00:34:09,600 - INFO - Setting up scan tab...
2025-03-23 00:34:10,661 - INFO - Setting up stats tab...
2025-03-23 00:34:10,706 - INFO - Setting up settings tab...
2025-03-23 00:34:10,727 - INFO - Debug event logging setup completed
2025-03-23 00:34:12,547 - INFO - Scan location changed to: temp
2025-03-23 00:34:13,027 - INFO - Scan location changed to: temp
2025-03-23 00:34:14,004 - INFO - Start scan button clicked
2025-03-23 00:34:14,005 - INFO - Scan location variable: temp
2025-03-23 00:34:14,007 - INFO - Running simple test scan
2025-03-23 00:34:14,008 - INFO - Current scan location setting: temp
2025-03-23 23:06:18,956 - INFO - TempFileFinder initialized successfully
2025-03-23 23:06:18,966 - INFO - Setting up scan tab...
2025-03-23 23:06:19,007 - INFO - Updated location buttons. Active: temp
2025-03-23 23:06:20,513 - INFO - Setting up stats tab...
2025-03-23 23:06:20,582 - INFO - Setting up settings tab...
2025-03-23 23:06:20,645 - INFO - Debug event logging setup completed
2025-03-23 23:06:23,029 - INFO - Setting scan location to: temp
2025-03-23 23:06:23,030 - INFO - Updated location buttons. Active: temp
2025-03-23 23:06:23,840 - INFO - Start scan button clicked
2025-03-23 23:06:23,842 - INFO - Scan location variable: temp
2025-03-23 23:06:23,842 - INFO - Temp button style: Active.TButton
2025-03-23 23:06:23,843 - INFO - All button style: Inactive.TButton
2025-03-23 23:06:23,844 - INFO - Running simple test scan
2025-03-23 23:06:23,845 - INFO - Current scan location setting: temp
2025-03-23 23:06:30,380 - INFO - Setting scan location to: all
2025-03-23 23:06:30,381 - INFO - Updated location buttons. Active: all
2025-03-23 23:06:31,309 - INFO - Start scan button clicked
2025-03-23 23:06:31,310 - INFO - Scan location variable: all
2025-03-23 23:06:31,311 - INFO - Temp button style: Inactive.TButton
2025-03-23 23:06:31,311 - INFO - All button style: Active.TButton
2025-03-23 23:06:31,313 - INFO - Running simple test scan
2025-03-23 23:06:31,313 - INFO - Current scan location setting: all
2025-03-26 00:53:39,292 - INFO - TempFileFinder initialized successfully
2025-03-26 00:53:39,366 - INFO - Setting up scan tab...
2025-03-26 00:53:40,563 - INFO - Setting up stats tab...
2025-03-26 00:53:40,597 - INFO - Setting up settings tab...
2025-03-26 00:53:40,641 - INFO - Debug event logging setup completed
2025-03-26 00:58:12,003 - INFO - Start scan button clicked
2025-03-26 00:58:12,004 - INFO - Starting scan with location: temp
2025-03-26 00:58:12,004 - INFO - Performing scan with location type: temp
2025-03-26 00:58:12,005 - INFO - Running simple test scan for location: temp
2025-03-26 00:58:15,513 - INFO - Starting scan of temp directories...
2025-03-26 00:58:15,514 - INFO - Updated location buttons. Active: temp
2025-03-26 00:58:15,514 - INFO - Performing scan with location type: temp
2025-03-26 00:58:15,515 - INFO - Running simple test scan for location: temp
2025-03-26 00:58:20,470 - INFO - Starting scan of temp directories...
2025-03-26 00:58:20,472 - INFO - Updated location buttons. Active: temp
2025-03-26 00:58:20,473 - INFO - Performing scan with location type: temp
2025-03-26 00:58:20,474 - INFO - Running simple test scan for location: temp
2025-03-26 00:58:24,564 - INFO - Starting scan of temp directories...
2025-03-26 00:58:24,566 - INFO - Updated location buttons. Active: temp
2025-03-26 00:58:24,566 - INFO - Performing scan with location type: temp
2025-03-26 00:58:24,567 - INFO - Running simple test scan for location: temp
2025-03-26 01:00:08,313 - INFO - TempFileFinder initialized successfully
2025-03-26 01:00:08,318 - INFO - Setting up scan tab...
2025-03-26 01:00:09,365 - INFO - Setting up stats tab...
2025-03-26 01:00:09,415 - INFO - Setting up settings tab...
2025-03-26 01:00:09,436 - INFO - Debug event logging setup completed
2025-03-26 01:00:11,192 - INFO - Starting scan of temp directories...
2025-03-26 01:00:11,193 - INFO - Updated location buttons. Active: temp
2025-03-26 01:00:11,194 - INFO - Performing scan with location type: temp
2025-03-26 01:00:11,222 - ERROR - Error in scan: Layout Pulse. not found
2025-03-26 01:00:13,802 - INFO - Start scan button clicked
2025-03-26 01:00:13,803 - INFO - Starting scan with location: temp
2025-03-26 01:00:13,804 - INFO - Performing scan with location type: temp
2025-03-26 01:00:13,825 - ERROR - Error in scan: Layout Pulse. not found
2025-03-26 01:00:19,553 - INFO - Starting scan of temp directories...
2025-03-26 01:00:19,554 - INFO - Updated location buttons. Active: temp
2025-03-26 01:00:19,555 - INFO - Performing scan with location type: temp
2025-03-26 01:00:19,575 - ERROR - Error in scan: Layout Pulse. not found
2025-03-26 01:55:17,744 - INFO - TempFileFinder initialized successfully
2025-03-26 01:55:17,751 - INFO - Setting up scan tab...
2025-03-26 01:55:19,024 - INFO - Setting up stats tab...
2025-03-26 01:55:19,065 - INFO - Setting up settings tab...
2025-03-26 01:55:20,925 - INFO - Starting scan of temp directories...
2025-03-26 01:55:20,927 - INFO - Updated location buttons. Active: temp
2025-03-26 01:55:20,927 - INFO - Performing scan with location type: temp
2025-03-26 01:55:20,949 - WARNING - Pulse effect failed (non-critical): Layout PulseTButton not found
2025-03-26 01:55:20,949 - INFO - Apply filters button clicked
2025-03-26 01:55:21,015 - INFO - Scanning temp directories: ['C:\\ProgramData\\Temp', 'C:\\WINDOWS\\Temp', 'C:\\Users\\Home\\AppData\\Local\\Temp']
2025-03-26 01:55:27,905 - INFO - Scan completed. Found 222 files.
2025-03-26 01:55:36,301 - ERROR - Permission denied: C:\WINDOWS\Temp\CreativeCloud\ACC\ACC.log
2025-03-26 01:55:36,366 - ERROR - Permission denied: C:\Users\Home\AppData\Local\Temp\04553af8-e499-43da-94c9-405901ba89bf.tmp
2025-03-26 01:55:36,408 - ERROR - Permission denied: C:\Users\Home\AppData\Local\Temp\121755c1-1e22-40dd-9ddc-782f4835af1f.tmp
2025-03-26 01:55:36,417 - ERROR - Permission denied: C:\Users\Home\AppData\Local\Temp\1ef463bf-a856-4414-a708-1df7354309cd.tmp
2025-03-26 01:55:36,456 - ERROR - Permission denied: C:\Users\Home\AppData\Local\Temp\2ec0c3f1-7abd-4a2f-b2df-640b29a3f6dc.tmp
2025-03-26 01:55:36,459 - ERROR - Permission denied: C:\Users\Home\AppData\Local\Temp\3673dee3-4429-420a-8512-f947cbcb8954.tmp
2025-03-26 01:55:36,465 - ERROR - Permission denied: C:\Users\Home\AppData\Local\Temp\3a51ff86-29fc-4fd0-8227-356f4c46ca87.tmp
2025-03-26 01:55:36,470 - ERROR - Permission denied: C:\Users\Home\AppData\Local\Temp\3d1e3a1b-0329-44e1-aa9d-da90374ebdfe.tmp
2025-03-26 01:55:36,564 - ERROR - Permission denied: C:\Users\Home\AppData\Local\Temp\5df28dc9-4fe3-4e67-829f-a7ef054d4a4f.tmp
2025-03-26 01:55:36,567 - ERROR - Permission denied: C:\Users\Home\AppData\Local\Temp\60a57678-158d-4ed9-8330-ec63fb209f99.tmp
2025-03-26 01:55:36,615 - ERROR - Permission denied: C:\Users\Home\AppData\Local\Temp\774646fc-e2ee-4c8c-916b-bcab25be6415.tmp
2025-03-26 01:55:36,744 - ERROR - Permission denied: C:\Users\Home\AppData\Local\Temp\81f9c504-76a2-4763-a7a0-0ef23953277c.tmp
2025-03-26 01:55:36,784 - ERROR - Permission denied: C:\Users\Home\AppData\Local\Temp\93198524-2d2c-431b-9b3c-713bd1d10404.tmp
2025-03-26 01:55:36,825 - ERROR - Permission denied: C:\Users\Home\AppData\Local\Temp\9560a0cf-783a-4fbb-9ed4-2064b7d09099.tmp
2025-03-26 01:55:36,935 - ERROR - Permission denied: C:\Users\Home\AppData\Local\Temp\bd19dd19-9bd5-43f6-909a-080b123e204c.tmp
2025-03-26 01:55:36,951 - ERROR - Permission denied: C:\Users\Home\AppData\Local\Temp\c1a458fb-dc2f-4e5a-aa70-9087085566d1.tmp
2025-03-26 01:55:36,997 - ERROR - Permission denied: C:\Users\Home\AppData\Local\Temp\d18b57eb-e12e-41d7-835c-795f8e230dc7.tmp
2025-03-26 01:55:37,001 - ERROR - Permission denied: C:\Users\Home\AppData\Local\Temp\d656c8b5-33f2-4dcd-aa82-7626a6bb7e6a.tmp
2025-03-26 01:55:37,035 - ERROR - Permission denied: C:\Users\Home\AppData\Local\Temp\df40dc16-9b6a-4645-af34-f0b0306f2670.tmp
2025-03-26 01:55:37,083 - ERROR - Permission denied: C:\Users\Home\AppData\Local\Temp\f10a1d44-4106-4df9-9e2a-51349ce673ae.tmp
2025-03-26 01:55:37,816 - ERROR - Permission denied: C:\Users\Home\AppData\Local\Temp\Adobe\com.adobe.dunamis\dunamis-2025-03-24_03-21-03.log
2025-03-26 01:55:37,816 - ERROR - Permission denied: C:\Users\Home\AppData\Local\Temp\Adobe\com.adobe.dunamis\dunamis-2025-03-24_03-21-11.log
2025-03-26 01:55:38,013 - ERROR - Permission denied: C:\Users\Home\AppData\Local\Temp\Adobe\com.adobe.dunamis\dunamis-2025-03-26_04-54-10.log
2025-03-26 01:55:38,026 - ERROR - Permission denied: C:\Users\Home\AppData\Local\Temp\Adobe\GrowthSDK\Production\Creative Cloud Desktop_2025-03-26.log
2025-03-26 01:55:38,030 - ERROR - Permission denied: C:\Users\Home\AppData\Local\Temp\AdobeVulcan\AdobeIPCBroker.log
2025-03-26 01:55:38,073 - ERROR - Permission denied: C:\Users\Home\AppData\Local\Temp\CreativeCloud\ACC\ACC.log
2025-03-26 01:55:38,077 - ERROR - Permission denied: C:\Users\Home\AppData\Local\Temp\CreativeCloud\ACC\CEF.log
2025-03-26 01:55:38,084 - ERROR - Permission denied: C:\Users\Home\AppData\Local\Temp\CreativeCloud\ACC\AdobeDownload\DLM.log
2025-03-26 01:55:38,221 - ERROR - Permission denied: C:\Users\Home\AppData\Local\Temp\CreativeCloud\ACPLocalLogs\creative_cloud_cloud_docs_v5_3 6.5.0.348\ACPL__2025-03-26_04-54-35.495513Z_00.log
2025-03-26 01:55:38,336 - ERROR - Permission denied: C:\Users\Home\AppData\Local\Temp\CreativeCloud\CoreSync\CoreSync-2025-03-26.log
2025-03-26 01:55:38,570 - ERROR - Permission denied: C:\Users\Home\AppData\Local\Temp\NGL\NGLClient_CCXProcess16.3.log
2025-03-26 01:55:38,766 - ERROR - Permission denied: C:\Users\Home\AppData\Local\Temp\NGL\NGLClient_CoreSync17.4.0.31.log
2025-03-26 01:55:38,944 - ERROR - Permission denied: C:\Users\Home\AppData\Local\Temp\NGL\NGLClient_CreativeCloud26.5.0.348.log
2025-03-26 01:55:40,440 - INFO - Starting scan of all drives...
2025-03-26 01:55:40,441 - INFO - Updated location buttons. Active: all
2025-03-26 01:55:40,442 - INFO - Performing scan with location type: all
2025-03-26 01:55:40,463 - WARNING - Pulse effect failed (non-critical): Layout PulseTButton not found
2025-03-26 01:55:40,463 - INFO - Apply filters button clicked
2025-03-26 05:47:42,080 - INFO - TempFileFinder initialized successfully
2025-03-26 05:47:42,094 - INFO - Setting up scan tab...
2025-03-26 05:47:43,671 - INFO - Setting up stats tab...
2025-03-26 05:47:43,689 - INFO - Setting up settings tab...
2025-03-26 05:47:49,431 - INFO - Starting scan of temp directories...
2025-03-26 05:47:49,433 - INFO - Updated location buttons. Active: temp
2025-03-26 05:47:49,434 - INFO - Performing scan with location type: temp
2025-03-26 05:47:49,467 - WARNING - Pulse effect failed (non-critical): Layout PulseTButton not found
2025-03-26 05:47:49,467 - INFO - Apply filters button clicked
2025-03-26 05:47:49,532 - INFO - Scanning temp directories: ['C:\\Users\\Home\\AppData\\Local\\Temp', 'C:\\WINDOWS\\Temp', 'C:\\ProgramData\\Temp']
2025-03-26 05:47:54,333 - INFO - Scan completed. Found 42 files.
2025-03-26 06:03:52,917 - ERROR - Permission denied: C:\Users\Home\AppData\Local\Temp\04553af8-e499-43da-94c9-405901ba89bf.tmp
2025-03-26 06:03:52,929 - ERROR - Permission denied: C:\Users\Home\AppData\Local\Temp\0631511f-2966-4823-b586-3f0eec168cb8.tmp
2025-03-26 06:03:52,937 - ERROR - Permission denied: C:\Users\Home\AppData\Local\Temp\0bd6db9e-8204-433c-b84c-dba69cdc2bd5.tmp
2025-03-26 06:03:52,945 - ERROR - Permission denied: C:\Users\Home\AppData\Local\Temp\1ef463bf-a856-4414-a708-1df7354309cd.tmp
2025-03-26 06:03:52,953 - ERROR - Permission denied: C:\Users\Home\AppData\Local\Temp\35ee25f5-26aa-4826-92fb-8bc6671b2830.tmp
2025-03-26 06:03:52,957 - ERROR - Permission denied: C:\Users\Home\AppData\Local\Temp\5c1fc5f2-6d34-49cd-b5aa-5e54b1795e1e.tmp
2025-03-26 06:03:52,965 - ERROR - Permission denied: C:\Users\Home\AppData\Local\Temp\636dbd82-af6c-4fc9-8d8f-2a5a3d5f188a.tmp
2025-03-26 06:03:52,973 - ERROR - Permission denied: C:\Users\Home\AppData\Local\Temp\754e70dc-4887-4f8a-b824-4944deb9b40e.tmp
2025-03-26 06:03:52,985 - ERROR - Permission denied: C:\Users\Home\AppData\Local\Temp\774646fc-e2ee-4c8c-916b-bcab25be6415.tmp
2025-03-26 06:03:52,993 - ERROR - Permission denied: C:\Users\Home\AppData\Local\Temp\8328b6e3-2e14-4bf0-a4ab-2595cd3da017.tmp
2025-03-26 06:03:53,001 - ERROR - Permission denied: C:\Users\Home\AppData\Local\Temp\9560a0cf-783a-4fbb-9ed4-2064b7d09099.tmp
2025-03-26 06:03:53,001 - ERROR - Permission denied: C:\Users\Home\AppData\Local\Temp\a9abdff4-40bd-4784-b68a-4476154c282b.tmp
2025-03-26 06:03:53,016 - ERROR - Permission denied: C:\Users\Home\AppData\Local\Temp\b5950a0c-9323-4db0-86bd-33e4f408b1cb.tmp
2025-03-26 06:03:53,024 - ERROR - Permission denied: C:\Users\Home\AppData\Local\Temp\c1a458fb-dc2f-4e5a-aa70-9087085566d1.tmp
2025-03-26 06:03:53,032 - ERROR - Permission denied: C:\Users\Home\AppData\Local\Temp\c3904445-cbda-473d-aa70-88eb0f2eccb9.tmp
2025-03-26 06:03:53,040 - ERROR - Permission denied: C:\Users\Home\AppData\Local\Temp\c774c65c-fee7-4ca8-8041-06a5b4e73425.tmp
2025-03-26 06:03:53,048 - WARNING - File not found: C:\Users\Home\AppData\Local\Temp\cb84e734-0078-44a7-be90-8370ac71198e.tmp
2025-03-26 06:03:53,048 - ERROR - Permission denied: C:\Users\Home\AppData\Local\Temp\cd666787-ed90-425b-bfc1-1a5777b5d8a7.tmp
2025-03-26 06:03:53,060 - ERROR - Permission denied: C:\Users\Home\AppData\Local\Temp\d278cdcb-f790-427c-8d5c-4900aa33dec8.tmp
2025-03-26 06:03:53,060 - ERROR - Permission denied: C:\Users\Home\AppData\Local\Temp\d656c8b5-33f2-4dcd-aa82-7626a6bb7e6a.tmp
2025-03-26 06:03:53,068 - ERROR - Permission denied: C:\Users\Home\AppData\Local\Temp\f10a1d44-4106-4df9-9e2a-51349ce673ae.tmp
2025-03-26 06:03:53,095 - ERROR - Permission denied: C:\Users\Home\AppData\Local\Temp\Adobe\com.adobe.dunamis\dunamis-2025-03-24_03-21-03.log
2025-03-26 06:03:53,103 - ERROR - Permission denied: C:\Users\Home\AppData\Local\Temp\Adobe\com.adobe.dunamis\dunamis-2025-03-24_03-21-11.log
2025-03-26 06:03:53,103 - ERROR - Permission denied: C:\Users\Home\AppData\Local\Temp\Adobe\com.adobe.dunamis\dunamis-2025-03-26_04-54-10.log
2025-03-26 06:03:53,111 - ERROR - Permission denied: C:\Users\Home\AppData\Local\Temp\Adobe\GrowthSDK\Production\Creative Cloud Desktop_2025-03-26.log
2025-03-26 06:03:53,111 - ERROR - Permission denied: C:\Users\Home\AppData\Local\Temp\AdobeVulcan\AdobeIPCBroker.log
2025-03-26 06:03:53,119 - ERROR - Permission denied: C:\Users\Home\AppData\Local\Temp\CreativeCloud\ACC\ACC.log
2025-03-26 06:03:53,127 - ERROR - Permission denied: C:\Users\Home\AppData\Local\Temp\CreativeCloud\ACC\CEF.log
2025-03-26 06:03:53,127 - ERROR - Permission denied: C:\Users\Home\AppData\Local\Temp\CreativeCloud\ACC\AdobeDownload\DLM.log
2025-03-26 06:03:53,135 - ERROR - Permission denied: C:\Users\Home\AppData\Local\Temp\CreativeCloud\ACPLocalLogs\creative_cloud_cloud_docs_v5_3 6.5.0.348\ACPL__2025-03-26_04-54-35.495513Z_00.log
2025-03-26 06:03:53,159 - ERROR - Permission denied: C:\Users\Home\AppData\Local\Temp\CreativeCloud\CoreSync\CoreSync-2025-03-26.log
2025-03-26 06:03:53,183 - ERROR - Permission denied: C:\Users\Home\AppData\Local\Temp\NGL\NGLClient_CCXProcess16.3.log
2025-03-26 06:03:53,206 - ERROR - Permission denied: C:\Users\Home\AppData\Local\Temp\NGL\NGLClient_CoreSync17.4.0.31.log
2025-03-26 06:03:53,211 - ERROR - Permission denied: C:\Users\Home\AppData\Local\Temp\NGL\NGLClient_CreativeCloud26.5.0.348.log
2025-03-26 06:03:53,267 - ERROR - Permission denied: C:\WINDOWS\Temp\CreativeCloud\ACC\ACC.log
2025-04-16 00:29:13,039 - INFO - TempFileFinder initialized successfully
2025-04-16 00:29:13,045 - INFO - Setting up scan tab...
2025-04-16 00:29:14,432 - INFO - Setting up stats tab...
2025-04-16 00:29:14,497 - INFO - Setting up settings tab...
2025-04-16 00:29:18,465 - INFO - Starting scan of temp directories...
2025-04-16 00:29:18,466 - INFO - Updated location buttons. Active: temp
2025-04-16 00:29:18,466 - INFO - Performing scan with location type: temp
2025-04-16 00:29:18,490 - WARNING - Pulse effect failed (non-critical): Layout PulseTButton not found
2025-04-16 00:29:18,490 - INFO - Apply filters button clicked
2025-04-16 00:29:18,550 - INFO - Scanning temp directories: ['C:\\Users\\Home\\AppData\\Local\\Temp', 'C:\\ProgramData\\Temp', 'C:\\WINDOWS\\Temp']
2025-04-16 00:29:19,445 - INFO - Scan completed. Found 51 files.
2025-04-16 00:29:20,988 - INFO - Start scan button clicked
2025-04-16 00:29:20,988 - INFO - Starting scan with location: temp
2025-04-16 00:29:20,989 - INFO - Performing scan with location type: temp
2025-04-16 00:29:21,015 - WARNING - Pulse effect failed (non-critical): Layout PulseTButton not found
2025-04-16 00:29:21,016 - INFO - Apply filters button clicked
2025-04-16 00:29:21,070 - INFO - Scanning temp directories: ['C:\\Users\\Home\\AppData\\Local\\Temp', 'C:\\ProgramData\\Temp', 'C:\\WINDOWS\\Temp']
2025-04-16 00:29:21,506 - INFO - Scan completed. Found 51 files.
2025-04-16 00:29:29,035 - ERROR - Permission denied: C:\Users\Home\AppData\Local\Temp\237d7182-750e-43a4-b9eb-8581e7c2a7bf.tmp
2025-04-16 00:29:29,039 - ERROR - Permission denied: C:\Users\Home\AppData\Local\Temp\e9bdb446-4815-4be3-9d9f-20c6d6552443.tmp
2025-04-16 00:29:29,046 - ERROR - Permission denied: C:\Users\Home\AppData\Local\Temp\614a084b-11f7-4e09-b53e-c2d3d04df91b.tmp
2025-04-16 00:29:29,051 - ERROR - Permission denied: C:\Users\Home\AppData\Local\Temp\c392c39f-db2e-4c51-9ebb-d8ede4dcf2c0.tmp
2025-04-16 00:29:29,055 - ERROR - Permission denied: C:\Users\Home\AppData\Local\Temp\00de403f-fe69-43f2-aae3-2bcb640b82d3.tmp
2025-04-16 00:29:29,060 - ERROR - Permission denied: C:\Users\Home\AppData\Local\Temp\988a2ee8-2c47-442c-bdbc-5dd9a5e45c82.tmp
2025-04-16 00:29:29,064 - ERROR - Permission denied: C:\Users\Home\AppData\Local\Temp\d489caa5-b5b2-423f-adb5-857354dc6aee.tmp
2025-04-16 00:29:29,068 - ERROR - Permission denied: C:\Users\Home\AppData\Local\Temp\ff294b9a-16be-425b-92f5-c4b5c5bea371.tmp
2025-04-16 00:29:29,071 - ERROR - Permission denied: C:\Users\Home\AppData\Local\Temp\b9ba71a5-0d0b-42ff-9f7f-f721ee11419c.tmp
2025-04-16 00:29:29,075 - ERROR - Permission denied: C:\Users\Home\AppData\Local\Temp\522b9ce0-b3dc-4a2d-b69c-9bfe2c7cbcc6.tmp
2025-04-16 00:29:29,082 - ERROR - Permission denied: C:\Users\Home\AppData\Local\Temp\CreativeCloud\ACC\AdobeDownload\DLM.log
2025-04-16 00:29:29,087 - ERROR - Permission denied: C:\Users\Home\AppData\Local\Temp\ead27970-bfc3-47cf-bda7-878d0fd24d28.tmp
2025-04-16 00:29:29,093 - ERROR - Permission denied: C:\Users\Home\AppData\Local\Temp\37f3ee26-7efc-464a-b4ca-781faefaa5c4.tmp
2025-04-16 00:29:29,099 - ERROR - Permission denied: C:\Users\Home\AppData\Local\Temp\961534b5-e1d7-4288-a38b-0b48f23d4910.tmp
2025-04-16 00:29:29,103 - ERROR - Permission denied: C:\WINDOWS\Temp\CreativeCloud\ACC\ACC.log
2025-04-16 00:29:29,111 - ERROR - Permission denied: C:\Users\Home\AppData\Local\Temp\d2ab6ae6-ebfe-4cc5-99f5-68ee7e7cbbc5.tmp
2025-04-16 00:29:29,116 - ERROR - Permission denied: C:\Users\Home\AppData\Local\Temp\146bc295-0591-4faf-89eb-f5252e050a23.tmp
2025-04-16 00:29:29,120 - ERROR - Permission denied: C:\Users\Home\AppData\Local\Temp\cc1f39f5-7193-455f-85a3-d11c108cc46a.tmp
2025-04-16 00:29:29,126 - ERROR - Permission denied: C:\Users\Home\AppData\Local\Temp\CreativeCloud\ACPLocalLogs\creative_cloud_cloud_docs_v5_3 6.6.0.611\ACPL__2025-04-14_18-42-19.900924Z_00.log
2025-04-16 00:29:29,130 - ERROR - Permission denied: C:\Users\Home\AppData\Local\Temp\2bb65b36-be94-4363-9db2-3737ad5e113c.tmp
2025-04-16 00:29:29,135 - ERROR - Permission denied: C:\Users\Home\AppData\Local\Temp\CreativeCloud\ACC\ACC.log
2025-04-16 00:29:29,139 - ERROR - Permission denied: C:\Users\Home\AppData\Local\Temp\eaba759d-247f-48e7-97cf-4fe07dc19286.tmp
2025-04-16 00:29:29,146 - ERROR - Permission denied: C:\Users\Home\AppData\Local\Temp\9e85813c-b3bf-4213-b3b8-480f384b1c5b.tmp
2025-04-16 00:29:29,151 - ERROR - Permission denied: C:\WINDOWS\Temp\adobegc.log
2025-04-16 00:29:29,155 - ERROR - Permission denied: C:\Users\Home\AppData\Local\Temp\cc998604-0d18-4868-94d3-846e9022c16d.tmp
2025-04-16 00:29:29,160 - ERROR - Permission denied: C:\Users\Home\AppData\Local\Temp\76424cf8-2826-4903-a509-f104cc5496ab.tmp
2025-04-16 00:29:29,165 - ERROR - Permission denied: C:\Users\Home\AppData\Local\Temp\AdobeVulcan\AdobeIPCBroker.log
2025-04-16 00:29:29,169 - ERROR - Permission denied: C:\Users\Home\AppData\Local\Temp\4757f568-004d-44a6-9ed8-757ebeee83c1.tmp
2025-04-16 00:29:29,175 - ERROR - Permission denied: C:\Users\Home\AppData\Local\Temp\f807e5c9-6a8b-4839-9331-926b657046ed.tmp
2025-04-16 00:29:29,215 - ERROR - Permission denied: C:\Users\Home\AppData\Local\Temp\Adobe\com.adobe.dunamis\dunamis-2025-04-13_14-14-04.log
2025-04-16 00:29:29,215 - ERROR - Permission denied: C:\Users\Home\AppData\Local\Temp\Adobe\com.adobe.dunamis\dunamis-2025-04-13_14-13-56.log
2025-04-16 00:29:29,222 - ERROR - Permission denied: C:\Users\Home\AppData\Local\Temp\1309f86d-cec0-4876-92b8-c4b628c112c6.tmp
2025-04-16 00:29:29,228 - ERROR - Permission denied: C:\Users\Home\AppData\Local\Temp\NGL\NGLClient_CCXProcess16.4.log
2025-04-16 00:29:29,232 - ERROR - Permission denied: C:\Users\Home\AppData\Local\Temp\Adobe\com.adobe.dunamis\dunamis-2025-04-13_14-14-11.log
2025-04-16 00:29:29,235 - ERROR - Permission denied: C:\Users\Home\AppData\Local\Temp\NGL\NGLClient_CreativeCloud26.6.0.611.log
2025-04-16 00:29:29,241 - ERROR - Permission denied: C:\Users\Home\AppData\Local\Temp\NGL\NGLClient_AcrobatDC125.1.20435.8.log
2025-04-16 00:29:29,247 - ERROR - Permission denied: C:\Users\Home\AppData\Local\Temp\fe86dd95-e684-426f-8fd0-604124c82d93.tmp
2025-04-16 00:29:29,253 - ERROR - Permission denied: C:\Users\Home\AppData\Local\Temp\CreativeCloud\CoreSync\CoreSync-2025-04-16.log
2025-04-16 00:29:29,263 - ERROR - Permission denied: C:\Users\Home\AppData\Local\Temp\CreativeCloud\ACC\CEF.log
2025-04-16 00:29:29,270 - ERROR - Permission denied: C:\Users\Home\AppData\Local\Temp\794de771-5e35-4b7f-b460-df8090728223.tmp
2025-04-16 00:29:29,279 - ERROR - Permission denied: C:\Users\Home\AppData\Local\Temp\4d83d9e0-a202-40cf-a785-397a30b082a8.tmp
2025-04-16 00:29:29,285 - ERROR - Permission denied: C:\Users\Home\AppData\Local\Temp\NGL\NGLClient_CoreSync17.4.0.31.log
2025-04-16 00:29:29,369 - ERROR - Permission denied: C:\Users\Home\AppData\Local\Temp\Adobe\GrowthSDK\Production\Creative Cloud Desktop_2025-04-15.log
2025-04-16 00:29:29,376 - ERROR - Permission denied: C:\Users\Home\AppData\Local\Temp\5a3625bc-c2a9-4a14-b8a7-300ffb8db4c7.tmp
2025-04-16 00:29:29,381 - ERROR - Permission denied: C:\Users\Home\AppData\Local\Temp\c0f3075c-f2c2-4e23-96ca-a0f536b892e1.tmp
2025-04-16 00:29:31,720 - INFO - Start scan button clicked
2025-04-16 00:29:31,721 - INFO - Starting scan with location: temp
2025-04-16 00:29:31,722 - INFO - Performing scan with location type: temp
2025-04-16 00:29:31,777 - WARNING - Pulse effect failed (non-critical): Layout PulseTButton not found
2025-04-16 00:29:31,777 - INFO - Apply filters button clicked
2025-04-16 00:29:31,825 - INFO - Scanning temp directories: ['C:\\Users\\Home\\AppData\\Local\\Temp', 'C:\\ProgramData\\Temp', 'C:\\WINDOWS\\Temp']
2025-04-16 00:29:32,288 - INFO - Scan completed. Found 45 files.
2025-04-16 00:29:39,801 - ERROR - Permission denied: C:\Users\Home\AppData\Local\Temp\237d7182-750e-43a4-b9eb-8581e7c2a7bf.tmp
2025-04-16 00:29:39,807 - ERROR - Permission denied: C:\Users\Home\AppData\Local\Temp\e9bdb446-4815-4be3-9d9f-20c6d6552443.tmp
2025-04-16 00:29:39,812 - ERROR - Permission denied: C:\Users\Home\AppData\Local\Temp\614a084b-11f7-4e09-b53e-c2d3d04df91b.tmp
2025-04-16 00:29:39,817 - ERROR - Permission denied: C:\Users\Home\AppData\Local\Temp\c392c39f-db2e-4c51-9ebb-d8ede4dcf2c0.tmp
2025-04-16 00:29:39,821 - ERROR - Permission denied: C:\Users\Home\AppData\Local\Temp\00de403f-fe69-43f2-aae3-2bcb640b82d3.tmp
2025-04-16 00:29:39,824 - ERROR - Permission denied: C:\Users\Home\AppData\Local\Temp\988a2ee8-2c47-442c-bdbc-5dd9a5e45c82.tmp
2025-04-16 00:29:39,832 - ERROR - Permission denied: C:\Users\Home\AppData\Local\Temp\d489caa5-b5b2-423f-adb5-857354dc6aee.tmp
2025-04-16 00:29:39,839 - ERROR - Permission denied: C:\Users\Home\AppData\Local\Temp\ff294b9a-16be-425b-92f5-c4b5c5bea371.tmp
2025-04-16 00:29:39,847 - ERROR - Permission denied: C:\Users\Home\AppData\Local\Temp\b9ba71a5-0d0b-42ff-9f7f-f721ee11419c.tmp
2025-04-16 00:29:39,853 - ERROR - Permission denied: C:\Users\Home\AppData\Local\Temp\522b9ce0-b3dc-4a2d-b69c-9bfe2c7cbcc6.tmp
2025-04-16 00:29:39,861 - ERROR - Permission denied: C:\Users\Home\AppData\Local\Temp\CreativeCloud\ACC\AdobeDownload\DLM.log
2025-04-16 00:29:39,867 - ERROR - Permission denied: C:\Users\Home\AppData\Local\Temp\ead27970-bfc3-47cf-bda7-878d0fd24d28.tmp
2025-04-16 00:29:39,876 - ERROR - Permission denied: C:\Users\Home\AppData\Local\Temp\37f3ee26-7efc-464a-b4ca-781faefaa5c4.tmp
2025-04-16 00:29:39,884 - ERROR - Permission denied: C:\Users\Home\AppData\Local\Temp\961534b5-e1d7-4288-a38b-0b48f23d4910.tmp
2025-04-16 00:29:39,891 - ERROR - Permission denied: C:\WINDOWS\Temp\CreativeCloud\ACC\ACC.log
2025-04-16 00:29:39,895 - ERROR - Permission denied: C:\Users\Home\AppData\Local\Temp\d2ab6ae6-ebfe-4cc5-99f5-68ee7e7cbbc5.tmp
2025-04-16 00:29:39,900 - ERROR - Permission denied: C:\Users\Home\AppData\Local\Temp\146bc295-0591-4faf-89eb-f5252e050a23.tmp
2025-04-16 00:29:39,906 - ERROR - Permission denied: C:\Users\Home\AppData\Local\Temp\cc1f39f5-7193-455f-85a3-d11c108cc46a.tmp
2025-04-16 00:29:39,914 - ERROR - Permission denied: C:\Users\Home\AppData\Local\Temp\CreativeCloud\ACPLocalLogs\creative_cloud_cloud_docs_v5_3 6.6.0.611\ACPL__2025-04-14_18-42-19.900924Z_00.log
2025-04-16 00:29:39,920 - ERROR - Permission denied: C:\Users\Home\AppData\Local\Temp\2bb65b36-be94-4363-9db2-3737ad5e113c.tmp
2025-04-16 00:29:39,930 - ERROR - Permission denied: C:\Users\Home\AppData\Local\Temp\CreativeCloud\ACC\ACC.log
2025-04-16 00:29:39,937 - ERROR - Permission denied: C:\Users\Home\AppData\Local\Temp\eaba759d-247f-48e7-97cf-4fe07dc19286.tmp
2025-04-16 00:29:39,949 - ERROR - Permission denied: C:\Users\Home\AppData\Local\Temp\9e85813c-b3bf-4213-b3b8-480f384b1c5b.tmp
2025-04-16 00:29:39,958 - ERROR - Permission denied: C:\WINDOWS\Temp\adobegc.log
2025-04-16 00:29:39,966 - ERROR - Permission denied: C:\Users\Home\AppData\Local\Temp\cc998604-0d18-4868-94d3-846e9022c16d.tmp
2025-04-16 00:29:39,974 - ERROR - Permission denied: C:\Users\Home\AppData\Local\Temp\76424cf8-2826-4903-a509-f104cc5496ab.tmp
2025-04-16 00:29:39,981 - ERROR - Permission denied: C:\Users\Home\AppData\Local\Temp\AdobeVulcan\AdobeIPCBroker.log
2025-04-16 00:29:39,989 - ERROR - Permission denied: C:\Users\Home\AppData\Local\Temp\4757f568-004d-44a6-9ed8-757ebeee83c1.tmp
2025-04-16 00:29:39,992 - ERROR - Permission denied: C:\Users\Home\AppData\Local\Temp\f807e5c9-6a8b-4839-9331-926b657046ed.tmp
2025-04-16 00:29:40,000 - ERROR - Permission denied: C:\Users\Home\AppData\Local\Temp\Adobe\com.adobe.dunamis\dunamis-2025-04-13_14-14-04.log
2025-04-16 00:29:40,006 - ERROR - Permission denied: C:\Users\Home\AppData\Local\Temp\Adobe\com.adobe.dunamis\dunamis-2025-04-13_14-13-56.log
2025-04-16 00:29:40,013 - ERROR - Permission denied: C:\Users\Home\AppData\Local\Temp\1309f86d-cec0-4876-92b8-c4b628c112c6.tmp
2025-04-16 00:29:40,020 - ERROR - Permission denied: C:\Users\Home\AppData\Local\Temp\NGL\NGLClient_CCXProcess16.4.log
2025-04-16 00:29:40,028 - ERROR - Permission denied: C:\Users\Home\AppData\Local\Temp\Adobe\com.adobe.dunamis\dunamis-2025-04-13_14-14-11.log
2025-04-16 00:29:40,034 - ERROR - Permission denied: C:\Users\Home\AppData\Local\Temp\NGL\NGLClient_CreativeCloud26.6.0.611.log
2025-04-16 00:29:40,042 - ERROR - Permission denied: C:\Users\Home\AppData\Local\Temp\NGL\NGLClient_AcrobatDC125.1.20435.8.log
2025-04-16 00:29:40,048 - ERROR - Permission denied: C:\Users\Home\AppData\Local\Temp\fe86dd95-e684-426f-8fd0-604124c82d93.tmp
2025-04-16 00:29:40,054 - ERROR - Permission denied: C:\Users\Home\AppData\Local\Temp\CreativeCloud\CoreSync\CoreSync-2025-04-16.log
2025-04-16 00:29:40,061 - ERROR - Permission denied: C:\Users\Home\AppData\Local\Temp\CreativeCloud\ACC\CEF.log
2025-04-16 00:29:40,067 - ERROR - Permission denied: C:\Users\Home\AppData\Local\Temp\794de771-5e35-4b7f-b460-df8090728223.tmp
2025-04-16 00:29:40,073 - ERROR - Permission denied: C:\Users\Home\AppData\Local\Temp\4d83d9e0-a202-40cf-a785-397a30b082a8.tmp
2025-04-16 00:29:40,082 - ERROR - Permission denied: C:\Users\Home\AppData\Local\Temp\NGL\NGLClient_CoreSync17.4.0.31.log
2025-04-16 00:29:40,093 - ERROR - Permission denied: C:\Users\Home\AppData\Local\Temp\Adobe\GrowthSDK\Production\Creative Cloud Desktop_2025-04-15.log
2025-04-16 00:29:40,098 - WARNING - File not found: C:\Users\Home\AppData\Local\Temp\5a3625bc-c2a9-4a14-b8a7-300ffb8db4c7.tmp
2025-04-16 00:29:40,106 - ERROR - Permission denied: C:\Users\Home\AppData\Local\Temp\c0f3075c-f2c2-4e23-96ca-a0f536b892e1.tmp
2025-04-16 00:29:42,785 - INFO - Start scan button clicked
2025-04-16 00:29:42,786 - INFO - Starting scan with location: temp
2025-04-16 00:29:42,786 - INFO - Performing scan with location type: temp
2025-04-16 00:29:42,808 - WARNING - Pulse effect failed (non-critical): Layout PulseTButton not found
2025-04-16 00:29:42,808 - INFO - Apply filters button clicked
2025-04-16 00:29:42,862 - INFO - Scanning temp directories: ['C:\\Users\\Home\\AppData\\Local\\Temp', 'C:\\ProgramData\\Temp', 'C:\\WINDOWS\\Temp']
2025-04-16 00:29:43,235 - INFO - Scan completed. Found 44 files.
2025-04-16 00:29:45,620 - INFO - Starting scan of all drives...
2025-04-16 00:29:45,621 - INFO - Updated location buttons. Active: all
2025-04-16 00:29:45,622 - INFO - Performing scan with location type: all
2025-04-16 00:29:45,641 - WARNING - Pulse effect failed (non-critical): Layout PulseTButton not found
2025-04-16 00:29:45,649 - INFO - Apply filters button clicked
2025-04-16 01:02:17,709 - INFO - TempFileFinder initialized successfully
2025-04-16 01:02:17,719 - INFO - Setting up scan tab...
2025-04-16 01:02:19,273 - INFO - Setting up stats tab...
2025-04-16 01:02:19,324 - INFO - Setting up settings tab...
2025-04-16 01:02:21,600 - INFO - Starting scan of temp directories...
2025-04-16 01:02:21,601 - INFO - Updated location buttons. Active: temp
2025-04-16 01:02:21,602 - INFO - Performing scan with location type: temp
2025-04-16 01:02:21,636 - WARNING - Pulse effect failed (non-critical): Layout PulseTButton not found
2025-04-16 01:02:21,637 - INFO - Apply filters button clicked
2025-04-16 01:02:21,713 - INFO - Scanning temp directories: ['C:\\Users\\Home\\AppData\\Local\\Temp', 'C:\\WINDOWS\\Temp', 'C:\\ProgramData\\Temp']
2025-04-16 01:02:22,939 - INFO - Scan completed. Found 44 files.
2025-04-16 01:02:28,612 - INFO - Attempting to delete: C:\Users\Home\AppData\Local\Temp\00de403f-fe69-43f2-aae3-2bcb640b82d3.tmp
2025-04-16 01:02:28,624 - ERROR - Error deleting file C:\Users\Home\AppData\Local\Temp\00de403f-fe69-43f2-aae3-2bcb640b82d3.tmp: [WinError 32] The process cannot access the file because it is being used by another process: 'C:\\Users\\Home\\AppData\\Local\\Temp\\00de403f-fe69-43f2-aae3-2bcb640b82d3.tmp'
2025-04-16 01:02:28,749 - INFO - Attempting to delete: C:\Users\Home\AppData\Local\Temp\011de6a1-80bc-4b4c-8f55-bd0cbbdb9e08.tmp
2025-04-16 01:02:28,751 - ERROR - Error deleting file C:\Users\Home\AppData\Local\Temp\011de6a1-80bc-4b4c-8f55-bd0cbbdb9e08.tmp: [WinError 32] The process cannot access the file because it is being used by another process: 'C:\\Users\\Home\\AppData\\Local\\Temp\\011de6a1-80bc-4b4c-8f55-bd0cbbdb9e08.tmp'
2025-04-16 01:02:28,872 - INFO - Attempting to delete: C:\Users\Home\AppData\Local\Temp\1309f86d-cec0-4876-92b8-c4b628c112c6.tmp
2025-04-16 01:02:28,874 - ERROR - Error deleting file C:\Users\Home\AppData\Local\Temp\1309f86d-cec0-4876-92b8-c4b628c112c6.tmp: [WinError 32] The process cannot access the file because it is being used by another process: 'C:\\Users\\Home\\AppData\\Local\\Temp\\1309f86d-cec0-4876-92b8-c4b628c112c6.tmp'
2025-04-16 01:02:28,998 - INFO - Attempting to delete: C:\Users\Home\AppData\Local\Temp\146bc295-0591-4faf-89eb-f5252e050a23.tmp
2025-04-16 01:02:28,999 - ERROR - Error deleting file C:\Users\Home\AppData\Local\Temp\146bc295-0591-4faf-89eb-f5252e050a23.tmp: [WinError 32] The process cannot access the file because it is being used by another process: 'C:\\Users\\Home\\AppData\\Local\\Temp\\146bc295-0591-4faf-89eb-f5252e050a23.tmp'
2025-04-16 01:02:29,136 - INFO - Attempting to delete: C:\Users\Home\AppData\Local\Temp\237d7182-750e-43a4-b9eb-8581e7c2a7bf.tmp
2025-04-16 01:02:29,138 - ERROR - Error deleting file C:\Users\Home\AppData\Local\Temp\237d7182-750e-43a4-b9eb-8581e7c2a7bf.tmp: [WinError 32] The process cannot access the file because it is being used by another process: 'C:\\Users\\Home\\AppData\\Local\\Temp\\237d7182-750e-43a4-b9eb-8581e7c2a7bf.tmp'
2025-04-16 01:02:29,261 - INFO - Attempting to delete: C:\Users\Home\AppData\Local\Temp\2a4d8094-48b8-456d-83c9-624287d62063.tmp
2025-04-16 01:02:29,265 - ERROR - Error deleting file C:\Users\Home\AppData\Local\Temp\2a4d8094-48b8-456d-83c9-624287d62063.tmp: [WinError 32] The process cannot access the file because it is being used by another process: 'C:\\Users\\Home\\AppData\\Local\\Temp\\2a4d8094-48b8-456d-83c9-624287d62063.tmp'
2025-04-16 01:02:29,380 - INFO - Attempting to delete: C:\Users\Home\AppData\Local\Temp\2bb65b36-be94-4363-9db2-3737ad5e113c.tmp
2025-04-16 01:02:29,383 - ERROR - Error deleting file C:\Users\Home\AppData\Local\Temp\2bb65b36-be94-4363-9db2-3737ad5e113c.tmp: [WinError 32] The process cannot access the file because it is being used by another process: 'C:\\Users\\Home\\AppData\\Local\\Temp\\2bb65b36-be94-4363-9db2-3737ad5e113c.tmp'
2025-04-16 01:02:29,509 - INFO - Attempting to delete: C:\Users\Home\AppData\Local\Temp\37f3ee26-7efc-464a-b4ca-781faefaa5c4.tmp
2025-04-16 01:02:29,510 - ERROR - Error deleting file C:\Users\Home\AppData\Local\Temp\37f3ee26-7efc-464a-b4ca-781faefaa5c4.tmp: [WinError 32] The process cannot access the file because it is being used by another process: 'C:\\Users\\Home\\AppData\\Local\\Temp\\37f3ee26-7efc-464a-b4ca-781faefaa5c4.tmp'
2025-04-16 01:02:29,631 - INFO - Attempting to delete: C:\Users\Home\AppData\Local\Temp\4757f568-004d-44a6-9ed8-757ebeee83c1.tmp
2025-04-16 01:02:29,633 - ERROR - Error deleting file C:\Users\Home\AppData\Local\Temp\4757f568-004d-44a6-9ed8-757ebeee83c1.tmp: [WinError 32] The process cannot access the file because it is being used by another process: 'C:\\Users\\Home\\AppData\\Local\\Temp\\4757f568-004d-44a6-9ed8-757ebeee83c1.tmp'
2025-04-16 01:02:29,752 - INFO - Attempting to delete: C:\Users\Home\AppData\Local\Temp\4d83d9e0-a202-40cf-a785-397a30b082a8.tmp
2025-04-16 01:02:29,753 - ERROR - Error deleting file C:\Users\Home\AppData\Local\Temp\4d83d9e0-a202-40cf-a785-397a30b082a8.tmp: [WinError 32] The process cannot access the file because it is being used by another process: 'C:\\Users\\Home\\AppData\\Local\\Temp\\4d83d9e0-a202-40cf-a785-397a30b082a8.tmp'
2025-04-16 01:02:29,877 - INFO - Attempting to delete: C:\Users\Home\AppData\Local\Temp\522b9ce0-b3dc-4a2d-b69c-9bfe2c7cbcc6.tmp
2025-04-16 01:02:29,879 - ERROR - Error deleting file C:\Users\Home\AppData\Local\Temp\522b9ce0-b3dc-4a2d-b69c-9bfe2c7cbcc6.tmp: [WinError 32] The process cannot access the file because it is being used by another process: 'C:\\Users\\Home\\AppData\\Local\\Temp\\522b9ce0-b3dc-4a2d-b69c-9bfe2c7cbcc6.tmp'
2025-04-16 01:02:30,003 - INFO - Attempting to delete: C:\Users\Home\AppData\Local\Temp\614a084b-11f7-4e09-b53e-c2d3d04df91b.tmp
2025-04-16 01:02:30,004 - ERROR - Error deleting file C:\Users\Home\AppData\Local\Temp\614a084b-11f7-4e09-b53e-c2d3d04df91b.tmp: [WinError 32] The process cannot access the file because it is being used by another process: 'C:\\Users\\Home\\AppData\\Local\\Temp\\614a084b-11f7-4e09-b53e-c2d3d04df91b.tmp'
2025-04-16 01:02:30,131 - INFO - Attempting to delete: C:\Users\Home\AppData\Local\Temp\794de771-5e35-4b7f-b460-df8090728223.tmp
2025-04-16 01:02:30,132 - ERROR - Error deleting file C:\Users\Home\AppData\Local\Temp\794de771-5e35-4b7f-b460-df8090728223.tmp: [WinError 32] The process cannot access the file because it is being used by another process: 'C:\\Users\\Home\\AppData\\Local\\Temp\\794de771-5e35-4b7f-b460-df8090728223.tmp'
2025-04-16 01:02:30,260 - INFO - Attempting to delete: C:\Users\Home\AppData\Local\Temp\7e9b6215-c0e6-4a9e-99f1-ec359eddd936.tmp
2025-04-16 01:02:30,261 - WARNING - File not found: C:\Users\Home\AppData\Local\Temp\7e9b6215-c0e6-4a9e-99f1-ec359eddd936.tmp
2025-04-16 01:02:30,789 - INFO - Attempting to delete: C:\Users\Home\AppData\Local\Temp\961534b5-e1d7-4288-a38b-0b48f23d4910.tmp
2025-04-16 01:02:30,790 - ERROR - Error deleting file C:\Users\Home\AppData\Local\Temp\961534b5-e1d7-4288-a38b-0b48f23d4910.tmp: [WinError 32] The process cannot access the file because it is being used by another process: 'C:\\Users\\Home\\AppData\\Local\\Temp\\961534b5-e1d7-4288-a38b-0b48f23d4910.tmp'
2025-04-16 01:02:30,935 - INFO - Attempting to delete: C:\Users\Home\AppData\Local\Temp\988a2ee8-2c47-442c-bdbc-5dd9a5e45c82.tmp
2025-04-16 01:02:30,936 - ERROR - Error deleting file C:\Users\Home\AppData\Local\Temp\988a2ee8-2c47-442c-bdbc-5dd9a5e45c82.tmp: [WinError 32] The process cannot access the file because it is being used by another process: 'C:\\Users\\Home\\AppData\\Local\\Temp\\988a2ee8-2c47-442c-bdbc-5dd9a5e45c82.tmp'
2025-04-16 01:02:31,062 - INFO - Attempting to delete: C:\Users\Home\AppData\Local\Temp\9e85813c-b3bf-4213-b3b8-480f384b1c5b.tmp
2025-04-16 01:02:31,063 - ERROR - Error deleting file C:\Users\Home\AppData\Local\Temp\9e85813c-b3bf-4213-b3b8-480f384b1c5b.tmp: [WinError 32] The process cannot access the file because it is being used by another process: 'C:\\Users\\Home\\AppData\\Local\\Temp\\9e85813c-b3bf-4213-b3b8-480f384b1c5b.tmp'
2025-04-16 01:02:31,179 - INFO - Attempting to delete: C:\Users\Home\AppData\Local\Temp\b9ba71a5-0d0b-42ff-9f7f-f721ee11419c.tmp
2025-04-16 01:02:31,180 - ERROR - Error deleting file C:\Users\Home\AppData\Local\Temp\b9ba71a5-0d0b-42ff-9f7f-f721ee11419c.tmp: [WinError 32] The process cannot access the file because it is being used by another process: 'C:\\Users\\Home\\AppData\\Local\\Temp\\b9ba71a5-0d0b-42ff-9f7f-f721ee11419c.tmp'
2025-04-16 01:02:31,294 - INFO - Attempting to delete: C:\Users\Home\AppData\Local\Temp\c392c39f-db2e-4c51-9ebb-d8ede4dcf2c0.tmp
2025-04-16 01:02:31,295 - ERROR - Error deleting file C:\Users\Home\AppData\Local\Temp\c392c39f-db2e-4c51-9ebb-d8ede4dcf2c0.tmp: [WinError 32] The process cannot access the file because it is being used by another process: 'C:\\Users\\Home\\AppData\\Local\\Temp\\c392c39f-db2e-4c51-9ebb-d8ede4dcf2c0.tmp'
2025-04-16 01:02:31,417 - INFO - Attempting to delete: C:\Users\Home\AppData\Local\Temp\cc1f39f5-7193-455f-85a3-d11c108cc46a.tmp
2025-04-16 01:02:31,417 - ERROR - Error deleting file C:\Users\Home\AppData\Local\Temp\cc1f39f5-7193-455f-85a3-d11c108cc46a.tmp: [WinError 32] The process cannot access the file because it is being used by another process: 'C:\\Users\\Home\\AppData\\Local\\Temp\\cc1f39f5-7193-455f-85a3-d11c108cc46a.tmp'
2025-04-16 01:02:31,559 - INFO - Attempting to delete: C:\Users\Home\AppData\Local\Temp\d2ab6ae6-ebfe-4cc5-99f5-68ee7e7cbbc5.tmp
2025-04-16 01:02:31,560 - ERROR - Error deleting file C:\Users\Home\AppData\Local\Temp\d2ab6ae6-ebfe-4cc5-99f5-68ee7e7cbbc5.tmp: [WinError 32] The process cannot access the file because it is being used by another process: 'C:\\Users\\Home\\AppData\\Local\\Temp\\d2ab6ae6-ebfe-4cc5-99f5-68ee7e7cbbc5.tmp'
2025-04-16 01:02:31,688 - INFO - Attempting to delete: C:\Users\Home\AppData\Local\Temp\d489caa5-b5b2-423f-adb5-857354dc6aee.tmp
2025-04-16 01:02:31,690 - ERROR - Error deleting file C:\Users\Home\AppData\Local\Temp\d489caa5-b5b2-423f-adb5-857354dc6aee.tmp: [WinError 32] The process cannot access the file because it is being used by another process: 'C:\\Users\\Home\\AppData\\Local\\Temp\\d489caa5-b5b2-423f-adb5-857354dc6aee.tmp'
2025-04-16 01:02:31,817 - INFO - Attempting to delete: C:\Users\Home\AppData\Local\Temp\e9bdb446-4815-4be3-9d9f-20c6d6552443.tmp
2025-04-16 01:02:31,817 - ERROR - Error deleting file C:\Users\Home\AppData\Local\Temp\e9bdb446-4815-4be3-9d9f-20c6d6552443.tmp: [WinError 32] The process cannot access the file because it is being used by another process: 'C:\\Users\\Home\\AppData\\Local\\Temp\\e9bdb446-4815-4be3-9d9f-20c6d6552443.tmp'
2025-04-16 01:02:31,946 - INFO - Attempting to delete: C:\Users\Home\AppData\Local\Temp\eaba759d-247f-48e7-97cf-4fe07dc19286.tmp
2025-04-16 01:02:31,946 - ERROR - Error deleting file C:\Users\Home\AppData\Local\Temp\eaba759d-247f-48e7-97cf-4fe07dc19286.tmp: [WinError 32] The process cannot access the file because it is being used by another process: 'C:\\Users\\Home\\AppData\\Local\\Temp\\eaba759d-247f-48e7-97cf-4fe07dc19286.tmp'
2025-04-16 01:02:32,077 - INFO - Attempting to delete: C:\Users\Home\AppData\Local\Temp\f807e5c9-6a8b-4839-9331-926b657046ed.tmp
2025-04-16 01:02:32,080 - ERROR - Error deleting file C:\Users\Home\AppData\Local\Temp\f807e5c9-6a8b-4839-9331-926b657046ed.tmp: [WinError 32] The process cannot access the file because it is being used by another process: 'C:\\Users\\Home\\AppData\\Local\\Temp\\f807e5c9-6a8b-4839-9331-926b657046ed.tmp'
2025-04-16 01:02:32,195 - INFO - Attempting to delete: C:\Users\Home\AppData\Local\Temp\fe86dd95-e684-426f-8fd0-604124c82d93.tmp
2025-04-16 01:02:32,197 - ERROR - Error deleting file C:\Users\Home\AppData\Local\Temp\fe86dd95-e684-426f-8fd0-604124c82d93.tmp: [WinError 32] The process cannot access the file because it is being used by another process: 'C:\\Users\\Home\\AppData\\Local\\Temp\\fe86dd95-e684-426f-8fd0-604124c82d93.tmp'
2025-04-16 01:02:32,307 - INFO - Attempting to delete: C:\Users\Home\AppData\Local\Temp\Adobe\com.adobe.dunamis\dunamis-2025-04-13_14-13-56.log
2025-04-16 01:02:32,309 - ERROR - Error deleting file C:\Users\Home\AppData\Local\Temp\Adobe\com.adobe.dunamis\dunamis-2025-04-13_14-13-56.log: [WinError 32] The process cannot access the file because it is being used by another process: 'C:\\Users\\Home\\AppData\\Local\\Temp\\Adobe\\com.adobe.dunamis\\dunamis-2025-04-13_14-13-56.log'
2025-04-16 01:02:32,428 - INFO - Attempting to delete: C:\Users\Home\AppData\Local\Temp\Adobe\com.adobe.dunamis\dunamis-2025-04-13_14-14-04.log
2025-04-16 01:02:32,430 - ERROR - Error deleting file C:\Users\Home\AppData\Local\Temp\Adobe\com.adobe.dunamis\dunamis-2025-04-13_14-14-04.log: [WinError 32] The process cannot access the file because it is being used by another process: 'C:\\Users\\Home\\AppData\\Local\\Temp\\Adobe\\com.adobe.dunamis\\dunamis-2025-04-13_14-14-04.log'
2025-04-16 01:02:32,560 - INFO - Attempting to delete: C:\Users\Home\AppData\Local\Temp\Adobe\com.adobe.dunamis\dunamis-2025-04-13_14-14-11.log
2025-04-16 01:02:32,562 - ERROR - Error deleting file C:\Users\Home\AppData\Local\Temp\Adobe\com.adobe.dunamis\dunamis-2025-04-13_14-14-11.log: [WinError 32] The process cannot access the file because it is being used by another process: 'C:\\Users\\Home\\AppData\\Local\\Temp\\Adobe\\com.adobe.dunamis\\dunamis-2025-04-13_14-14-11.log'
2025-04-16 01:02:32,685 - INFO - Attempting to delete: C:\Users\Home\AppData\Local\Temp\Adobe\GrowthSDK\Production\Creative Cloud Desktop_2025-04-15.log
2025-04-16 01:02:32,687 - ERROR - Error deleting file C:\Users\Home\AppData\Local\Temp\Adobe\GrowthSDK\Production\Creative Cloud Desktop_2025-04-15.log: [WinError 32] The process cannot access the file because it is being used by another process: 'C:\\Users\\Home\\AppData\\Local\\Temp\\Adobe\\GrowthSDK\\Production\\Creative Cloud Desktop_2025-04-15.log'
2025-04-16 01:02:32,807 - INFO - Attempting to delete: C:\Users\Home\AppData\Local\Temp\AdobeVulcan\AdobeIPCBroker.log
2025-04-16 01:02:32,809 - ERROR - Error deleting file C:\Users\Home\AppData\Local\Temp\AdobeVulcan\AdobeIPCBroker.log: [WinError 32] The process cannot access the file because it is being used by another process: 'C:\\Users\\Home\\AppData\\Local\\Temp\\AdobeVulcan\\AdobeIPCBroker.log'
2025-04-16 01:02:32,964 - INFO - Attempting to delete: C:\Users\Home\AppData\Local\Temp\CreativeCloud\ACC\ACC.log
2025-04-16 01:02:32,966 - ERROR - Error deleting file C:\Users\Home\AppData\Local\Temp\CreativeCloud\ACC\ACC.log: [WinError 32] The process cannot access the file because it is being used by another process: 'C:\\Users\\Home\\AppData\\Local\\Temp\\CreativeCloud\\ACC\\ACC.log'
2025-04-16 01:02:33,099 - INFO - Attempting to delete: C:\Users\Home\AppData\Local\Temp\CreativeCloud\ACC\CEF.log
2025-04-16 01:02:33,101 - ERROR - Error deleting file C:\Users\Home\AppData\Local\Temp\CreativeCloud\ACC\CEF.log: [WinError 32] The process cannot access the file because it is being used by another process: 'C:\\Users\\Home\\AppData\\Local\\Temp\\CreativeCloud\\ACC\\CEF.log'
2025-04-16 01:02:33,223 - INFO - Attempting to delete: C:\Users\Home\AppData\Local\Temp\CreativeCloud\ACC\AdobeDownload\DLM.log
2025-04-16 01:02:33,225 - ERROR - Error deleting file C:\Users\Home\AppData\Local\Temp\CreativeCloud\ACC\AdobeDownload\DLM.log: [WinError 32] The process cannot access the file because it is being used by another process: 'C:\\Users\\Home\\AppData\\Local\\Temp\\CreativeCloud\\ACC\\AdobeDownload\\DLM.log'
2025-04-16 01:02:33,346 - INFO - Attempting to delete: C:\Users\Home\AppData\Local\Temp\CreativeCloud\ACPLocalLogs\creative_cloud_cloud_docs_v5_3 6.6.0.611\ACPL__2025-04-14_18-42-19.900924Z_00.log
2025-04-16 01:02:33,348 - ERROR - Error deleting file C:\Users\Home\AppData\Local\Temp\CreativeCloud\ACPLocalLogs\creative_cloud_cloud_docs_v5_3 6.6.0.611\ACPL__2025-04-14_18-42-19.900924Z_00.log: [WinError 32] The process cannot access the file because it is being used by another process: 'C:\\Users\\Home\\AppData\\Local\\Temp\\CreativeCloud\\ACPLocalLogs\\creative_cloud_cloud_docs_v5_3 6.6.0.611\\ACPL__2025-04-14_18-42-19.900924Z_00.log'
2025-04-16 01:02:33,468 - INFO - Attempting to delete: C:\Users\Home\AppData\Local\Temp\CreativeCloud\CCX Welcome\CCX Process.log
2025-04-16 01:02:33,470 - INFO - Successfully deleted: C:\Users\Home\AppData\Local\Temp\CreativeCloud\CCX Welcome\CCX Process.log
2025-04-16 01:02:33,626 - INFO - Attempting to delete: C:\Users\Home\AppData\Local\Temp\CreativeCloud\CoreSync\CoreSync-2025-04-16.log
2025-04-16 01:02:33,628 - ERROR - Error deleting file C:\Users\Home\AppData\Local\Temp\CreativeCloud\CoreSync\CoreSync-2025-04-16.log: [WinError 32] The process cannot access the file because it is being used by another process: 'C:\\Users\\Home\\AppData\\Local\\Temp\\CreativeCloud\\CoreSync\\CoreSync-2025-04-16.log'
2025-04-16 01:02:33,743 - INFO - Attempting to delete: C:\Users\Home\AppData\Local\Temp\NGL\NGLClient_AcrobatDC125.1.20435.8.log
2025-04-16 01:02:33,745 - ERROR - Error deleting file C:\Users\Home\AppData\Local\Temp\NGL\NGLClient_AcrobatDC125.1.20435.8.log: [WinError 32] The process cannot access the file because it is being used by another process: 'C:\\Users\\Home\\AppData\\Local\\Temp\\NGL\\NGLClient_AcrobatDC125.1.20435.8.log'
2025-04-16 01:02:33,872 - INFO - Attempting to delete: C:\Users\Home\AppData\Local\Temp\NGL\NGLClient_CCXProcess16.4 2025-04-16 00-44-28-404.log
2025-04-16 01:02:33,874 - INFO - Successfully deleted: C:\Users\Home\AppData\Local\Temp\NGL\NGLClient_CCXProcess16.4 2025-04-16 00-44-28-404.log
2025-04-16 01:02:34,037 - INFO - Attempting to delete: C:\Users\Home\AppData\Local\Temp\NGL\NGLClient_CCXProcess16.4.log
2025-04-16 01:02:34,038 - ERROR - Error deleting file C:\Users\Home\AppData\Local\Temp\NGL\NGLClient_CCXProcess16.4.log: [WinError 32] The process cannot access the file because it is being used by another process: 'C:\\Users\\Home\\AppData\\Local\\Temp\\NGL\\NGLClient_CCXProcess16.4.log'
2025-04-16 01:02:34,199 - INFO - Attempting to delete: C:\Users\Home\AppData\Local\Temp\NGL\NGLClient_CoreSync17.4.0.31.log
2025-04-16 01:02:34,199 - ERROR - Error deleting file C:\Users\Home\AppData\Local\Temp\NGL\NGLClient_CoreSync17.4.0.31.log: [WinError 32] The process cannot access the file because it is being used by another process: 'C:\\Users\\Home\\AppData\\Local\\Temp\\NGL\\NGLClient_CoreSync17.4.0.31.log'
2025-04-16 01:02:34,365 - INFO - Attempting to delete: C:\Users\Home\AppData\Local\Temp\NGL\NGLClient_CreativeCloud26.6.0.611.log
2025-04-16 01:02:34,367 - ERROR - Error deleting file C:\Users\Home\AppData\Local\Temp\NGL\NGLClient_CreativeCloud26.6.0.611.log: [WinError 32] The process cannot access the file because it is being used by another process: 'C:\\Users\\Home\\AppData\\Local\\Temp\\NGL\\NGLClient_CreativeCloud26.6.0.611.log'
2025-04-16 01:02:34,505 - INFO - Attempting to delete: C:\WINDOWS\Temp\adobegc.log
2025-04-16 01:02:34,507 - ERROR - Error deleting file C:\WINDOWS\Temp\adobegc.log: [WinError 32] The process cannot access the file because it is being used by another process: 'C:\\WINDOWS\\Temp\\adobegc.log'
2025-04-16 01:02:34,649 - INFO - Attempting to delete: C:\WINDOWS\Temp\CreativeCloud\ACC\ACC.log
2025-04-16 01:02:34,650 - ERROR - Error deleting file C:\WINDOWS\Temp\CreativeCloud\ACC\ACC.log: [WinError 32] The process cannot access the file because it is being used by another process: 'C:\\WINDOWS\\Temp\\CreativeCloud\\ACC\\ACC.log'
2025-04-16 01:02:40,050 - INFO - Starting scan of temp directories...
2025-04-16 01:02:40,051 - INFO - Updated location buttons. Active: temp
2025-04-16 01:02:40,052 - INFO - Performing scan with location type: temp
2025-04-16 01:02:40,078 - WARNING - Pulse effect failed (non-critical): Layout PulseTButton not found
2025-04-16 01:02:40,085 - INFO - Apply filters button clicked
2025-04-16 01:02:40,180 - INFO - Scanning temp directories: ['C:\\Users\\Home\\AppData\\Local\\Temp', 'C:\\WINDOWS\\Temp', 'C:\\ProgramData\\Temp']
2025-04-16 01:02:41,124 - INFO - Scan completed. Found 42 files.
2025-04-16 01:04:37,218 - INFO - TempFileFinder initialized successfully
2025-04-16 01:04:37,230 - INFO - Setting up scan tab...
2025-04-16 01:04:38,599 - INFO - Setting up stats tab...
2025-04-16 01:04:38,701 - INFO - Setting up settings tab...
2025-04-16 01:04:40,319 - INFO - Starting scan of temp directories...
2025-04-16 01:04:40,320 - INFO - Updated location buttons. Active: temp
2025-04-16 01:04:40,321 - INFO - Performing scan with location type: temp
2025-04-16 01:04:40,373 - WARNING - Pulse effect failed (non-critical): Layout PulseTButton not found
2025-04-16 01:04:40,374 - INFO - Apply filters button clicked
2025-04-16 01:04:40,501 - INFO - Scanning temp directories: ['C:\\Users\\Home\\AppData\\Local\\Temp', 'C:\\ProgramData\\Temp', 'C:\\WINDOWS\\Temp']
2025-04-16 01:04:41,355 - INFO - Scan completed. Found 42 files.
2025-04-16 01:04:48,851 - INFO - Created elevated deletion script at C:\Users\Home\AppData\Local\Temp\tmpmzjez0cg.py
2025-04-16 01:04:56,128 - INFO - Starting scan of temp directories...
2025-04-16 01:04:56,130 - INFO - Updated location buttons. Active: temp
2025-04-16 01:04:56,130 - INFO - Performing scan with location type: temp
2025-04-16 01:04:56,161 - WARNING - Pulse effect failed (non-critical): Layout PulseTButton not found
2025-04-16 01:04:56,161 - INFO - Apply filters button clicked
2025-04-16 01:04:56,211 - INFO - Scanning temp directories: ['C:\\Users\\Home\\AppData\\Local\\Temp', 'C:\\ProgramData\\Temp', 'C:\\WINDOWS\\Temp']
2025-04-16 01:04:56,806 - INFO - Scan completed. Found 43 files.
2025-04-21 15:25:19,195 - INFO - TempFileFinder initialized successfully
2025-04-21 15:25:19,201 - INFO - Setting up scan tab...
2025-04-21 15:25:20,626 - INFO - Setting up stats tab...
2025-04-21 15:25:20,676 - INFO - Setting up settings tab...
2025-04-21 15:25:22,318 - INFO - Starting scan of temp directories...
2025-04-21 15:25:22,318 - INFO - Updated location buttons. Active: temp
2025-04-21 15:25:22,318 - INFO - Performing scan with location type: temp
2025-04-21 15:25:22,348 - WARNING - Pulse effect failed (non-critical): Layout PulseTButton not found
2025-04-21 15:25:22,349 - INFO - Apply filters button clicked
2025-04-21 15:25:22,451 - INFO - Scanning temp directories: ['C:\\Users\\Home\\AppData\\Local\\Temp', 'C:\\ProgramData\\Temp', 'C:\\WINDOWS\\Temp']
2025-04-21 15:25:31,802 - INFO - Scan completed. Found 210 files.
2025-04-21 15:28:15,783 - INFO - Restarting with admin privileges: d:\CleanX\ui.py
2025-05-08 01:21:01,762 - WARNING - System tray module not available. System tray icon will be disabled.
2025-05-08 01:21:01,892 - INFO - TempFileFinder initialized successfully
2025-05-08 01:21:01,901 - INFO - Setting up scan tab...
2025-05-08 01:21:04,065 - INFO - Setting up duplicates tab...
2025-05-08 01:21:04,088 - INFO - Setting up stats tab...
2025-05-08 01:21:04,140 - INFO - Setting up settings tab...
2025-05-08 01:23:13,047 - INFO - Starting scan of temp directories...
2025-05-08 01:23:13,048 - INFO - Updated location buttons. Active: temp
2025-05-08 01:23:13,049 - INFO - Performing scan with location type: temp
2025-05-08 01:23:13,080 - WARNING - Pulse effect failed (non-critical): Layout PulseTButton not found
2025-05-08 01:23:13,081 - INFO - Apply filters button clicked
2025-05-08 01:23:13,142 - INFO - Scanning temp directories: ['C:\\Users\\Home\\AppData\\Local\\Microsoft\\Windows\\INetCache', 'C:\\WINDOWS\\Temp', 'C:\\Users\\Home\\AppData\\Local\\Mozilla\\Firefox\\Profiles', 'C:\\Users\\Home\\AppData\\Local\\Google\\Chrome\\User Data\\Default\\Cache', 'C:\\Users\\Home\\AppData\\Local\\Temp']
2025-05-08 01:23:13,155 - INFO - Scan completed. Found 0 files in 0.00 seconds.
2025-05-08 01:23:13,156 - INFO - Total size: 0.00 B
2025-05-08 01:23:13,252 - INFO - Scan completed. Found 4 files in 0.10 seconds.
2025-05-08 01:23:13,252 - INFO - Total size: 469.12 KB
2025-05-08 01:23:13,337 - INFO - Scan completed. Found 2 files in 0.08 seconds.
2025-05-08 01:23:13,338 - INFO - Total size: 250.00 B
2025-05-08 01:23:13,353 - INFO - Scan completed. Found 0 files in 0.02 seconds.
2025-05-08 01:23:13,355 - INFO - Total size: 0.00 B
2025-05-08 01:23:13,508 - INFO - Scan completed. Found 54 files in 0.15 seconds.
2025-05-08 01:23:13,509 - INFO - Total size: 56.73 MB
2025-05-08 01:23:13,511 - INFO - Scan completed. Found 60 files.
2025-05-08 01:23:17,562 - INFO - Start scan button clicked
2025-05-08 01:23:17,562 - INFO - Starting scan with location: temp
2025-05-08 01:23:17,563 - INFO - Performing scan with location type: temp
2025-05-08 01:23:17,589 - WARNING - Pulse effect failed (non-critical): Layout PulseTButton not found
2025-05-08 01:23:17,590 - INFO - Apply filters button clicked
2025-05-08 01:23:17,653 - INFO - Scanning temp directories: ['C:\\Users\\Home\\AppData\\Local\\Microsoft\\Windows\\INetCache', 'C:\\WINDOWS\\Temp', 'C:\\Users\\Home\\AppData\\Local\\Mozilla\\Firefox\\Profiles', 'C:\\Users\\Home\\AppData\\Local\\Google\\Chrome\\User Data\\Default\\Cache', 'C:\\Users\\Home\\AppData\\Local\\Temp']
2025-05-08 01:23:17,661 - INFO - Scan completed. Found 0 files in 0.00 seconds.
2025-05-08 01:23:17,661 - INFO - Total size: 0.00 B
2025-05-08 01:23:17,664 - INFO - Scan completed. Found 4 files in 0.00 seconds.
2025-05-08 01:23:17,666 - INFO - Total size: 469.12 KB
2025-05-08 01:23:17,695 - INFO - Scan completed. Found 2 files in 0.03 seconds.
2025-05-08 01:23:17,696 - INFO - Total size: 250.00 B
2025-05-08 01:23:17,709 - INFO - Scan completed. Found 0 files in 0.01 seconds.
2025-05-08 01:23:17,709 - INFO - Total size: 0.00 B
2025-05-08 01:23:17,729 - INFO - Scan completed. Found 54 files in 0.02 seconds.
2025-05-08 01:23:17,730 - INFO - Total size: 57.46 MB
2025-05-08 01:23:17,732 - INFO - Scan completed. Found 60 files.
2025-05-08 01:23:20,472 - INFO - Starting scan of temp directories...
2025-05-08 01:23:20,473 - INFO - Updated location buttons. Active: temp
2025-05-08 01:23:20,474 - INFO - Performing scan with location type: temp
2025-05-08 01:23:20,508 - WARNING - Pulse effect failed (non-critical): Layout PulseTButton not found
2025-05-08 01:23:20,509 - INFO - Apply filters button clicked
2025-05-08 01:23:20,555 - INFO - Scanning temp directories: ['C:\\Users\\Home\\AppData\\Local\\Microsoft\\Windows\\INetCache', 'C:\\WINDOWS\\Temp', 'C:\\Users\\Home\\AppData\\Local\\Mozilla\\Firefox\\Profiles', 'C:\\Users\\Home\\AppData\\Local\\Google\\Chrome\\User Data\\Default\\Cache', 'C:\\Users\\Home\\AppData\\Local\\Temp']
2025-05-08 01:23:20,560 - INFO - Scan completed. Found 0 files in 0.00 seconds.
2025-05-08 01:23:20,561 - INFO - Total size: 0.00 B
2025-05-08 01:23:20,563 - INFO - Scan completed. Found 4 files in 0.00 seconds.
2025-05-08 01:23:20,564 - INFO - Total size: 469.12 KB
2025-05-08 01:23:20,587 - INFO - Scan completed. Found 2 files in 0.02 seconds.
2025-05-08 01:23:20,587 - INFO - Total size: 250.00 B
2025-05-08 01:23:20,597 - INFO - Scan completed. Found 0 files in 0.01 seconds.
2025-05-08 01:23:20,598 - INFO - Total size: 0.00 B
2025-05-08 01:23:20,622 - INFO - Scan completed. Found 54 files in 0.02 seconds.
2025-05-08 01:23:20,623 - INFO - Total size: 57.46 MB
2025-05-08 01:23:20,623 - INFO - Scan completed. Found 60 files.
2025-05-08 01:23:21,447 - INFO - Starting scan of all drives...
2025-05-08 01:23:21,447 - INFO - Updated location buttons. Active: all
2025-05-08 01:23:21,448 - INFO - Performing scan with location type: all
2025-05-08 01:23:21,475 - WARNING - Pulse effect failed (non-critical): Layout PulseTButton not found
2025-05-08 01:23:21,476 - INFO - Apply filters button clicked
2025-05-08 01:23:21,524 - INFO - Scanning all drives...
2025-05-08 01:23:46,250 - INFO - Attempting to delete: D:\!Money-Bots\Alpha\logs\20250224_175437\detailed_errors.log
2025-05-08 01:23:46,251 - INFO - Successfully deleted: D:\!Money-Bots\Alpha\logs\20250224_175437\detailed_errors.log
2025-05-14 02:23:09,093 - WARNING - Matplotlib not available. Statistics charts will be disabled.
2025-05-14 02:23:09,096 - WARNING - System tray module not available. System tray icon will be disabled.
2025-05-14 02:23:09,911 - INFO - TempFileFinder initialized successfully
2025-05-14 02:23:09,916 - INFO - Setting up scan tab...
2025-05-14 02:23:11,305 - INFO - Setting up duplicates tab...
2025-05-14 02:23:11,315 - INFO - Setting up stats tab...
2025-05-14 02:23:11,333 - INFO - Setting up settings tab...
2025-05-14 02:23:14,443 - INFO - Starting scan of temp directories...
2025-05-14 02:23:14,444 - INFO - Updated location buttons. Active: temp
2025-05-14 02:23:14,444 - INFO - Performing scan with location type: temp
2025-05-14 02:23:14,454 - WARNING - Pulse effect failed (non-critical): Layout PulseTButton not found
2025-05-14 02:23:14,454 - INFO - Apply filters button clicked
2025-05-14 02:23:14,500 - INFO - Scanning temp directories: ['C:\\Users\\Home\\AppData\\Local\\Mozilla\\Firefox\\Profiles', 'C:\\WINDOWS\\Temp', 'C:\\Users\\Home\\AppData\\Local\\Temp', 'C:\\Users\\Home\\AppData\\Local\\Microsoft\\Windows\\INetCache', 'C:\\Users\\Home\\AppData\\Local\\Google\\Chrome\\User Data\\Default\\Cache']
2025-05-14 02:23:14,646 - INFO - Scan completed. Found 0 files in 0.14 seconds.
2025-05-14 02:23:14,648 - INFO - Total size: 0.00 B
2025-05-14 02:23:14,682 - INFO - Scan completed. Found 0 files in 0.03 seconds.
2025-05-14 02:23:14,683 - INFO - Total size: 0.00 B
2025-05-14 02:23:14,704 - INFO - Scan completed. Found 0 files in 0.02 seconds.
2025-05-14 02:23:14,705 - INFO - Total size: 0.00 B
2025-05-14 02:23:14,708 - INFO - Scan completed. Found 0 files in 0.00 seconds.
2025-05-14 02:23:14,708 - INFO - Total size: 0.00 B
2025-05-14 02:23:14,728 - INFO - Scan completed. Found 0 files in 0.02 seconds.
2025-05-14 02:23:14,730 - INFO - Total size: 0.00 B
2025-05-14 02:23:14,731 - INFO - Scan completed. Found 0 files.
2025-05-18 01:38:04,242 - WARNING - Matplotlib not available. Statistics charts will be disabled.
2025-05-18 01:38:04,243 - WARNING - System tray module not available. System tray icon will be disabled.
2025-05-18 01:38:04,394 - INFO - TempFileFinder initialized successfully
2025-05-18 01:38:04,397 - INFO - Setting up scan tab...
2025-05-18 01:38:05,151 - INFO - Setting up duplicates tab...
2025-05-18 01:38:05,160 - INFO - Setting up stats tab...
2025-05-18 01:38:05,172 - INFO - Setting up settings tab...
2025-05-18 01:38:18,216 - INFO - Starting scan of temp directories...
2025-05-18 01:38:18,217 - INFO - Updated location buttons. Active: temp
2025-05-18 01:38:18,217 - INFO - Performing scan with location type: temp
2025-05-18 01:38:18,224 - WARNING - Pulse effect failed (non-critical): Layout PulseTButton not found
2025-05-18 01:38:18,225 - INFO - Apply filters button clicked
2025-05-18 01:38:18,282 - INFO - Scanning temp directories: ['C:\\Users\\Home\\AppData\\Local\\Microsoft\\Windows\\INetCache', 'C:\\Users\\Home\\AppData\\Local\\Mozilla\\Firefox\\Profiles', 'C:\\WINDOWS\\Temp', 'C:\\Users\\Home\\AppData\\Local\\Temp', 'C:\\Users\\Home\\AppData\\Local\\Google\\Chrome\\User Data\\Default\\Cache']
2025-05-18 01:38:18,288 - INFO - Scan completed. Found 0 files in 0.00 seconds.
2025-05-18 01:38:18,290 - INFO - Total size: 0.00 B
2025-05-18 01:38:18,530 - INFO - Scan completed. Found 0 files in 0.24 seconds.
2025-05-18 01:38:18,530 - INFO - Total size: 0.00 B
2025-05-18 01:38:18,561 - INFO - Scan completed. Found 0 files in 0.03 seconds.
2025-05-18 01:38:18,563 - INFO - Total size: 0.00 B
2025-05-18 01:38:18,613 - INFO - Scan completed. Found 2 files in 0.04 seconds.
2025-05-18 01:38:18,614 - INFO - Total size: 3.33 MB
2025-05-18 01:38:18,631 - INFO - Scan completed. Found 0 files in 0.02 seconds.
2025-05-18 01:38:18,631 - INFO - Total size: 0.00 B
2025-05-18 01:38:18,633 - INFO - Scan completed. Found 2 files.
2025-05-18 01:38:20,840 - INFO - Start scan button clicked
2025-05-18 01:38:20,840 - INFO - Starting scan with location: temp
2025-05-18 01:38:20,841 - INFO - Performing scan with location type: temp
2025-05-18 01:38:20,848 - WARNING - Pulse effect failed (non-critical): Layout PulseTButton not found
2025-05-18 01:38:20,849 - INFO - Apply filters button clicked
2025-05-18 01:38:20,892 - INFO - Scanning temp directories: ['C:\\Users\\Home\\AppData\\Local\\Microsoft\\Windows\\INetCache', 'C:\\Users\\Home\\AppData\\Local\\Mozilla\\Firefox\\Profiles', 'C:\\WINDOWS\\Temp', 'C:\\Users\\Home\\AppData\\Local\\Temp', 'C:\\Users\\Home\\AppData\\Local\\Google\\Chrome\\User Data\\Default\\Cache']
2025-05-18 01:38:20,900 - INFO - Scan completed. Found 0 files in 0.00 seconds.
2025-05-18 01:38:20,901 - INFO - Total size: 0.00 B
2025-05-18 01:38:21,005 - INFO - Scan completed. Found 0 files in 0.10 seconds.
2025-05-18 01:38:21,005 - INFO - Total size: 0.00 B
2025-05-18 01:38:21,011 - INFO - Scan completed. Found 0 files in 0.00 seconds.
2025-05-18 01:38:21,011 - INFO - Total size: 0.00 B
2025-05-18 01:38:21,029 - INFO - Scan completed. Found 2 files in 0.02 seconds.
2025-05-18 01:38:21,029 - INFO - Total size: 3.33 MB
2025-05-18 01:38:21,042 - INFO - Scan completed. Found 0 files in 0.01 seconds.
2025-05-18 01:38:21,042 - INFO - Total size: 0.00 B
2025-05-18 01:38:21,042 - INFO - Scan completed. Found 2 files.
2025-05-18 01:38:25,325 - INFO - Starting scan of all drives...
2025-05-18 01:38:25,327 - INFO - Updated location buttons. Active: all
2025-05-18 01:38:25,327 - INFO - Performing scan with location type: all
2025-05-18 01:38:25,335 - WARNING - Pulse effect failed (non-critical): Layout PulseTButton not found
2025-05-18 01:38:25,346 - INFO - Apply filters button clicked
2025-05-18 01:38:25,390 - INFO - Scanning all drives...
2025-05-18 01:38:25,391 - ERROR - win32api module not found. Using alternative method.
2025-05-18 01:39:39,026 - INFO - Attempting to delete: D:\Models\lmstudio-community\Qwen2.5-Coder-1.5B-Instruct-GGUF\downloading_Qwen2.5-Coder-1.5B-Instruct-Q8_0.gguf.part
2025-05-18 01:39:39,056 - INFO - Successfully deleted: D:\Models\lmstudio-community\Qwen2.5-Coder-1.5B-Instruct-GGUF\downloading_Qwen2.5-Coder-1.5B-Instruct-Q8_0.gguf.part
2025-05-18 01:39:39,236 - INFO - Attempting to delete: C:\$WINDOWS.~BT\NewOS\Windows\INF\setupapi.offline.20220507_052432.log
2025-05-18 01:39:39,280 - ERROR - Error deleting file C:\$WINDOWS.~BT\NewOS\Windows\INF\setupapi.offline.20220507_052432.log: [WinError 5] Access is denied: 'C:\\$WINDOWS.~BT\\NewOS\\Windows\\INF\\setupapi.offline.20220507_052432.log'
2025-05-18 01:39:39,399 - INFO - Attempting to delete: D:\!Money-Bots\Alpha\logs\20250224_182341\detailed_errors.log
2025-05-18 01:39:39,399 - INFO - Successfully deleted: D:\!Money-Bots\Alpha\logs\20250224_182341\detailed_errors.log
2025-05-18 01:39:39,544 - INFO - Attempting to delete: D:\binbot\v3\binance_us_trading_bot_gui\old\src\trading_bot_app.py.fix.bak
2025-05-18 01:39:39,546 - INFO - Successfully deleted: D:\binbot\v3\binance_us_trading_bot_gui\old\src\trading_bot_app.py.fix.bak
2025-05-18 01:39:39,735 - INFO - Attempting to delete: C:\!HACK\hack_gui\IBM\qiskit_env\Lib\site-packages\numpy\_core\tests\__pycache__\test_multiarray.cpython-310.pyc
2025-05-18 01:39:39,739 - INFO - Successfully deleted: C:\!HACK\hack_gui\IBM\qiskit_env\Lib\site-packages\numpy\_core\tests\__pycache__\test_multiarray.cpython-310.pyc
2025-05-18 01:39:39,930 - INFO - Attempting to delete: D:\QHRF\Coherance_SIM\.venv\Lib\site-packages\mpmath\__pycache__\function_docs.cpython-310.pyc
2025-05-18 01:39:39,932 - INFO - Successfully deleted: D:\QHRF\Coherance_SIM\.venv\Lib\site-packages\mpmath\__pycache__\function_docs.cpython-310.pyc
2025-05-18 01:39:40,085 - INFO - Attempting to delete: C:\IBM_EXP\quantum_env\Lib\site-packages\mpmath\__pycache__\function_docs.cpython-310.pyc
2025-05-18 01:39:40,087 - INFO - Successfully deleted: C:\IBM_EXP\quantum_env\Lib\site-packages\mpmath\__pycache__\function_docs.cpython-310.pyc
2025-05-18 01:39:40,256 - INFO - Attempting to delete: D:\binbot\v3\v7\binance_us_trading_bot_gui\.venv\Lib\site-packages\pandas\core\indexes\__pycache__\base.cpython-310.pyc
2025-05-18 01:39:40,257 - INFO - Successfully deleted: D:\binbot\v3\v7\binance_us_trading_bot_gui\.venv\Lib\site-packages\pandas\core\indexes\__pycache__\base.cpython-310.pyc
2025-05-18 01:39:40,705 - INFO - Attempting to delete: D:\binbot\v3\v6\.venv\Lib\site-packages\idna\__pycache__\idnadata.cpython-310.pyc
2025-05-18 01:39:40,706 - INFO - Successfully deleted: D:\binbot\v3\v6\.venv\Lib\site-packages\idna\__pycache__\idnadata.cpython-310.pyc
2025-05-18 01:39:41,135 - INFO - Attempting to delete: D:\binbot\v3\v7 - Copy\binance_us_trading_bot_gui\.venv\Lib\site-packages\binance\__pycache__\async_client.cpython-310.pyc
2025-05-18 01:39:41,139 - INFO - Successfully deleted: D:\binbot\v3\v7 - Copy\binance_us_trading_bot_gui\.venv\Lib\site-packages\binance\__pycache__\async_client.cpython-310.pyc
2025-05-18 01:39:41,289 - INFO - Attempting to delete: C:\IBM_EXP\quantum_env\Lib\site-packages\ibm_platform_services\__pycache__\global_catalog_v1.cpython-310.pyc
2025-05-18 01:39:41,290 - INFO - Successfully deleted: C:\IBM_EXP\quantum_env\Lib\site-packages\ibm_platform_services\__pycache__\global_catalog_v1.cpython-310.pyc
